// ============================================================================
//
//     Copyright (c) Marvell Corporation 2023  -  All rights reserved
//
//  This computer program contains confidential and proprietary information,
//  and  may NOT  be reproduced or transmitted, in whole or in part,  in any
//  form,  or by any means electronic, mechanical, photo-optical, or  other-
//  wise, and  may NOT  be translated  into  another  language  without  the
//  express written permission from Marvell Corporation.
//
// ============================================================================
// =      C O M P A N Y      P R O P R I E T A R Y      M A T E R I A L       =
// ============================================================================
//
unsigned int PHYDATA_main[]={
0x02c80002,
0x0000210a,
0x02000000,
0x0000b009,
0x02000000,
0x0000d90a,
0x02000000,
0x0000d809,
0x02000000,
0x00005411,
0x02000000,
0x0000ea09,
0x32000000,
0x00000000,
0x32000000,
0x00000000,
0x02000000,
0x00001611,
0x02000000,
0x0000630e,
0x02000000,
0x00003e0a,
0x02000000,
0x00003611,
0x02000000,
0x0000be0f,
0x02000000,
0x00001e11,
0x32000000,
0x00000000,
0x32000000,
0x00000000,
0x32000000,
0x00000000,
0x02000000,
0x00005f0d,
0x02000000,
0x00005b0e,
0x02000000,
0x0000cf10,
0x02000000,
0x0000da0e,
0x02000000,
0x11122a11,
0xc0fe806e,
0xe0c0c894,
0xeae0c0e9,
0x94530f54,
0xc89442f0,
0x2294d022,
0x123a8175,
0x82e56a11,
0x00020360,
0xff78e4ae,
0x02fdd8f6,
0x15d3ae00,
0x031011d3,
0x559075d7,
0x02004000,
0x10000180,
0x009301d3,
0x05d355d7,
0x023011f3,
0x01f301f0,
0x75058875,
0xa9755189,
0x06b9751c,
0xadd2abd2,
0xaad2a8d2,
0xb875a9c2,
0x78c8753f,
0xc23e9a75,
0xc206c205,
0x9008c207,
0xf0e41167,
0x0ac209c2,
0x04d203d2,
0x1ec21dc2,
0xe4a76790,
0x000022f0,
0x00000000,
0x00000000,
0x00000000,
0x00000000,
0x00000000,
0x00000000,
0x00000000,
0x00000000,
0x00000000,
0x00000000,
0x00000000,
0x00000000,
0x00000000,
0x00000000,
0x00000000,
0x00000000,
0x00000000,
0x00000000,
0x00000000,
0x00000000,
0x00000000,
0x00000000,
0x00000000,
0x00000000,
0x00000000,
0x00000000,
0x00000000,
0x00000000,
0x00000000,
0x00000000,
0x00000000,
0x00000000,
0x00000000,
0x00000000,
0x00000000,
0x00000000,
0x00000000,
0x00000000,
0x00000000,
0x00000000,
0x00000000,
0x00000000,
0x00000000,
0x00000000,
0x00000000,
0x00000000,
0x00000000,
0x00000000,
0x00010007,
0x00000001,
0x00000000,
0x00000000,
0x00000000,
0x00000000,
0x00000000,
0x00000000,
0xc0000000,
0xf581e518,
0xf5052418,
0x28029081,
0x540303e0,
0x0253fa07,
0x5a609003,
0x540303e0,
0x01bbfb01,
0x02038002,
0x60906604,
0xe330e038,
0x66040203,
0x297802c0,
0x027a9679,
0xd0b30012,
0x18029002,
0xf00444e0,
0xe02de690,
0x7b6de430,
0x1b048b0a,
0x7c1e60ec,
0x64009064,
0x03c002c0,
0x1e7804c0,
0x027ab179,
0xd0b30012,
0xd003d004,
0x80e6dc02,
0xc80090dc,
0x1e7802c0,
0x027ab179,
0x78b30012,
0x7a8f79b3,
0xb3001201,
0xe0fc6090,
0x78f0fb54,
0x7a8f7962,
0xb3001201,
0xe0240090,
0xe0f0f754,
0x90f00844,
0x1e780a00,
0x027ab179,
0xd0b30012,
0x24009002,
0xf0f754e0,
0xe0600090,
0x015403c4,
0xf01d6790,
0xe05c0090,
0x90015403,
0x90f01e67,
0xc4e00024,
0x67900f54,
0x2490f024,
0x3f54e006,
0xc4cbe4fb,
0x54cb6bcb,
0xfc6bcbf0,
0xe0052490,
0xfd0f54c4,
0x6790007e,
0xf04bed25,
0xf0a34cee,
0xe0580090,
0x01542323,
0xf0216790,
0xe0580090,
0x015403c4,
0xf0226790,
0xe0102490,
0x900154c4,
0x90f02367,
0xfbe0f766,
0xf09c6790,
0xe4f76690,
0x0903baf0,
0xe0600090,
0x80f02044,
0x0702ba0a,
0xe05c0090,
0x90f00244,
0x44e01024,
0x2490f010,
0x8044e013,
0x5a6090f0,
0x1de030e0,
0x0dc20cd2,
0x900b70ea,
0x54e00024,
0xf0c0440f,
0x24902680,
0x0f54e000,
0x80f08044,
0xd20cc21b,
0x0b70ea0d,
0xe0002490,
0x30440f54,
0x900980f0,
0x54e00024,
0xf020440f,
0xe4082490,
0x90f0a3f0,
0x54e00a24,
0x2490f0c0,
0xbf54e00a,
0x062490f0,
0x443f54e0,
0x2490f080,
0xf0027407,
0xe0052490,
0x50440f54,
0x062490f0,
0xf0c054e0,
0x91794b78,
0x0012027a,
0x791478b3,
0x12027aa5,
0x0090b300,
0x5403e028,
0x4560907f,
0x302290f0,
0xa2f02b74,
0x9033e40d,
0xe0135800,
0xa2f0e592,
0x9033e40c,
0xe0135800,
0x90f0e692,
0x54e05800,
0x3978f0ef,
0x017ab179,
0x90b30012,
0x44e08025,
0x6090f001,
0xfc54e059,
0x586090f0,
0x6790f0e4,
0xf0a3f00e,
0x74276790,
0x6090f001,
0x0844e038,
0x302290f0,
0x02f02b74,
0x60909508,
0x0303e05a,
0xbafa0154,
0x03800201,
0x90980702,
0xc4e03860,
0xfa015423,
0x800201ba,
0x98070203,
0xe0386090,
0xfa0154c4,
0x800201ba,
0x98070203,
0xe0596090,
0x30fa0354,
0x60901ae1,
0x0354e059,
0x43007afb,
0x6090fc03,
0x7dfce058,
0xed024200,
0x19800342,
0xe0596090,
0x7cfd0354,
0x58609000,
0x007ffee0,
0x42ef0442,
0x8d028c05,
0x0e679003,
0xe0a3fce0,
0x9cc3eafd,
0x9deb82f5,
0x02c083f5,
0x427803c0,
0x027ab879,
0xd0b30012,
0x9002d003,
0xf0ea0e67,
0x90f0eba3,
0xf0e4b060,
0xf0ac6090,
0xf0a3f0a3,
0x6090f0a3,
0x90f0e4b2,
0xa3f0a860,
0xa3f0a3f0,
0xb16090f0,
0x6090f0e4,
0xf0a3f0e0,
0xf0a3f0a3,
0xe4b36090,
0xdc6090f0,
0xa3f0a3f0,
0x90f0a3f0,
0x54e0a560,
0x03bafa0f,
0x7b045000,
0x740f8003,
0x0002b50c,
0x0c7c0450,
0x048a0280,
0x028b038c,
0xea1a1a1a,
0x24e0252a,
0x34e4fa5b,
0x0090fb09,
0xfc93e4e8,
0xfd93e4a3,
0xec746190,
0xf0eda3f0,
0x03c002c0,
0x9379bc78,
0x0012017a,
0xd003d0b3,
0x0818a802,
0x18a80076,
0x0002b608,
0x06020340,
0xc002c0fb,
0xb0609003,
0x18a8fde0,
0xf075e608,
0xe5fea402,
0xe025cef0,
0x25ce33ce,
0xff33cee0,
0xfa7024ee,
0xfb2534ef,
0x03c0007c,
0x06c005c0,
0x02c007c0,
0x04c003c0,
0x75ac6090,
0x081200f0,
0x1582aa9b,
0x15811581,
0xd007d081,
0xd005d006,
0x902dea03,
0x90f0b060,
0xfae0b260,
0xfe6024ee,
0xff2534ef,
0x02c0007b,
0x07c006c0,
0x609003c0,
0x00f075a8,
0xab9b0812,
0x15811582,
0xd0811581,
0xfa2aeb02,
0xf0b26090,
0x18a8fee0,
0x01b4e608,
0xd033e400,
0x6002d003,
0xf3259007,
0x0680fce0,
0xe0f12590,
0x02c0fcfd,
0x2eec03c0,
0xf0b26090,
0xe0b16090,
0x0818a8fc,
0x02f075e6,
0xf0e5fda4,
0xcde025cd,
0xe025cd33,
0xedfe33cd,
0xeeff7424,
0x7bfa2534,
0xc003c000,
0xc005c004,
0xc007c006,
0x9003c002,
0xf075e060,
0x9b081200,
0x811582aa,
0x81158115,
0x05d006d0,
0x03d004d0,
0x60902cea,
0x6090f0b1,
0xedfae0b3,
0xeefd6424,
0x7bfe2534,
0xc002c000,
0xc006c005,
0xdc609003,
0x1200f075,
0x82ab9b08,
0x81158115,
0x02d08115,
0x90fa2aeb,
0xe0f0b360,
0x0818a8fe,
0x0001b4e6,
0x03d033e4,
0x076002d0,
0xe0f22590,
0x900680fc,
0xfde0f025,
0xfc2eecfc,
0xf0b36090,
0x060818a8,
0x90920502,
0xfce0b260,
0x080818a8,
0x760804a6,
0x00760800,
0xa8007608,
0xe6080818,
0xf6080808,
0x76181818,
0x00760800,
0x90007608,
0xa3e0a860,
0xe0a3fde0,
0xffe0a3fe,
0x058e048d,
0x007f068f,
0x080818a8,
0xedf646ec,
0xeef64608,
0xeff64608,
0x8af64608,
0xe4838b82,
0xe4a3fc93,
0xe4a3fd93,
0xe4a3fe93,
0x18a8ff93,
0xe6c30808,
0x9de6089c,
0x089ee608,
0x0d509fe6,
0xe0302290,
0x023bbcfc,
0x05020380,
0xf525906a,
0x0ae030e0,
0xe0f52590,
0x0203e420,
0x60906a05,
0xef54e038,
0x950802f0,
0xe0276790,
0x0201bafa,
0x08020380,
0x5a609095,
0x03e230e0,
0x90950802,
0x54e08025,
0x6090f0fe,
0xf754e038,
0x386090f0,
0xf0ef54e0,
0xe4276790,
0x216790f0,
0x580090e0,
0xe692e013,
0x226790f0,
0x580090e0,
0xe592e013,
0x791478f0,
0x12027aa5,
0x6790b300,
0x0090e01d,
0x92e01360,
0x6790f0e5,
0x0090e01e,
0x92e0135c,
0x6790f0e1,
0x2490e024,
0xf054c400,
0x54e0f0f5,
0xf0f0450f,
0xe0256790,
0xfbe0a3fa,
0x905a0f74,
0x54c40524,
0xe0f0f5f0,
0xf0450f54,
0xcac4ebf0,
0x6a0f54c4,
0xca0f54ca,
0x0253ca6a,
0x0624903f,
0xf53f54ea,
0xc054e0f0,
0x90f0f045,
0x90e02367,
0xe0131024,
0x90f0e492,
0x90e09c67,
0x90f0f766,
0x54e01324,
0x8275f07f,
0x793d7802,
0x12027a90,
0x2290b300,
0xf02b7430,
0xe04c6090,
0x7809e520,
0x7a96795e,
0xb3001202,
0xe02de690,
0x9006e430,
0x0274d367,
0x811885f0,
0xc02218d0,
0x18818518,
0x83c082c0,
0x81e5f0c0,
0x81f50b24,
0x860818a8,
0x83860882,
0xe5f08608,
0xf9042418,
0xf7556e12,
0x556e12a3,
0x12a3f709,
0xf709556e,
0x556e12a3,
0x18e5f709,
0x86f8fb24,
0x04860803,
0x8b028608,
0x8a838c82,
0x2418e5f0,
0x6e12f808,
0x12a3f655,
0xf608556e,
0x556e12a3,
0x12a3f608,
0xf608556e,
0x042418e5,
0x2418e5f8,
0x26e7f908,
0x08e709fe,
0xe709ff36,
0x09fa3608,
0xfb3608e7,
0x860818a8,
0x83860882,
0xeef08608,
0xa3576d12,
0x576d12ef,
0x6d12eaa3,
0x12eba357,
0x18e5576d,
0xc3f80824,
0x08ef96ee,
0x9608ea96,
0x509608eb,
0x01827505,
0x82750380,
0x81188500,
0x042218d0,
0x28000000,
0x87000000,
0x43000001,
0x9600000f,
0xe2000098,
0xcb0005f5,
0xe5003b9a,
0xe802540b,
0x11174876,
0x90e8d4a5,
0xff743322,
0x0b2290f0,
0xf07f54e0,
0x7501f775,
0xaa2201f7,
0x36229082,
0x2290f0ea,
0x0670e000,
0xeadae690,
0xe69022f0,
0x22f0eade,
0x82c0e0c0,
0xd0c083c0,
0xc210d075,
0x332290af,
0xc2f0f074,
0x908cc28d,
0xff743322,
0xd0afd2f0,
0xd083d0d0,
0x32e0d082,
0xd075d0c0,
0xc2afc210,
0xd28fc28e,
0xd0afd203,
0xe0c032d0,
0x83c082c0,
0xd075d0c0,
0x90afc210,
0xf2743322,
0xd16790f0,
0xf00124e0,
0x0034e0a3,
0x10c6c2f0,
0x008002c7,
0x74332290,
0xafd2f0ff,
0x83d0d0d0,
0xe0d082d0,
0xc0e0c032,
0xc083c082,
0x10d075d0,
0x74332290,
0xff74f00d,
0xd0d0d0f0,
0xd082d083,
0xe0c032e0,
0x83c082c0,
0xd075d0c0,
0x90afc210,
0x03743322,
0x1b2090f0,
0x08e130e0,
0x74532090,
0xf0e4f002,
0xe01b2090,
0x9048e230,
0x04745320,
0x90f0e4f0,
0x20e01ba3,
0x209039e5,
0xe520e007,
0x00229032,
0xe690fae0,
0xeafbe050,
0x902413b5,
0x0e744ea3,
0xf00c74f0,
0xe4f00874,
0x362290f0,
0x002290f0,
0x900770e0,
0xf0e4dae6,
0xe6900580,
0x90f0e4de,
0x54e04e22,
0x2290f0f7,
0xfb54e04e,
0x0844e0f0,
0x4e2290f0,
0xf00444e0,
0x74332290,
0xafd2f0ff,
0x83d0d0d0,
0xe0d082d0,
0xc0e0c032,
0xc083c082,
0x10d075d0,
0x818518c0,
0xc2810518,
0x332290af,
0x90f00174,
0x20e01a20,
0x0b0203e1,
0x5220906a,
0xe4f00274,
0x002290f0,
0x0560fae0,
0x801c01ba,
0x3420900e,
0xfa0154e0,
0xea51e690,
0x900c80f0,
0x54e03420,
0xe690fa01,
0x90f0ea52,
0x20e03420,
0xa09017e0,
0xef54e02f,
0x2fa090f0,
0xf0df54e0,
0xe027a390,
0x80f0f754,
0x51e69021,
0x901b60e0,
0x60e052e6,
0x2fa09015,
0xf01044e0,
0xe02fa090,
0x90f02044,
0x44e027a3,
0x2090f008,
0xe030e01b,
0x00229010,
0xe690fae0,
0xeafbe050,
0x7a0213b5,
0x1b209001,
0x03e420e0,
0x901b0d02,
0x1b745320,
0x90f0e4f0,
0xc4e00720,
0xfb015403,
0x901c01bb,
0x01743622,
0x002290f0,
0x900870e0,
0x0174dae6,
0x901f80f0,
0x0174dee6,
0x901780f0,
0xf0e43622,
0xe0002290,
0xe6900770,
0x80f0e4da,
0xdee69005,
0xa390f0e4,
0xe530e018,
0x3322900b,
0xd2f0ff74,
0x510d02af,
0xe0302290,
0x021bbbfb,
0x20bb2b80,
0xbb5f8002,
0x21800221,
0x800222bb,
0x0223bb6b,
0x24bb6680,
0xbb4b8002,
0x46800225,
0x800226bb,
0x0233bb41,
0x0c025280,
0x072090bd,
0x5403c4e0,
0x01bbfb01,
0x9005d20b,
0x0174cee6,
0x1b0d02f0,
0x020370ea,
0x22901b0d,
0xf0217431,
0x74332290,
0x2290f0ff,
0x7f54e00b,
0x01f775f0,
0x0201f775,
0x20901b0d,
0x03c4e007,
0xbafa0154,
0x03800201,
0xd21b0d02,
0x1b0d0205,
0xe0072090,
0x9023e520,
0x54e00220,
0x2290f0fb,
0xf0217431,
0x74332290,
0x2290f0ff,
0x7f54e00b,
0x01f775f0,
0x0201f775,
0x21901b0d,
0x0303e002,
0xbafa0154,
0x05d20401,
0x22907980,
0xf0227431,
0x74332290,
0x2290f0ff,
0x7f54e00b,
0x01f775f0,
0x8001f775,
0x0720905e,
0x07e530e0,
0xe0072090,
0x9029e420,
0x54e00220,
0x2190f0fb,
0xbf54e002,
0x312290f0,
0x90f02174,
0xff743322,
0x0b2290f0,
0xf07f54e0,
0x7501f775,
0x278001f7,
0xe0022190,
0x9020e220,
0x54e00221,
0x2290f0bf,
0xf0227431,
0x74332290,
0x2290f0ff,
0x7f54e00b,
0x01f775f0,
0x9001f775,
0x54e04622,
0x2290f0fd,
0xfe54e047,
0x462290f0,
0xf00244e0,
0xe0472290,
0x90f00144,
0x20e014a3,
0x22900be3,
0xf754e047,
0x0844e0f0,
0x332290f0,
0xd2f0ff74,
0x811885af,
0xd0d018d0,
0x82d083d0,
0xc032e0d0,
0xc082c0e0,
0x75d0c083,
0xafc210d0,
0x74332290,
0x2090f008,
0xe730e01a,
0x5220907a,
0xe4f08074,
0x072090f0,
0xfa0154e0,
0x906801ba,
0xfae03022,
0x80021bba,
0x0221ba0f,
0x22ba0a80,
0xba208002,
0x1b803823,
0x74312290,
0x2290f020,
0xf0ff7433,
0xe00b2290,
0x75f07f54,
0xf77501f7,
0x90218001,
0x33743122,
0x332290f0,
0x90f0ff74,
0x54e00b22,
0xf775f07f,
0x01f77501,
0x22900680,
0xf01f7431,
0x74332290,
0x2290f0ff,
0x7f54e00b,
0x01f775f0,
0x9001f775,
0x30e01a20,
0x209045e6,
0xf0407452,
0x2090f0e4,
0xe520e007,
0x36229026,
0x2290f0e4,
0x0770e000,
0xe4dae690,
0x900580f0,
0xf0e4dee6,
0xe0062090,
0xfa015423,
0x800201ba,
0x9005d202,
0x23e00620,
0x90fa0154,
0xe0130020,
0x90f0e692,
0x54e06122,
0x44e0f0bf,
0x2290f040,
0xf0ff7433,
0xd0d0afd2,
0x82d083d0,
0xc032e0d0,
0x10d075d0,
0xc032d0d0,
0xc082c0e0,
0x75d0c083,
0xafc210d0,
0x74332290,
0x2090f002,
0xe630e02b,
0x5720900f,
0xe4f04074,
0x022190f0,
0xf0bf54e0,
0xe02b2090,
0x900fe730,
0x80745720,
0x90f0e4f0,
0x54e00220,
0x2190f0fb,
0xe030e04c,
0x03209020,
0x19e630e0,
0x74312290,
0x2290f019,
0xf0ff7433,
0xe00b2290,
0x75f07f54,
0xf77501f7,
0x33229001,
0xd2f0ff74,
0xd0d0d0af,
0xd082d083,
0xe0c032e0,
0x83c082c0,
0xd075d0c0,
0x90afc210,
0x0b743322,
0x5c2690f0,
0x6ae030e0,
0x74642690,
0xf0e4f001,
0x33e407a2,
0xb42290fa,
0x2090f0ea,
0xe230e002,
0x1d072051,
0xe0792690,
0x9047e530,
0x44e07b26,
0x07d2f004,
0xe4cc6690,
0x312290f0,
0x80f02874,
0x31229031,
0x29bafae0,
0x9007c210,
0x54e07b26,
0x2690f0fe,
0xfb54e07b,
0x312290f0,
0x90f02a74,
0xff743322,
0x0b2290f0,
0xf07f54e0,
0x7501f775,
0x219001f7,
0xe530e043,
0x5b21902b,
0xf02044e0,
0xf0df54e0,
0xe07b2690,
0x9019e720,
0x30e07926,
0x219012e6,
0xe220e026,
0x7422900b,
0xf0f754e0,
0xf00844e0,
0x74332290,
0x2290f0ff,
0xe630e06c,
0x6c22900b,
0xf0bf54e0,
0xf04044e0,
0xe06d2290,
0xe0f0fe54,
0xd2f00144,
0xd0d0d0af,
0xd082d083,
0xe0c032e0,
0x83c082c0,
0xd075d0c0,
0x90afc210,
0x05743322,
0x642690f0,
0xe4f00274,
0xe406a2f0,
0x2290fa33,
0x90f0eab4,
0x30e07926,
0x06203fe6,
0x7b26903c,
0xf00244e0,
0x74312290,
0x06d2f028,
0xe4116790,
0x502290f0,
0xf0df54e0,
0xe4cc6690,
0x7b2690f0,
0x07e730e0,
0xe4042690,
0x90f0a3f0,
0x44e07a26,
0x54e0f020,
0x1002f0df,
0x792690be,
0x44e620e0,
0x90410630,
0x20e07b26,
0x22903ae4,
0xbafae031,
0x06c2172a,
0xe0782690,
0x90f0fb54,
0x54e07b26,
0x2690f0ef,
0xfd54e07b,
0x312290f0,
0x90f02974,
0xff743322,
0x0b2290f0,
0xf07f54e0,
0x7501f775,
0x4a8001f7,
0xe0792690,
0x3043e630,
0x67904006,
0x90f0e411,
0x01741067,
0x7b2690f0,
0xf0fd54e0,
0x74312290,
0x2690f029,
0xe420e07b,
0x78269021,
0xf0fb54e0,
0xe07b2690,
0x90f0ef54,
0xff743322,
0x0b2290f0,
0xf07f54e0,
0x7501f775,
0x229001f7,
0xf0ff7433,
0xd0d0afd2,
0x82d083d0,
0xc032e0d0,
0xc082c0e0,
0x75d0c083,
0xafc210d0,
0xe0022190,
0x90f0f754,
0x0a743322,
0x3a2290f0,
0x900e60e0,
0xf0e43a22,
0xe0022190,
0x80f00844,
0x9008d208,
0x2c743122,
0x332290f0,
0xd2f0ff74,
0xd0d0d0af,
0xd082d083,
0xd0c032e0,
0xd010d075,
0xd0c032d0,
0xc210d075,
0xd0afd2af,
0xd0c032d0,
0xc210d075,
0xd0afd2af,
0xe0c032d0,
0x83c082c0,
0xd075d0c0,
0x90afc210,
0xff743322,
0xd0afd2f0,
0xd083d0d0,
0x32e0d082,
0xd075d0c0,
0x10afc210,
0x00800298,
0x80029910,
0xd0afd200,
0x009032d0,
0x8e752201,
0x90afc200,
0x30e01022,
0x229014e2,
0x0e60e030,
0xe005e690,
0x9007e630,
0x44e00c42,
0x2290f020,
0xbafae000,
0x120203c0,
0x00011270,
0xe049e690,
0xfa015403,
0xf0b86790,
0xe0102290,
0x9059e230,
0x60e03022,
0x06229023,
0x0243fae0,
0x06229040,
0x6690f0ea,
0xf001742b,
0xbb79ed78,
0x0012017a,
0x49e690b3,
0xf00244e0,
0xe0124090,
0x90f00444,
0x54e01022,
0x44e0f0f7,
0x2290f008,
0x90fae000,
0xfbe050e6,
0x0b03b5ea,
0xe020a390,
0xe0f08044,
0x90f07f54,
0xf0e43022,
0xe0302290,
0x22900960,
0x90fae031,
0x90f03022,
0xf0e43122,
0x78008275,
0x7ab1791d,
0xb3001201,
0xe03c2290,
0x010243fa,
0xea3c2290,
0x302290f0,
0x781470e0,
0x7ab37999,
0xb3001201,
0xc2797378,
0x0012017a,
0x780980b3,
0x7a8e7948,
0xb3001201,
0xe02b6690,
0x900860fa,
0xfae015a2,
0x9009e630,
0x44e00b22,
0xafd2f080,
0xe0002290,
0x02c0bafa,
0x2290f680,
0xbafae030,
0x13020303,
0x0219ba7e,
0x1bba6480,
0x24130203,
0x02031eba,
0x1fba3013,
0x3c130203,
0x020320ba,
0x21ba5413,
0xba718002,
0x48800222,
0x800223ba,
0x0326ba4f,
0xba601302,
0x14020327,
0x0328ba57,
0xba6c1302,
0x13020329,
0x032aba6c,
0xba6c1302,
0x1302032b,
0x032cba96,
0xba721302,
0x2c800232,
0x800233ba,
0x033bba63,
0x028a1302,
0x20125714,
0x571402fe,
0xc6795578,
0x0012017a,
0x571402b3,
0xc979d178,
0x0012017a,
0x571402b3,
0xca795f78,
0x0012017a,
0x571402b3,
0xc7797178,
0x0012017a,
0x571402b3,
0xc8796778,
0x0012017a,
0x571402b3,
0xcf79e578,
0x0012017a,
0x571402b3,
0xce796778,
0x0012017a,
0x571402b3,
0xce79b378,
0x0012017a,
0x571402b3,
0xcf795478,
0x0012017a,
0x571402b3,
0xcb793378,
0x0012017a,
0x571402b3,
0x02b24412,
0x48785714,
0x017ade79,
0x02b30012,
0xb5785714,
0x017a8279,
0x02b30012,
0x91785714,
0x017aaf79,
0x02b30012,
0x25905714,
0xe030e080,
0x42140203,
0xe02de690,
0x903ce430,
0xfae0d367,
0x67900d60,
0xbafae0d3,
0x03800202,
0x78421402,
0x7a8f79b3,
0xb3001201,
0xe0fc6090,
0x78f00444,
0x7a8f7962,
0xb3001201,
0x74d36790,
0x6290f001,
0xfb54e04b,
0x905f80f0,
0x44e01802,
0x6790f004,
0xbafae0d3,
0x00904901,
0x791e78c8,
0x12027ab1,
0xb378b300,
0x017a8f79,
0x90b30012,
0x54e0fc60,
0x6278f0fb,
0x017a8f79,
0x90b30012,
0x54e02400,
0x44e0f0f7,
0x0090f008,
0x791e780a,
0x12027ab1,
0x0090b300,
0xf754e024,
0xd36790f0,
0x90f00274,
0x44e04b62,
0x8178f004,
0x017a8a79,
0x90b30012,
0x70e03122,
0x30229006,
0x20f02b74,
0x20900708,
0xe330e01b,
0x3a229030,
0x902260e0,
0x54e00221,
0x2090f0f7,
0x0844e053,
0xf754e0f0,
0x3a2290f0,
0x08c2f0e4,
0xe0022190,
0x80f00844,
0x3022907b,
0x80f02c74,
0x7206a273,
0x90085007,
0x28743022,
0x206580f0,
0x26901206,
0xe630e079,
0x79b6780b,
0x12017ae2,
0x5080b300,
0x90240720,
0x30e07926,
0xafc21de5,
0x74642690,
0xf0e4f001,
0x74302290,
0x2690f028,
0x0444e07b,
0xd207d2f0,
0x902980af,
0x30e0f525,
0x67900fe0,
0x60fae014,
0x30229008,
0x80f03b74,
0x08e69013,
0x0ce030e0,
0x74302290,
0x6790f003,
0xf00174b1,
0xe0312290,
0x22901360,
0x90fae031,
0x90f03022,
0xf0e43122,
0x120205c2,
0x23021270,
0xe0836090,
0x9016e420,
0x20e08360,
0x40900fe3,
0xe220e012,
0xcb679069,
0x01bafae0,
0x00229061,
0x902d70e0,
0x60e0dee6,
0xd6e6900a,
0x06bafae0,
0x75488002,
0xa4780682,
0x017a8c79,
0x12b30012,
0x82759943,
0x79a4780f,
0x12017a8c,
0x2b80b300,
0xe0dae690,
0xe6900a60,
0xbafae0d2,
0x1b800206,
0x78068275,
0x7a8c79a4,
0xb3001201,
0x75994312,
0xa4780f82,
0x017a8c79,
0x12b30012,
0x22909566,
0x5423e097,
0x01b4fa01,
0xfa33e400,
0x13972290,
0xf0e792e0,
0xaa701202,
0x7c83ab82,
0xc3007d00,
0x64ed9aec,
0x63f08b80,
0xf09580f0,
0x03902350,
0xc002c0e8,
0xc004c003,
0x791e7805,
0x12027ab1,
0x05d0b300,
0x03d004d0,
0xbc0c02d0,
0x800dd100,
0x679022ce,
0xa3f0e4d1,
0x60c875f0,
0xf5e4c6c2,
0xd2cdf5cc,
0x62c875ad,
0xe518c022,
0x2418f581,
0xc281f504,
0x60c875af,
0xe0d16790,
0xfbe0a3fa,
0x080818a8,
0x03a60808,
0x1802a618,
0x76180076,
0xafccae00,
0x7b007acd,
0x0818a800,
0x080642e6,
0x080742e6,
0x080242e6,
0x750342e6,
0xafd262c8,
0x838f828e,
0x85ebf08a,
0x18d08118,
0xc082aa22,
0x09161202,
0x83ac82ab,
0xd0fef0ad,
0x252aea02,
0xf5c024e0,
0x6434e482,
0xf0eb83f5,
0xa3f0eca3,
0xeea3f0ed,
0x18c022f0,
0x18f581e5,
0x81f50424,
0x02c082aa,
0xa8091612,
0x82a60818,
0x0883a608,
0xf608f0a6,
0x2aea02d0,
0x24fae025,
0xe482f5c0,
0x83f56434,
0xe0a3ffe0,
0xfce0a3fb,
0xa8fde0a3,
0xc3e60818,
0xe608ff9f,
0xe608fb9b,
0xe608fc9c,
0x24eafd9d,
0xe482f5c0,
0x83f56434,
0xeba3f0ef,
0xf0eca3f0,
0x85f0eda3,
0x18d08118,
0xb2639022,
0x6390fae0,
0xc0fbe0b1,
0x12828b02,
0x81150117,
0x8518c022,
0x81051881,
0x82aa8105,
0xe04f6090,
0x0203e730,
0x67909a18,
0xe5f0ea99,
0xf8fd2418,
0x67900386,
0x90f0eb9a,
0xfce0f866,
0x60902770,
0x9ac3e046,
0xa8fd9bc3,
0x05a60818,
0xe0456090,
0x280090fe,
0x7f5403e0,
0xee03c0ff,
0xfdfe9fc3,
0x180203d0,
0x6b01bc30,
0xe0a76790,
0x010653fe,
0x903000be,
0xc4e05800,
0xfe015403,
0xe0580090,
0x01542323,
0x07b5eeff,
0x90188002,
0xfee01567,
0x02c01170,
0x397803c0,
0x017ab179,
0xd0b30012,
0x9002d003,
0xc3e04660,
0x18a8fe9a,
0x9006a608,
0xfee04560,
0xffeb02c0,
0xeee09533,
0x90fe9fc3,
0x03e02800,
0x7ffa7f54,
0x9ac3ee00,
0x02d0fdfe,
0xbc301802,
0x60903202,
0xa8fee046,
0x06a60818,
0xe0456090,
0x33ffeafe,
0xc3eee095,
0xfdebfe9f,
0xeee09533,
0x90fe9dc3,
0x03e02800,
0x7ffd7f54,
0x9dc3ee00,
0x3880fdfe,
0x903503bc,
0xfce04660,
0xa60818a8,
0x45609004,
0x6790fce0,
0xeafde096,
0xe09533fe,
0xebfd2dee,
0xe09533fe,
0x2c2deeff,
0x280090fc,
0x7f5403e0,
0xec007efd,
0xfdfc9dc3,
0xc30818a8,
0x948064e6,
0xa80740c0,
0x24e60818,
0x18a8f6c0,
0xc0828608,
0xc003c002,
0x796e7805,
0x12027ab7,
0x05d0b300,
0x02d003d0,
0x8064edc3,
0x0640c694,
0xfd8024ed,
0xedc30c80,
0x3a948064,
0x80740450,
0xfcedfd2d,
0xfde09533,
0x838d828c,
0x03c002c0,
0xb8794278,
0x0012027a,
0xd003d0b3,
0x8a03c002,
0xa0181282,
0x18858115,
0x2218d081,
0x818518c0,
0x9082aa18,
0xfbe0f866,
0x03b50374,
0x02035000,
0x2bebcf19,
0xbd18902b,
0xc9180273,
0x02c91802,
0x1902f418,
0x38009060,
0x540303e0,
0x74c3fb3f,
0x63f08ba2,
0xf09580f0,
0x02900a50,
0xf354e024,
0xcf1902f0,
0xe0240290,
0x0444f354,
0xcf1902f0,
0xfd2418e5,
0xfb2ae6f8,
0xe4d21990,
0xebc3fc93,
0xf08c8064,
0x9580f063,
0x900a50f0,
0x54e02402,
0x1902f0f3,
0xd31990cf,
0xc3fc93e4,
0x8c8064eb,
0x80f063f0,
0x0c50f095,
0xe0240290,
0x0444f354,
0xcf1902f0,
0xe4d41990,
0xebc3fc93,
0xf08c8064,
0x9580f063,
0x900c50f0,
0x54e02402,
0xf00844f3,
0x90cf1902,
0x44e02402,
0x6f80f00c,
0xe0966790,
0xfa2ceafc,
0xfd2418e5,
0xfb2ae6f8,
0xe4d51990,
0xebc3fa93,
0xf08a8064,
0x9580f063,
0x900950f0,
0x54e02402,
0x4380f0f3,
0xe4d61990,
0xebc3fa93,
0xf08a8064,
0x9580f063,
0x900b50f0,
0x54e02402,
0xf00444f3,
0x19902580,
0xfa93e4d7,
0x8064ebc3,
0xf063f08a,
0x50f09580,
0x2402900b,
0x44f354e0,
0x0780f008,
0xe0240290,
0xd0f00c44,
0x11fd2218,
0x3a2d191e,
0x74302290,
0x6390f02a,
0x90fae0e8,
0xc2f0ae66,
0xed639025,
0x900660e0,
0x60e0ec63,
0xae5f1217,
0xe0cc6790,
0x900a70fa,
0x20e07660,
0x1a1203e4,
0xae5f12a0,
0xe08e6090,
0x1203e430,
0x1f120c1f,
0x595d12d4,
0xe04d6090,
0x901fe730,
0xfae01867,
0x66900a70,
0x0470e0ac,
0x028028c2,
0x282028d2,
0x8028c204,
0x2028d202,
0x28c20428,
0x28d20280,
0x1e9228a2,
0xe0446090,
0x01542323,
0x0d92ff24,
0xe0446090,
0x24015423,
0x900c92ff,
0xc4e04460,
0x66900354,
0x1b78f0f8,
0x027a9c79,
0x12b30012,
0x5c12595d,
0x9021d2fa,
0xfae0e863,
0xe0ae6690,
0x03b5eafb,
0x0180d303,
0xb32892c3,
0x90222592,
0x2a743022,
0x2221d2f0,
0x1a021ec2,
0xf3e690a5,
0x901860e0,
0xfae01666,
0x901002ba,
0xfae0f3e6,
0x02b50f74,
0x7a605000,
0x905c800f,
0x60e0f2e6,
0x16669019,
0x03bbfbe0,
0xf2e69011,
0x74fafbe0,
0x0002b50f,
0x0f7a4150,
0xe6903d80,
0x1960e0f7,
0xe0166690,
0x1104bbfb,
0xe0f7e690,
0x0f74fafb,
0x500002b5,
0x800f7a22,
0xf860901e,
0xfb0f54e0,
0xe0166690,
0x8064c3fc,
0xf063f08b,
0x40f09580,
0x80067a04,
0x90037a02,
0xff74f063,
0xf0e4a3f0,
0x74f46390,
0x74a3f0ff,
0x007bf001,
0x0002b5eb,
0x90220140,
0x60e0f3e6,
0x1666901a,
0x02bcfce0,
0x8024eb12,
0x34e482f5,
0xe083f562,
0xc66690fc,
0x907a80f0,
0x60e0f2e6,
0x1666901a,
0x03bcfce0,
0x9024eb12,
0x34e482f5,
0xe083f562,
0xc66690fc,
0x905a80f0,
0x60e0f7e6,
0x1666901a,
0x04bcfce0,
0xc024eb12,
0x34e482f5,
0xe083f562,
0xc66690fc,
0x903a80f0,
0x54e0f860,
0x6690fc0f,
0xc3fde016,
0xf08c8064,
0x9580f063,
0xeb1240f0,
0x2090fc2b,
0xa3cc930e,
0x6690fd93,
0x80f0ecc6,
0xfc2beb10,
0x93082090,
0xfd93a3cc,
0xecc66690,
0xc002c0f0,
0x50601203,
0x12595d12,
0x03d0fa1b,
0x0682750b,
0x5b7803c0,
0x017ae379,
0xd0b30012,
0x0202d003,
0x6090341b,
0xe130e08c,
0xbe639019,
0xe0a3fae0,
0x9ae4c3fb,
0xf08b8074,
0x9580f063,
0xfa33e4f0,
0x017a0280,
0xe0a06090,
0x903ee530,
0xfbe01666,
0x903604bb,
0xc4e0ca60,
0x90fb0f54,
0xfce0c566,
0x8064ebc3,
0xf063f08c,
0x40f09580,
0x5000901c,
0x5423c4e0,
0x6090fb03,
0x2323e00b,
0xebfc0354,
0x400004b5,
0x80017b04,
0xc0007b02,
0xc002c002,
0xb0641203,
0x83ad82ac,
0x02d003d0,
0xecc06390,
0xf0eda3f0,
0xe0af6390,
0xe36390fc,
0x6090fde0,
0x03c4e087,
0x8efe0754,
0xedf005f0,
0x13c30280,
0xfdfbf0d5,
0x0005b5ec,
0xfc33e4b3,
0xe0bc6390,
0xfee0a3fd,
0xe0f06390,
0xfae0a3ff,
0xee9fedc3,
0x5002d09a,
0xc5669010,
0x6690fde0,
0xedfee0c7,
0x800206b5,
0x80007d04,
0xed017d02,
0x63900f60,
0x0460e0b3,
0x0280017d,
0x70ed007d,
0x80007d04,
0xed017d02,
0x70ec0360,
0x80007d04,
0xed017d02,
0x70ea0360,
0x80007a04,
0xea017a02,
0x63900d60,
0xb4fae0b8,
0x33e40001,
0x7a0470fa,
0x7a028000,
0x0960ea01,
0x0001b4eb,
0x70fa33e4,
0x80007a04,
0xea017a02,
0x1d020360,
0xc06390b6,
0xe0a3fae0,
0xf46390fd,
0xe0a3fee0,
0x9aeec3ff,
0x8d8064ef,
0x80f063f0,
0xe4b3f095,
0x1060fa33,
0xe0c56690,
0xc76690fa,
0xb5eafde0,
0x04800205,
0x0280007a,
0x60ea017a,
0xb363900f,
0x7a0460e0,
0x7a028001,
0x0470ea00,
0x0280007a,
0x60ea017a,
0x0470ec03,
0x0280007a,
0x60ea017a,
0xb863900d,
0x01b4fae0,
0xfa33e400,
0x007a0470,
0x017a0280,
0xeb0360ea,
0x007a0470,
0x017a0280,
0xfa0370ea,
0x017a0280,
0x020360ea,
0x6390381e,
0x90fae0af,
0xfbe0e363,
0x6090007c,
0x54c4e0f9,
0x007efd0f,
0xeefb2bed,
0x007dfc3c,
0xed9beac3,
0xf08c8064,
0x9580f063,
0x33e4b3f0,
0x901860fb,
0x54e0f960,
0x6690fa0f,
0xc3fbe0c5,
0xf08a8064,
0x9580f063,
0x7a0440f0,
0x7a028000,
0x1c60ea01,
0xe0f86090,
0xfa0f54c4,
0xe0166690,
0x8a8064c3,
0x80f063f0,
0xe4b3f095,
0x0470fb33,
0x0280007a,
0x70ea017a,
0x0280fa03,
0x70ea017a,
0xe7639041,
0x03bafae0,
0xb3639014,
0x6390fae0,
0xeafbe0e7,
0xb30003b5,
0x70fa33e4,
0x80007a04,
0xea017a02,
0x66901060,
0x90fae0c5,
0xfbe0c766,
0x0003b5ea,
0x007a0440,
0x017a0280,
0xfa0370ea,
0x017a0280,
0x905b70ea,
0xfae0c566,
0xe0c76690,
0x03b5eafb,
0x0003ba05,
0x007a0440,
0x017a0280,
0x900a60ea,
0xfae0b363,
0x800203ba,
0x80007a04,
0xea017a02,
0x66902060,
0x90fae0c6,
0xfbe0c866,
0x400002b5,
0x80007a04,
0xea017a02,
0x80fa0370,
0xea017a02,
0x007a0470,
0x017a0280,
0xfa0370ea,
0x017a0280,
0x901b70ea,
0xfae0b363,
0xe0e76390,
0x0002b5fb,
0x007a0440,
0x017a0280,
0xfa0370ea,
0x017a0280,
0xeaad6690,
0x0360e0f0,
0x22fa5c02,
0xe0be6390,
0xfbe0a3fa,
0xe0ca6690,
0xe09533fc,
0x9cc3eafd,
0xfb9debfa,
0xe0000290,
0xfc0f54c4,
0x80020bbc,
0x74c32201,
0x80749a28,
0xf063f08b,
0x50f09580,
0x00009015,
0x440f54e0,
0x0290f040,
0x0f54e004,
0x02f04044,
0x74c3cd1f,
0x80749a1e,
0xf063f08b,
0x50f09580,
0x00009014,
0x440f54e0,
0x0290f030,
0x0f54e004,
0x80f03044,
0x1474c354,
0x8b80749a,
0x80f063f0,
0x1450f095,
0xe0000090,
0x20440f54,
0x040290f0,
0x440f54e0,
0x3180f020,
0x9a0a74c3,
0xf08b8074,
0x9580f063,
0x901450f0,
0x54e00000,
0xf010440f,
0xe0040290,
0x10440f54,
0x900e80f0,
0x54e00000,
0x0290f00f,
0x0f54e004,
0xc96690f0,
0x22f00174,
0xe0cc6790,
0x900770fa,
0x30e07660,
0x902201e4,
0xc4e00002,
0xbafa0f54,
0x6390190b,
0x0a70e0b7,
0xe0a86390,
0x0032bafa,
0x02900940,
0x0f54e000,
0x22f0d044,
0x00060000,
0x0000000b,
0x00040002,
0x00090006,
0x82aa000b,
0x007c017b,
0x0002b5ec,
0x10303550,
0xc002c017,
0x79f07804,
0x12017ad0,
0x82adb300,
0x02d004d0,
0x1580038d,
0x04c002c0,
0xc0792578,
0x0012017a,
0xd082adb3,
0x8d02d004,
0x0370eb03,
0x8bc5800c,
0x007a2282,
0x900a1030,
0x23e019a3,
0x80fb0154,
0x19a3900a,
0x542323e0,
0x90fbfc01,
0xfce01666,
0x04b50474,
0xec664000,
0x20902c2c,
0x2002738a,
0xa4200299,
0x02af2002,
0x2002c220,
0xfb6390d6,
0x92e013eb,
0x4580f0e3,
0xebfb6390,
0xe492e013,
0x903a80f0,
0x13ebfb63,
0xf0e592e0,
0xe0fb6390,
0xfafd0154,
0x63902780,
0xe013ebfb,
0x90f0e692,
0x03e0fb63,
0xfafd0154,
0x63901380,
0xe013ebfb,
0x90f0e792,
0x03e0fb63,
0xfb015403,
0x0002bcfa,
0xb4ea0f40,
0x33e40001,
0x124090fa,
0xe292e013,
0x007a22f0,
0xe46fe790,
0xa36790f0,
0x012490f0,
0xf0df54e0,
0xe0022490,
0x90f0fe54,
0xc0745720,
0x90f0e4f0,
0xc4e03320,
0x90fb0f54,
0x90f02966,
0x54e02ce6,
0x058bfc0f,
0x8064edc3,
0xf063f08c,
0x40f09580,
0x2ce69008,
0xfc0f54e0,
0x296690fb,
0x2190f0eb,
0x54c4e017,
0x6690fc0f,
0xe690f02a,
0x0f54e02c,
0xc3068cfd,
0x8d8064ee,
0x80f063f0,
0x0840f095,
0xe02ce690,
0xfcfd0f54,
0xec2a6690,
0x156690f0,
0xb5ebfde0,
0x66901305,
0xecfbe016,
0x900a03b5,
0xfbe02b66,
0x27020370,
0x16a390a3,
0xfb0754e0,
0x020304bb,
0x2190a327,
0xbf54e002,
0x022090f0,
0xf0fb54e0,
0xb37802c0,
0x017a8f79,
0xd0b30012,
0x29669002,
0x6690fbe0,
0x6690f015,
0x6690e02a,
0x75ebf016,
0xfba450f0,
0x0424f0ac,
0x34ec82f5,
0xe083f56c,
0x8e6790fd,
0x0424ebf0,
0x6c34ecfb,
0x8c828bfc,
0x24e0a383,
0x901092ff,
0xfbe00022,
0xe050e690,
0x04b5ebfc,
0x79b8780d,
0x12027acc,
0x017ab300,
0xa3901c80,
0x0303e04f,
0xbbfb0154,
0xf2800201,
0xe04ea390,
0x015403c4,
0x0201bbfb,
0x828ae480,
0xf07802c0,
0x017ac579,
0xd0b30012,
0x6fe79002,
0x900860e0,
0x8374b422,
0x900680f0,
0x7374b422,
0x308275f0,
0xc07802c0,
0x017a8c79,
0xd0b30012,
0x15a29002,
0xe220fbe0,
0x0022901c,
0xe690fbe0,
0xebfce050,
0x900e04b5,
0x44e02c82,
0x8390f010,
0x4044e010,
0x1202c0f0,
0x02d02932,
0xe06fe790,
0x22900860,
0xf08474b4,
0x22900680,
0xf07474b4,
0xc0318275,
0x79c07802,
0x12017a8c,
0x02d0b300,
0xe06fe790,
0x0601bbfb,
0x746fe790,
0xa290f002,
0x20fbe015,
0xe7904ee2,
0xa3fbe05a,
0x828bfce0,
0x02c0838c,
0xb1791e78,
0x0012027a,
0x9002d0b3,
0xfbe00022,
0xe050e690,
0x04b5ebfc,
0x2c82900e,
0xf0ef54e0,
0xe0108390,
0x90f0bf54,
0xfbe062e7,
0x8bfce0a3,
0xc0838c82,
0x791e7802,
0x12027ab1,
0x02d0b300,
0x74b42290,
0x6690f034,
0x2290e015,
0x6790f0b5,
0x90fbe08e,
0xa2f0b722,
0x9033e410,
0x90f0ba22,
0xfce09067,
0xf0bb2290,
0xe0002290,
0x50e690fd,
0xb5edfee0,
0x03800206,
0x90762402,
0x54e0bc82,
0x3fe7900f,
0xbc8290f0,
0x0f54c4e0,
0xf03ee790,
0xe0b88290,
0xf03de790,
0xe019a390,
0x01542323,
0xf03ce790,
0xe0b48290,
0x4ce790fd,
0x6e1020f0,
0x0804b5eb,
0xe017a290,
0x62e730fb,
0xe08e6790,
0x02c082f5,
0xd07f2912,
0x1c669002,
0x0f60fbe0,
0xf17802c0,
0x027acb79,
0xd0b30012,
0xc03f8002,
0x790b7802,
0x12017ac2,
0x02d0b300,
0xe0bc8290,
0xe7900f54,
0x8290f043,
0x54c4e0bc,
0x42e7900f,
0xb88290f0,
0x41e790e0,
0x19a390f0,
0x542323e0,
0x40e79001,
0xb48290f0,
0xe790fbe0,
0x6690f04d,
0xbbfbe016,
0xe6901c02,
0x1f54e0ca,
0xe6901460,
0x1f54e0ca,
0x348390fb,
0xf0f51f54,
0x45e054e0,
0x6690f0f0,
0xbbfbe016,
0xe6901c03,
0x1f54e0fb,
0xe6901460,
0x1f54e0fb,
0x348390fb,
0xf0f51f54,
0x45e054e0,
0x6690f0f0,
0xbbfbe016,
0xe6901c04,
0x1f54e0fa,
0xe6901460,
0x1f54e0fa,
0x348390fb,
0xf0f51f54,
0x45e054e0,
0xa390f0f0,
0xe020e04f,
0x7802c00d,
0x7acb79f1,
0xb3001202,
0x669002d0,
0x70fbe024,
0x0f260203,
0x902a1030,
0x54e00483,
0x2fe7900f,
0x088390f0,
0x5403c4e0,
0x2ee79007,
0x0c8390f0,
0x2de790e0,
0x19a390f0,
0x015423e0,
0x2ce790fb,
0x071030f0,
0xe04ea390,
0x900be530,
0xfbe015a2,
0x0203e720,
0xa290b125,
0x30fbe017,
0x0fa20fe2,
0x82f533e4,
0x2d1202c0,
0x8002d043,
0x0182750a,
0x2d1202c0,
0x9002d043,
0xfbe015a2,
0x900be330,
0xfbe02b66,
0x020301bb,
0xe790b125,
0x0670e061,
0xe060e790,
0xe7902a60,
0x8390e061,
0x5423c408,
0xe0f0f5e0,
0xf0451f54,
0x60e790f0,
0x8390fbe0,
0x8390f00c,
0x4044e004,
0xbf54e0f0,
0xb12502f0,
0xf07802c0,
0x017ad079,
0xabb30012,
0x9002d082,
0xf0ebc122,
0xe02b6690,
0xeb0b60fc,
0xa2900860,
0x30fce017,
0x02c05fe0,
0xd979af78,
0x0012017a,
0x79f078b3,
0x12017ad0,
0x82acb300,
0x038c02d0,
0x901570eb,
0xfce06fe7,
0x500002bc,
0x6fe7900b,
0x900cfce0,
0xf0ec6fe7,
0x902a1030,
0x54e00483,
0x33e7900f,
0x088390f0,
0x5403c4e0,
0x32e79007,
0x0c8390f0,
0x31e790e0,
0x19a390f0,
0x015423e0,
0x30e790fc,
0x166690f0,
0x1e70fce0,
0xe0cbe690,
0x1660f054,
0xe0cbe690,
0xfc0f54c4,
0xc4f88290,
0xf0f5f054,
0x450f54e0,
0x6690f0f0,
0xbcfce016,
0xe6901d01,
0x0f54e0cb,
0xe6901560,
0x0f54e0cb,
0xf88290fc,
0xf5f054c4,
0x0f54e0f0,
0x90f0f045,
0x20e04ea3,
0x02c00de5,
0xcc795178,
0x0012027a,
0xc002d0b3,
0x799e7802,
0x12027acc,
0x2290b300,
0xf08574b4,
0x78328275,
0x7a8c79c0,
0xb3001201,
0x780a0090,
0x7ab1791e,
0xb3001202,
0x103002d0,
0x6fe79013,
0x01bcfce0,
0x17a2900b,
0xe620fce0,
0xfb210203,
0x02031430,
0x0c90a327,
0xef54e088,
0x000e90f0,
0xf0fd54e0,
0xe0000c90,
0x78f0f754,
0x7a8679d9,
0xb3001202,
0xe0002290,
0x50e690fa,
0xb5eafce0,
0x66903804,
0x70fae01c,
0x3c839031,
0x015403e0,
0x2601bafa,
0xe0bde690,
0xf0cee590,
0xe0bde690,
0x25d88290,
0x54e025e0,
0xe0f0f5fc,
0xf0450354,
0x79d978f0,
0x12027abf,
0x6290b300,
0x7f54e058,
0x54202590,
0xe0f0f57f,
0xf0458054,
0x596290f0,
0x907f54e0,
0x7f542125,
0x54e0f0f5,
0xf0f04580,
0xe0166690,
0x3a04bafa,
0xe0136090,
0x1ae790fc,
0xfd3f54e0,
0x909dc3ec,
0xe0251000,
0xfc54e025,
0x54e0f0f5,
0xf0f04503,
0xe01ee790,
0xfde0a3fc,
0xec722190,
0xf0eda3f0,
0xe0712190,
0x02f01044,
0x70eaa327,
0x24e79061,
0x901860e0,
0xfae024e7,
0x25100090,
0x54e025e0,
0xe0f0f5fc,
0xf0450354,
0x901680f0,
0xfae01360,
0x25100090,
0x54e025e0,
0xe0f0f5fc,
0xf0450354,
0x16e790f0,
0xe0a3fae0,
0x19604afc,
0xe016e790,
0xfce0a3fa,
0xea722190,
0xf0eca3f0,
0xe0712190,
0x80f01044,
0x71219026,
0xf0ef54e0,
0x60901d80,
0x90fae013,
0xe0251000,
0xfc54e025,
0x54e0f0f5,
0xf0f04503,
0xe0712190,
0x90f0ef54,
0xfae01666,
0x02b50174,
0x90234000,
0x60e019a2,
0x19a2901d,
0x048afae0,
0x1260ec1a,
0xc0e80390,
0x791e7802,
0x12027ab1,
0x02d0b300,
0x8275e880,
0x1a20120a,
0x902a1030,
0x54e00483,
0x5fe7900f,
0x088390f0,
0x5403c4e0,
0x5ee79007,
0x0c8390f0,
0x5de790e0,
0x19a390f0,
0x015423e0,
0x5ce790fa,
0x791a78f0,
0x12017aed,
0x1030b300,
0x8e67900b,
0x6790fae0,
0x0980f091,
0xe08e6790,
0x906790fa,
0xa44212f0,
0x78966212,
0x7acc79e5,
0xb3001202,
0xe016a390,
0x0c600754,
0x785a0090,
0x7ab1791e,
0xb3001202,
0xe0016090,
0x90f0fb54,
0x44e01f21,
0x0090f004,
0x791e780a,
0x12027ab1,
0x2190b300,
0xfb54e01f,
0x382290f0,
0x6790f0e4,
0x6790e08e,
0x6790f08f,
0xf00174a3,
0xe4cb6790,
0x166690f0,
0x02bafae0,
0xef609008,
0x80f00174,
0x0803ba14,
0x74f36090,
0x0980f001,
0x900604ba,
0x0174cb60,
0x050090f0,
0xb1791e78,
0x0012027a,
0x796278b3,
0x12017a8f,
0xa290b300,
0x20fae015,
0x82751ee4,
0x1a20120a,
0x038a82aa,
0xe033a090,
0xbb05e630,
0x08800201,
0x74b42290,
0xe280f086,
0xe0002290,
0x50e690fa,
0xb5eafbe0,
0x10305f03,
0x0483902a,
0x900f54e0,
0x90f037e7,
0xc4e00883,
0x90075403,
0x90f036e7,
0x90e00c83,
0x90f035e7,
0x23e019a3,
0x90fa0154,
0x90f034e7,
0x54e0bc82,
0x47e7900f,
0xbc8290f0,
0x0f54c4e0,
0xf046e790,
0xe0b88290,
0xf045e790,
0xe019a390,
0x01542323,
0xf044e790,
0xe0b48290,
0x4ee790fa,
0x5e2012f0,
0xe42b6690,
0x05e690f0,
0x0ee630e0,
0xe00c4290,
0x9007e530,
0x54e00c42,
0x2190f0df,
0x4044e002,
0x022090f0,
0xf00444e0,
0x74302290,
0xc022f02c,
0x18818518,
0x81058105,
0xa39082aa,
0x5403e019,
0x2290fb01,
0xf03574b4,
0xe0f075eb,
0xf0acfba4,
0xe074058b,
0xc4eafe2c,
0xfae05423,
0x3ee4fd2d,
0x8e828dfe,
0xfde0a383,
0x05b50174,
0x900a4000,
0x54e016a3,
0x04befe07,
0x90007d02,
0xf0ed1ee6,
0xe074058b,
0x2deafe2c,
0x3ee482f5,
0x90e083f5,
0x54c4dc82,
0xe0f0f570,
0xf0458f54,
0x74058bf0,
0xeafe2ce0,
0x3ee4fd2d,
0x8e828dfe,
0xe0a3a383,
0xf0a48290,
0xe074058b,
0x2deafe2c,
0xfe3ee4fd,
0x838e828d,
0xe0a3a3a3,
0xc4a08290,
0xf0f53054,
0x45cf54e0,
0x058bf0f0,
0xfe2ce074,
0xe4fd2dea,
0x0674fe3e,
0xe482f52d,
0xe083f53e,
0xc4a88290,
0xf0f5f054,
0x450f54e0,
0x058bf0f0,
0xfe2ce074,
0xe4fd2dea,
0x0774fe3e,
0xe482f52d,
0xe083f53e,
0x139c8290,
0xf0e192e0,
0xe0d48290,
0xfd015423,
0x8b4201bd,
0x2ce07405,
0xfd2deafe,
0x74fe3ee4,
0x82f52d0b,
0x83f53ee4,
0xe88290e0,
0x74058bf0,
0xeafe2ce0,
0x3ee4fd2d,
0x2d0c74fe,
0x3ee482f5,
0xfde083f5,
0x03e48290,
0xf5c05403,
0x3f54e0f0,
0x80f0f045,
0x74058b40,
0xeafe2ce0,
0x3ee4fd2d,
0x2d0974fe,
0x3ee482f5,
0x90e083f5,
0x8bf0e882,
0x2ce07405,
0xfd2deafe,
0x74fe3ee4,
0x82f52d0a,
0x83f53ee4,
0x8290fde0,
0x540303e4,
0xe0f0f5c0,
0xf0453f54,
0x74058bf0,
0xeafe2ce0,
0x3ee4fd2d,
0x2d0d74fe,
0x3ee482f5,
0x90e083f5,
0x1f543483,
0x54e0f0f5,
0xf0f045e0,
0xe074058b,
0x2deafe2c,
0xfe3ee4fd,
0xf52d0e74,
0xf53ee482,
0x8290e083,
0xf50354a8,
0xfc54e0f0,
0x8bf0f045,
0x2ce07405,
0xfd2deafe,
0x74fe3ee4,
0x82f52d0f,
0x83f53ee4,
0xa88290e0,
0xe025e025,
0xf0f50c54,
0x45f354e0,
0x058bf0f0,
0xfe2ce074,
0xe4fd2dea,
0x1074fe3e,
0xe482f52d,
0xe083f53e,
0xf04ae690,
0x0c8290e0,
0xf5f054c4,
0x0f54e0f0,
0x90f0f045,
0x90e04be6,
0x0f540c82,
0x54e0f0f5,
0xf0f045f0,
0xe074058b,
0x2deafe2c,
0xfe3ee4fd,
0xf52d1174,
0xf53ee482,
0x8290e083,
0x540303ec,
0xe0f0f5c0,
0xf0453f54,
0x74058bf0,
0xeafe2ce0,
0x3ee4fd2d,
0x2d1274fe,
0x3ee482f5,
0x90e083f5,
0x8bf008a0,
0x2ce07405,
0xfd2deafe,
0x74fe3ee4,
0x82f52d13,
0x83f53ee4,
0x09a090e0,
0xf0f50354,
0x45fc54e0,
0x058bf0f0,
0xfe2ce074,
0xe4fd2dea,
0x1574fe3e,
0xe482f52d,
0xe083f53e,
0x0818a8fd,
0x760805a6,
0x0818a800,
0x18f608e6,
0x078b0076,
0xfd2ce074,
0xe4ff2fea,
0x1474fd3d,
0xe482f52f,
0xe083f53d,
0xa8007efd,
0x26ed0818,
0x3608eef6,
0x14e690f6,
0xf08dfde0,
0x18a8f005,
0xe6098008,
0x08f6e025,
0x18f633e6,
0x90f4f0d5,
0x18a81ce6,
0xa3f0e608,
0x8bf0e608,
0x2ce07405,
0xfd2deafe,
0x74fe3ee4,
0x82f52d16,
0x83f53ee4,
0xc08290e0,
0xe492e013,
0x74058bf0,
0xeafe2ce0,
0x3ee4fd2d,
0x2d1874fe,
0x3ee482f5,
0x90e083f5,
0xe02509a0,
0x3c54e025,
0x54e0f0f5,
0xf0f045c3,
0xe074058b,
0x2deafe2c,
0xfe3ee4fd,
0xf52d1974,
0xf53ee482,
0xa090e083,
0x058bf00e,
0xfe2ce074,
0xe4fd2dea,
0x1a74fe3e,
0xe482f52d,
0xe083f53e,
0x540fa090,
0xe0f0f51f,
0xf045e054,
0x2ce074f0,
0xfa2beafc,
0x74fd3ce4,
0x82f52a08,
0x83f53de4,
0x3c8390e0,
0xe192e013,
0x002290f0,
0xe690fae0,
0xeafbe050,
0x201c03b5,
0xa3901910,
0x0754e016,
0x0f03bafa,
0xe0156690,
0x0704bafa,
0xe03c8390,
0x90f00244,
0x3974b422,
0x811885f0,
0xc02218d0,
0xf581e518,
0xf5042418,
0x9082aa81,
0x03e018a3,
0xfb015403,
0x74b42290,
0x13a2f036,
0xfdfc33e4,
0x02c0007e,
0x05c003c0,
0x06c004c0,
0x12200190,
0x82ac706d,
0x811583ae,
0x05d08115,
0x02d003d0,
0xfcc024ec,
0xfee134ee,
0x90f075eb,
0xf0affba4,
0x3eeffc2c,
0xf075eafe,
0x2cfaa424,
0x3ee482f5,
0xfce083f5,
0x04b50174,
0x900a4000,
0x54e016a3,
0x04befe07,
0x90007c02,
0xf0ec1fe6,
0x02c0007c,
0x07c003c0,
0x04c005c0,
0x12200190,
0x18a8706d,
0xa6080808,
0x83a60882,
0x81158115,
0x03d007d0,
0x18e502d0,
0xe6f80324,
0x08fec024,
0xfce134e6,
0xeffe2eeb,
0x2eeafc3c,
0xfc3ce4fe,
0x838c828e,
0xe0a3a3a3,
0xc4f08290,
0xf5785403,
0x8754e0f0,
0x90f0f045,
0x23e0d482,
0xbcfc0154,
0x03800201,
0xe5df2e02,
0xf8032418,
0xfcc024e6,
0xe134e608,
0xfc2cebfd,
0xeafd3def,
0x3de4fc2c,
0x2c0674fd,
0x3de482f5,
0x90e083f5,
0xe5f0f482,
0xf8032418,
0xfcc024e6,
0xe134e608,
0xfc2cebfd,
0xeafd3def,
0x3de4fc2c,
0x2c0774fd,
0x3de482f5,
0x90e083f5,
0xe025f082,
0xf0f50654,
0x45f954e0,
0x18e5f0f0,
0xe6f80324,
0x08fcc024,
0xfde134e6,
0xeffc2ceb,
0x2ceafd3d,
0xfd3de4fc,
0xf52c1574,
0xf53de482,
0xa090e083,
0x18e5f010,
0xe6f80324,
0x08fcc024,
0xfde134e6,
0xeffc2ceb,
0x2ceafd3d,
0xfd3de4fc,
0xf52c1674,
0xf53de482,
0x90fce083,
0x035411a0,
0x54e0f0f5,
0xf0f045fc,
0xe5932f02,
0xf8032418,
0xfcc024e6,
0xe134e608,
0xfc2cebfd,
0xeafd3def,
0x3de4fc2c,
0x8d828cfd,
0xa3a3a383,
0x8290e0a3,
0x18e5f0f4,
0xe6f80324,
0x08fcc024,
0xfde134e6,
0xeffc2ceb,
0x2ceafd3d,
0xfd3de4fc,
0x838d828c,
0xa3a3a3a3,
0x8290e0a3,
0x54e025f0,
0xe0f0f506,
0xf045f954,
0x2418e5f0,
0x24e6f803,
0xe608fcc0,
0xebfde134,
0x3deffc2c,
0xfc2ceafd,
0x74fd3de4,
0x82f52c13,
0x83f53de4,
0x10a090e0,
0x2418e5f0,
0x24e6f803,
0xe608fcc0,
0xebfde134,
0x3deffc2c,
0xfc2ceafd,
0x74fd3de4,
0x82f52c14,
0x83f53de4,
0xa090fce0,
0xf5035411,
0xfc54e0f0,
0xe5f0f045,
0xf8032418,
0xfcc024e6,
0xe134e608,
0xfc2cebfd,
0xeafd3def,
0x3de4fc2c,
0x2c0d74fd,
0x3de482f5,
0x90e083f5,
0x90f04be6,
0x90e04ae6,
0x54c40c82,
0xe0f0f5f0,
0xf0450f54,
0x4be690f0,
0x0c8290e0,
0xf0f50f54,
0x45f054e0,
0x18e5f0f0,
0xe6f80324,
0x08fcc024,
0xfde134e6,
0xeffc2ceb,
0x2ceafd3d,
0xfd3de4fc,
0xf52c0e74,
0xf53de482,
0x8390e083,
0x3054c410,
0x54e0f0f5,
0xf0f045cf,
0x032418e5,
0xc024e6f8,
0x34e608fc,
0x2cebfde1,
0xfd3deffc,
0xe4fc2cea,
0x0874fd3d,
0xe482f52c,
0xe083f53d,
0xc4f88290,
0xf0f5f054,
0x450f54e0,
0x18e5f0f0,
0xe6f80324,
0x08fcc024,
0xfde134e6,
0xeffc2ceb,
0x2ceafd3d,
0xfd3de4fc,
0xf52c0f74,
0xf53de482,
0x8390e083,
0x92e01300,
0x18e5f0e2,
0xe6f80324,
0x08fcc024,
0xfde134e6,
0xeffc2ceb,
0x2ceafd3d,
0xfd3de4fc,
0xf52c1074,
0xf53de482,
0x8290e083,
0x540303fc,
0xe0f0f5c0,
0xf0453f54,
0x2418e5f0,
0x24e6f803,
0xe608fcc0,
0xebfde134,
0x3deffc2c,
0xfc2ceafd,
0x74fd3de4,
0x82f52c11,
0x83f53de4,
0xfc8290e0,
0xf53054c4,
0xcf54e0f0,
0xe5f0f045,
0xf8032418,
0xfcc024e6,
0xe134e608,
0xfc2cebfd,
0xeafd3def,
0x3de4fc2c,
0x2c1274fd,
0x3de482f5,
0x90e083f5,
0xe025f882,
0xf0f50e54,
0x45f154e0,
0x18e5f0f0,
0xe6f80324,
0x08fcc024,
0xfde134e6,
0xeffc2ceb,
0x2ceafd3d,
0xfd3de4fc,
0xf52c0a74,
0xf53de482,
0xa8fce083,
0x04a60818,
0xa8007608,
0x08e60818,
0x007618f6,
0x032418e5,
0xc024e6f8,
0x34e608fe,
0x2eebfce1,
0xfc3ceffe,
0xe4fe2eea,
0x0974fc3c,
0xe482f52e,
0xe083f53c,
0xa8007dfc,
0x26ec0818,
0x3608edf6,
0x14e690f6,
0xf08cfce0,
0x18a8f005,
0xe6098008,
0x08f6e025,
0x18f633e6,
0x90f4f0d5,
0x18a818e6,
0xa3f0e608,
0xe5f0e608,
0xf8032418,
0xfcc024e6,
0xe134e608,
0xfc2cebfd,
0xeafd3def,
0x3de4fc2c,
0x2c1874fd,
0x3de482f5,
0x90e083f5,
0x0f540ca0,
0x54e0f0f5,
0xf0f045f0,
0x032418e5,
0xc024e6f8,
0x34e608fc,
0x2cebfde1,
0xfd3deffc,
0xe4fc2cea,
0x1974fd3d,
0xe482f52c,
0xe083f53d,
0xf016a090,
0x032418e5,
0xc024e6f8,
0x34e608fc,
0x2cebfde1,
0xff3deffb,
0xe4fa2bea,
0x1a74fc3f,
0xe482f52a,
0xe083f53c,
0x5417a090,
0xe0f0f51f,
0xf045e054,
0xb42290f0,
0x85f03974,
0x18d08118,
0x15669022,
0x90fbfae0,
0x3374b422,
0x0002baf0,
0x20901850,
0x7f54e037,
0x072190f0,
0xf07f54e0,
0xe00c2090,
0x02f0f754,
0x20900133,
0x8044e037,
0x072190f0,
0xf08044e0,
0xe00c2090,
0xbaf00844,
0xe6903202,
0x5423e0c5,
0x5a609001,
0xe792e013,
0xc5e690f0,
0x542323e0,
0x5a609001,
0xe692e013,
0xc5e690f0,
0x5403c4e0,
0x6090fc01,
0x92e0135a,
0x6580f0e5,
0x903203ba,
0xc4e0c5e6,
0x60900154,
0x92e0135a,
0xe690f0e7,
0x23c4e0c5,
0x60900154,
0x92e0135a,
0xe690f0e6,
0x0303e0c5,
0x90fc0154,
0xe0135a60,
0x80f0e592,
0xc4e69030,
0x5423c4e0,
0x5a609001,
0xe792e013,
0xc4e690f0,
0x540303e0,
0x5a609001,
0xe692e013,
0xc4e690f0,
0x015403e0,
0x5a6090fc,
0xe592e013,
0x002290f0,
0xe690fce0,
0xecfde050,
0x202005b5,
0xa3901d10,
0x0754e016,
0x1303bcfc,
0x900904ba,
0x44e03c83,
0x0780f002,
0xe03c8390,
0x90f0fd54,
0xfae015a2,
0x9020e120,
0xfae01666,
0x500004ba,
0x0082750c,
0x411203c0,
0x8003d091,
0x0182750a,
0x411203c0,
0xeb03d091,
0xa450f075,
0x24f0acfa,
0xec82f504,
0x83f56c34,
0x6790fde0,
0x02bdf08e,
0x16a39013,
0xfe0754e0,
0xc20903be,
0xb067900f,
0x0a80f0ed,
0x92ff24ed,
0xb067900f,
0x24eaf0ed,
0x34ecfd04,
0x828dfe6c,
0xe0a3838e,
0x1092ff24,
0xfd0424ea,
0xfe6c34ec,
0xfd2d3774,
0x8dfe3ee4,
0xe0838e82,
0x00900760,
0x2044e060,
0x0424eaf0,
0x6c34ecfd,
0x2d3574fe,
0xfe3ee4fd,
0x838e828d,
0x900760e0,
0x44e06000,
0x24eaf080,
0x34ecfd04,
0x3174fe6c,
0x3ee4fd2d,
0x8e828dfe,
0x0760e083,
0xe05c0090,
0x90f00844,
0x54e016a3,
0x900a7007,
0xfde02b66,
0x34020370,
0x0424ea9a,
0x6c34ecfd,
0x2d3874fe,
0xfe3ee4fd,
0x838e828d,
0x900760e0,
0x44e06000,
0x24eaf010,
0x34ecfd04,
0x3674fe6c,
0x3ee4fd2d,
0x8e828dfe,
0x0760e083,
0xe0600090,
0xeaf04044,
0xecfd0424,
0x74fe6c34,
0xe4fd2d34,
0x828dfe3e,
0x60e0838e,
0x5c009007,
0xf00144e0,
0xfd0424ea,
0xfe6c34ec,
0xfd2d3274,
0x8dfe3ee4,
0xe0838e82,
0x00900760,
0x0444e05c,
0x0424eaf0,
0x6c34ecfd,
0x2d3374fe,
0xfe3ee4fd,
0x838e828d,
0x900760e0,
0x44e05c00,
0x24eaf002,
0x34ecfd04,
0x828dfe6c,
0xa3a3838e,
0x0290e0a3,
0xf5075458,
0xf854e0f0,
0xeaf0f045,
0xecfd0424,
0x8dfe6c34,
0xa3838e82,
0x90e0a3a3,
0x07543020,
0x54e0f0f5,
0xf0f045f8,
0xfd0424ea,
0xfe6c34ec,
0xf52d1a74,
0xf53ee482,
0x0290e083,
0x25e02528,
0xf51c54e0,
0xe354e0f0,
0xeaf0f045,
0xecfd0424,
0x74fe6c34,
0x82f52d1b,
0x83f53ee4,
0x280290e0,
0xe05423c4,
0x54e0f0f5,
0xf0f0451f,
0xfd0424ea,
0xfe6c34ec,
0xf52d2374,
0xf53ee482,
0x0290e083,
0x54e02538,
0xe0f0f50e,
0xf045f154,
0x026090f0,
0x0354c4e0,
0x2de025fd,
0x73483590,
0x02543502,
0x35025c35,
0x6c350264,
0x74780090,
0x1680f024,
0x74780090,
0x0e80f084,
0x74780090,
0x0680f02b,
0x74780090,
0x0290f042,
0x0303e028,
0x20fd0754,
0x360203e2,
0x02609000,
0x542323e0,
0xe025fd03,
0x9135902d,
0x9d350273,
0x02b63502,
0x3502cf35,
0x6c0290e8,
0x0474fde0,
0xfd40445d,
0xf06c0290,
0xe0600290,
0x02f00844,
0x02907a36,
0x74fde06c,
0x82445d04,
0x6c0290fd,
0x600290f0,
0xf00844e0,
0x907a3602,
0xfde06c02,
0x445d0474,
0x0290fd5b,
0x0290f06c,
0x0844e060,
0x7a3602f0,
0xe06c0290,
0x5d0474fd,
0x90fd8a44,
0x90f06c02,
0x44e06002,
0x7a80f008,
0xe0026090,
0x03542323,
0x2de025fd,
0x73103690,
0x021c3602,
0x36023436,
0x6436024c,
0xe06c0290,
0x5d0474fd,
0x90fd2044,
0x90f06c02,
0x44e06002,
0x4680f008,
0xe06c0290,
0x5d0474fd,
0x90fd8044,
0x90f06c02,
0x44e06002,
0x2e80f008,
0xe06c0290,
0x5d0474fd,
0x90fd2b44,
0x90f06c02,
0x54e06002,
0x1680f0f7,
0xe06c0290,
0x5d0474fd,
0x90fd4244,
0x90f06c02,
0x54e06002,
0x24eaf0f7,
0x34ecfd04,
0x4374fe6c,
0xe482f52d,
0xe083f53e,
0xf76690fd,
0xcd6790f0,
0x24eaf0e4,
0x34ecfe04,
0x4474ff6c,
0xe482f52e,
0xe083f53f,
0x540b2490,
0xe0f0f503,
0xf045fc54,
0x166690f0,
0x04befee0,
0x902a4000,
0x54e07062,
0x9017600f,
0x54e07062,
0x0290fe0f,
0xf054c408,
0x54e0f0f5,
0xf0f0450f,
0x02902c80,
0x0f54e008,
0x80f0e044,
0x0424ea21,
0x6c34ecfe,
0x2e4574ff,
0x3fe482f5,
0xfee083f5,
0xc4080290,
0xf0f5f054,
0x450f54e0,
0xb4edf0f0,
0x33e40001,
0x13102490,
0xf0e492e0,
0xed0c2490,
0xe692e013,
0x0424eaf0,
0x6c34ecfd,
0x2d0874fe,
0x3ee482f5,
0x90e083f5,
0xe0135326,
0xeaf0e792,
0xecfd0424,
0x74fe6c34,
0x82f52d06,
0x83f53ee4,
0x302690e0,
0xe292e013,
0x0424eaf0,
0x6c34ecfd,
0x2d0774fe,
0x3ee482f5,
0x90e083f5,
0xe0134d26,
0xc0f0e292,
0xc003c002,
0x79387804,
0x12027ada,
0x04d0b300,
0x02d003d0,
0xe016a390,
0x0a700754,
0xe02b6690,
0x020370fd,
0x03c0c43d,
0xe0236690,
0x246690fd,
0xff5dfee0,
0x33e410a2,
0x02900742,
0xe013ef58,
0x90f0e392,
0xc4e05802,
0x90015423,
0xe0132120,
0xeaf0e092,
0xecfb0424,
0x8bff6c34,
0xa3838f82,
0xe0a3a3a3,
0xc4480090,
0xf5e05423,
0x1f54e0f0,
0xeaf0f045,
0xecfb0424,
0x8bff6c34,
0xa3838f82,
0xa3a3a3a3,
0x480090e0,
0xe025e025,
0xf0f51c54,
0x45e354e0,
0x24eaf0f0,
0x34ecfb04,
0x0e74ff6c,
0xe482f52b,
0xe083f53f,
0x034c0090,
0xf5c05403,
0x3f54e0f0,
0xeaf0f045,
0xecfb0424,
0x74ff6c34,
0x82f52b0f,
0x83f53fe4,
0x4c0090e0,
0xe025e025,
0xf0f50c54,
0x45f354e0,
0x24eaf0f0,
0x34ecfb04,
0x1074ff6c,
0xe482f52b,
0xe083f53f,
0xc44c0090,
0xf0f53054,
0x45cf54e0,
0x24eaf0f0,
0x34ecfb04,
0x1174ff6c,
0xe482f52b,
0xe083f53f,
0xc4002390,
0xf0f53054,
0x45cf54e0,
0x24eaf0f0,
0x34ecfb04,
0x1274ff6c,
0xe482f52b,
0xe083f53f,
0xf0242190,
0xfb0424ea,
0xff6c34ec,
0xf52b1374,
0xf53fe482,
0x2190e083,
0xf5035425,
0xfc54e0f0,
0xeaf0f045,
0xecfb0424,
0x74ff6c34,
0x82f52b14,
0x83f53fe4,
0x252690e0,
0xe192e013,
0x0424eaf0,
0x6c34ecfb,
0x2b1574ff,
0x3fe482f5,
0x90e083f5,
0xe0132521,
0xeaf0e792,
0xecfb0424,
0x74ff6c34,
0x82f52b16,
0x83f53fe4,
0x262190e0,
0xe092e013,
0x0424eaf0,
0x6c34ecfb,
0x2b1774ff,
0x3fe482f5,
0xfbe083f5,
0xf0af6790,
0x800202bb,
0x8003d004,
0x9003d010,
0x54e016a3,
0x03bfff07,
0x800ec204,
0x8e67900e,
0xff24ffe0,
0x67900e92,
0xc0f0efaf,
0x0424ea03,
0x6c34ecff,
0x2f1874fb,
0x3be482f5,
0x52ee83f5,
0x0542e005,
0xed580290,
0xe492e013,
0x0424eaf0,
0x6c34ecfb,
0x2b1c74fd,
0x3de482f5,
0x90e083f5,
0xe0252c00,
0xf0f51e54,
0x45e154e0,
0x24eaf0f0,
0x34ecfb04,
0x1d74fd6c,
0xe482f52b,
0xe083f53d,
0x54140290,
0xe0f0f503,
0xf045fc54,
0x0424eaf0,
0x6c34ecfb,
0x2b1e74fd,
0x3de482f5,
0x90e083f5,
0x03031c00,
0xf0f5c054,
0x453f54e0,
0x24eaf0f0,
0x34ecfb04,
0x1e74fd6c,
0xe482f52b,
0xe083f53d,
0xe23003d0,
0x74009009,
0xf04044e0,
0x00900780,
0xbf54e074,
0x0424eaf0,
0x6c34ecfd,
0x2d1f74fe,
0x3ee482f5,
0x90e083f5,
0x03542000,
0x54e0f0f5,
0xf0f045fc,
0xfd0424ea,
0xfe6c34ec,
0xf52d1f74,
0xf53ee482,
0x30fde083,
0x009009e2,
0x8044e074,
0x900780f0,
0x54e07400,
0x24eaf07f,
0x34ecfd04,
0x2074fe6c,
0xe482f52d,
0xe083f53e,
0x13700090,
0xf0e392e0,
0xfd0424ea,
0xfe6c34ec,
0xf52d2174,
0xf53ee482,
0x0290e083,
0x5423c438,
0xe0f0f5e0,
0xf0451f54,
0x0424eaf0,
0x6c34ecfd,
0x2d2274fe,
0x3ee482f5,
0x90e083f5,
0xe0133802,
0xc0f0e492,
0xc003c002,
0x79877804,
0x12027adc,
0x04d0b300,
0x02d003d0,
0xfd0424ea,
0xfe6c34ec,
0xf52d2c74,
0xf53ee482,
0x2190e083,
0x3054c463,
0x54e0f0f5,
0xf0f045cf,
0xfd0424ea,
0xfe6c34ec,
0xf52d2d74,
0xf53ee482,
0x2190e083,
0x24eaf068,
0x34ecfd04,
0x2e74fe6c,
0xe482f52d,
0xe083f53e,
0x54692190,
0xe0f0f53f,
0xf045c054,
0x0424eaf0,
0x6c34ecfd,
0x2d2f74fe,
0x3ee482f5,
0x90e083f5,
0xeaf06421,
0xecfd0424,
0x74fe6c34,
0x82f52d30,
0x83f53ee4,
0x652190e0,
0xf0f50354,
0x45fc54e0,
0x24eaf0f0,
0x34ecfd04,
0x2874fe6c,
0xe482f52d,
0xe083f53e,
0x25600290,
0xf50654e0,
0xf954e0f0,
0xeaf0f045,
0xecfd0424,
0x74fe6c34,
0x82f52d29,
0x83f53ee4,
0x600290e0,
0xe092e013,
0x0424eaf0,
0x6c34ecfd,
0x2d2a74fe,
0x3ee482f5,
0x90e083f5,
0xeaf06802,
0xecfd0424,
0x74fe6c34,
0x82f52d2b,
0x83f53ee4,
0x600290e0,
0xe592e013,
0x0424eaf0,
0x6c34ecfd,
0x2d4674fe,
0x3ee482f5,
0x90e083f5,
0xeaf03666,
0xecfd0424,
0x74fe6c34,
0x82f52d47,
0x83f53ee4,
0x376690e0,
0x0424eaf0,
0x6c34ecfd,
0x2d4874fe,
0x3ee482f5,
0x25e083f5,
0x0290fde0,
0x53fee074,
0x42ed0106,
0x74029006,
0x24eaf0ee,
0x34ecfe04,
0x4974ff6c,
0xe482f52e,
0xe083f53f,
0xfef054c4,
0xfd5e7074,
0xe0800090,
0x8f0653fe,
0x900642ed,
0xf0ee8000,
0x901904bb,
0x54e016a3,
0x03befe07,
0x8000900f,
0x0643fee0,
0x80009004,
0x0d80f0ee,
0xe0800090,
0xfb0653fe,
0xee800090,
0x0424eaf0,
0x6c34ecfe,
0x2e3974ff,
0x3fe482f5,
0x90e083f5,
0xe0134c00,
0xeaf0e192,
0xecfe0424,
0x74ff6c34,
0x82f52e3a,
0x83f53fe4,
0x192490e0,
0xe292e013,
0x0424eaf0,
0x6c34ecfe,
0x2e3b74ff,
0x3fe482f5,
0x90e083f5,
0xe0131924,
0xeaf0e392,
0xecfe0424,
0x74ff6c34,
0x82f52e3c,
0x83f53fe4,
0x1a2490e0,
0xe292e013,
0x0424eaf0,
0x6c34ecfe,
0x2e3d74ff,
0x3fe482f5,
0x90e083f5,
0xe0131a24,
0xeaf0e392,
0xecfe0424,
0x74ff6c34,
0x82f52e3e,
0x83f53fe4,
0x1d2490e0,
0xe292e013,
0x0424eaf0,
0x6c34ecfe,
0x2e3f74ff,
0x3fe482f5,
0x90e083f5,
0xe0131d24,
0xeaf0e392,
0xecfe0424,
0x74ff6c34,
0x82f52e40,
0x83f53fe4,
0x1e2490e0,
0xe292e013,
0x0424eaf0,
0x6c34ecfe,
0x2e4174ff,
0x3fe482f5,
0x90e083f5,
0xe0131e24,
0xeaf0e392,
0xecfe0424,
0x74ff6c34,
0x82f52e42,
0x83f53fe4,
0x0d2490e0,
0xe092e013,
0x0424eaf0,
0x6c34ecfe,
0x2e3874ff,
0x3fe482f5,
0x90e083f5,
0xe0136000,
0xeaf0e492,
0xecfe0424,
0x74ff6c34,
0x82f52e36,
0x83f53fe4,
0x600090e0,
0xe692e013,
0x0424eaf0,
0x6c34ecfe,
0x2e3474ff,
0x3fe482f5,
0x90e083f5,
0xe0135c00,
0xeaf0e092,
0xecfe0424,
0x74ff6c34,
0x82f52e32,
0x83f53fe4,
0x5c0090e0,
0xe292e013,
0x0424eaf0,
0x6c34ecfe,
0x2e3374ff,
0x3fe482f5,
0xfee083f5,
0x135c0090,
0xf0e192e0,
0xfe0424ea,
0xff6c34ec,
0xf52e3774,
0xf53fe482,
0x0090e083,
0x92e01360,
0x24eaf0e5,
0x34ecfe04,
0x3574ff6c,
0xe482f52e,
0xe083f53f,
0x600090fe,
0xe792e013,
0x0424eaf0,
0x6c34ecfa,
0x2a3174fc,
0x3ce482f5,
0xfae083f5,
0x135c0090,
0xf0e392e0,
0x901970eb,
0xfae08000,
0x90880243,
0xf0ea8000,
0x0253fae0,
0x800090fd,
0x2e80f0ea,
0xe0280290,
0x07540303,
0x04e130fa,
0x0280807a,
0x058a007a,
0xe0280290,
0x01540303,
0x0542e025,
0xe0800090,
0x42fa7554,
0x80009005,
0x6690f0ed,
0xbafae016,
0xe7902304,
0x0960e064,
0xe064e790,
0x800090fa,
0x080290f0,
0x0f54c4e0,
0xf07d6290,
0xe0800090,
0x7c6290fa,
0xb52290f0,
0x90f06874,
0x90e08000,
0x90f0b522,
0xfae0f760,
0xf005f08b,
0x007c017b,
0x2beb0680,
0xfc33ecfb,
0x7df7f0d5,
0x0352ea00,
0xeb0452ed,
0x9008604c,
0x0174cc67,
0x900580f0,
0xf0e4cc67,
0x74b42290,
0xc022f039,
0x18818518,
0x81058105,
0xb379c478,
0x0012027a,
0xe582aab3,
0x9533fb83,
0xc0fdfce0,
0xc003c002,
0x9005c004,
0xf5e48a01,
0x716e12f0,
0x83ab82aa,
0xe5fdf0ac,
0xf5fc2481,
0x2a787481,
0x3bf974fa,
0x3c0174fb,
0xfd3de4fc,
0xe0c0e874,
0xe0c00374,
0xc0e0c0e4,
0x8b828ae0,
0xedf08c83,
0xaa926d12,
0xe583ab82,
0xf5fc2481,
0x6f629081,
0x007dfce0,
0xeb9ceac3,
0xf08d8064,
0x9580f063,
0x7c0650f0,
0x80077d05,
0x6e629046,
0x007ffee0,
0xeb9eeac3,
0xf08f8064,
0x9580f063,
0x7c0650f0,
0x80097d07,
0x6d62902a,
0x007ffee0,
0xeb9eeac3,
0xf08f8064,
0x9580f063,
0x7c0650f0,
0x800b7d09,
0x6d62900e,
0xffbafae0,
0x7c045000,
0x900b7d09,
0xc4e03082,
0xecfa0f54,
0x900f02b5,
0xc4e03882,
0xedfa0f54,
0x020302b5,
0x82908b41,
0x54c4ec30,
0xe0f0f5f0,
0xf0450f54,
0x460090f0,
0x05c004c0,
0xb1791e78,
0x0012027a,
0xd005d0b3,
0x30829004,
0xf50f54ec,
0xf054e0f0,
0x90f0f045,
0x05c04600,
0xb1791e78,
0x0012027a,
0x9005d0b3,
0xc4ed3882,
0xf0f5f054,
0x450f54e0,
0x0090f0f0,
0x7805c046,
0x7ab1791e,
0xb3001202,
0x829005d0,
0x0f54ed38,
0x54e0f0f5,
0xf0f045f0,
0xc0460090,
0x791e7805,
0x12027ab1,
0x05d0b300,
0xed488290,
0xf5f054c4,
0x0f54e0f0,
0x90f0f045,
0x05c04600,
0xb1791e78,
0x0012027a,
0x9005d0b3,
0x54ed4882,
0xe0f0f50f,
0xf045f054,
0x460090f0,
0x1e7805c0,
0x027ab179,
0xd0b30012,
0x40829005,
0xf054c4ed,
0x54e0f0f5,
0xf0f0450f,
0xc0460090,
0x791e7805,
0x12027ab1,
0x05d0b300,
0xed408290,
0xf0f50f54,
0x45f054e0,
0x0090f0f0,
0x7805c046,
0x7ab1791e,
0xb3001202,
0x829005d0,
0x54c4ed70,
0xe0f0f5f0,
0xf0450f54,
0x460090f0,
0x1e7805c0,
0x027ab179,
0xd0b30012,
0x70829005,
0xf50f54ed,
0xf054e0f0,
0x90f0f045,
0x05c04600,
0xb1791e78,
0x0012027a,
0x9005d0b3,
0xc4ed7882,
0xf0f5f054,
0x450f54e0,
0x0090f0f0,
0x7805c046,
0x7ab1791e,
0xb3001202,
0x829005d0,
0x0f54ed78,
0x54e0f0f5,
0xf0f045f0,
0xc0460090,
0x791e7805,
0x12027ab1,
0x05d0b300,
0xed808290,
0xf5f054c4,
0x0f54e0f0,
0x90f0f045,
0x05c04600,
0xb1791e78,
0x0012027a,
0x9005d0b3,
0x54ed8082,
0xe0f0f50f,
0xf045f054,
0x460090f0,
0xb1791e78,
0x0012027a,
0x988290b3,
0x44e354e0,
0x0090f018,
0x791e7846,
0x12027ab1,
0x8290b300,
0x1f54e098,
0x90f0c044,
0x1e784600,
0x027ab179,
0x85b30012,
0x18d08118,
0xfa82e522,
0x42020360,
0x18029067,
0x44cf54e0,
0x8290f010,
0x0f54e048,
0x90f09044,
0x54e04882,
0xf00944f0,
0xe0308290,
0x90440f54,
0x308290f0,
0x44f054e0,
0x8290f009,
0x0f54e038,
0x90f09044,
0x54e03882,
0xf00944f0,
0xe0408290,
0x90440f54,
0x408290f0,
0x44f054e0,
0x8290f009,
0xe354e098,
0x90f00c44,
0x54e09882,
0xf060441f,
0xe0708290,
0x90440f54,
0x708290f0,
0x44f054e0,
0x8290f009,
0x0f54e080,
0x90f09044,
0x54e08082,
0xf00944f0,
0xe0788290,
0x90440f54,
0x788290f0,
0x44f054e0,
0x8290f009,
0x1f54e028,
0x90f06044,
0x54e01c82,
0x0090f03f,
0x791e78c8,
0x12027ab1,
0x6090b300,
0xf001740d,
0xe00c0290,
0x0844f354,
0x740090f0,
0x44c754e0,
0x9022f020,
0x44e01802,
0x3e12f030,
0x1c8290cf,
0x443f54e0,
0x0090f080,
0x791e78c8,
0x12027ab1,
0x8290b300,
0xe044e028,
0x0d6090f0,
0x90f00874,
0x44e00c02,
0x0090f00c,
0xc754e074,
0x22f01844,
0xe1791278,
0x0002027a,
0x293212b3,
0xe0002290,
0x50e690fa,
0xb5eafbe0,
0x10202d03,
0x16a39013,
0xfa0754e0,
0x902003ba,
0xf5e08e67,
0x7f290282,
0xe01fe690,
0xe40fa2fa,
0x02b5fb33,
0x0fa22201,
0x82f533e4,
0x22432d02,
0xe01ee690,
0xe05423c4,
0xe07cfbfa,
0x838c828b,
0xa3a3a3a3,
0xa48290e0,
0x8ae07bf0,
0xa3838b82,
0xa3a3a3a3,
0xa08290e0,
0xf53054c4,
0xcf54e0f0,
0x90f0f045,
0x54e019a3,
0xa222f0fd,
0xfa33e413,
0xe01fe690,
0xc0007cfb,
0xc002c003,
0x20019004,
0xaa706d12,
0x1583ac82,
0xd0811581,
0xc024ea03,
0xe134ecfd,
0xf075ebfe,
0x2dfba424,
0xfe3ee4fd,
0xf52d0b74,
0xf53ee482,
0x8290e083,
0x24eaf0f4,
0x34ecfac0,
0x2aebfce1,
0xfd3ce4fb,
0xf52b0c74,
0xf53de482,
0x8290e083,
0x54e025f0,
0xe0f0f506,
0xf045f954,
0x18a390f0,
0xf0fb54e0,
0x16669022,
0x04bafae0,
0x90074000,
0x20e0fc60,
0x782201e0,
0x7ab379c4,
0xb3001202,
0x83e582aa,
0xe09533fb,
0x02c0fdfc,
0x04c003c0,
0x019005c0,
0xf0f5e48a,
0xaa716e12,
0xac83ab82,
0x81e5fdf0,
0x81f5fc24,
0xfa2a7874,
0xfb3bf974,
0xfc3c0174,
0x74fd3de4,
0x74e0c0e8,
0xe4e0c003,
0xe0c0e0c0,
0x838b828a,
0x12edf08c,
0x82aa926d,
0x81e583ab,
0x81f5fc24,
0xe0686290,
0xfde0a3fc,
0xfc0124ec,
0x8aff34ed,
0x9cc3ee06,
0x02c082f5,
0x4c7803c0,
0x027ab679,
0xacb30012,
0xd003d082,
0x64ecc302,
0x50859480,
0x02c02201,
0x3e1203c0,
0xd003d0cf,
0x2aff7402,
0xfb3be4fa,
0xea686290,
0xf0eba3f0,
0x788b7522,
0xd2ec8d75,
0x9003c28e,
0x44e07926,
0x2690f080,
0x1044e07b,
0x782690f0,
0xf00444e0,
0xe0792690,
0x9014e630,
0x70e03122,
0x3360900e,
0x015423e0,
0xe801bafa,
0xc2e50330,
0x908fc28e,
0x54e07826,
0x2690f0fb,
0xef54e07b,
0x3006c2f0,
0x26900726,
0x7f54e079,
0x06a222f0,
0x03400772,
0x90724702,
0x54e01024,
0x2978f0fd,
0x027a9679,
0x90b30012,
0xf0e41567,
0xf0a36790,
0xe0792690,
0x300ae630,
0x26900706,
0x0244e07b,
0x792690f0,
0x0ae530e0,
0x90070730,
0x44e07b26,
0x2690f004,
0xe630e079,
0x3906303c,
0xe0166690,
0x0f02bafa,
0xe0ef6090,
0x200343fb,
0xebef6090,
0xba2280f0,
0x60900f03,
0x43fbe0f3,
0x60902003,
0x80f0ebf3,
0x0d04ba10,
0xe0cb6090,
0x200243fa,
0xeacb6090,
0x792690f0,
0x3ce530e0,
0x90390730,
0xfae01666,
0x900f02ba,
0xfbe0ef60,
0x90040343,
0xf0ebef60,
0x03ba2280,
0xf360900f,
0x0343fbe0,
0xf3609004,
0x1080f0eb,
0x900d04ba,
0xfae0cb60,
0x90040243,
0xf0eacb60,
0x74062290,
0x8275f001,
0x5d161201,
0xe0f76690,
0x903970fa,
0xfae01666,
0x901304ba,
0x44e01121,
0x0090f002,
0x791e7832,
0x12027ab1,
0x4712b300,
0x166690d1,
0x04bafae0,
0x11219013,
0xf0fd54e0,
0x78320090,
0x7ab1791e,
0xb3001202,
0x12018275,
0x22908616,
0x20f0e406,
0x46020306,
0x196790be,
0x4a70fae0,
0xe07b2690,
0x90f00844,
0x44e08360,
0x6690f040,
0xbafae016,
0x60901002,
0x43fbe0ef,
0x60904003,
0x02f0ebef,
0x03ba6346,
0xf360900f,
0x0343fbe0,
0xf3609040,
0x4b80f0eb,
0x904804ba,
0xfae0cb60,
0x90400243,
0xf0eacb60,
0x66903980,
0xbafae016,
0x60900f02,
0x43fbe0ef,
0x6090c003,
0x80f0ebef,
0x0f03ba22,
0xe0f36090,
0xc00343fb,
0xebf36090,
0xba1080f0,
0x60900d04,
0x43fae0cb,
0x6090c002,
0x12f0eacb,
0x26905944,
0xfd54e07b,
0x836090f0,
0xf00844e0,
0xe0836090,
0x903ce620,
0xfae01666,
0x901002ba,
0x20e068e7,
0x639009e0,
0x0144e0fb,
0xba2480f0,
0xe7901003,
0xe120e068,
0xfb639009,
0xf00244e0,
0x04ba1180,
0x68e7900e,
0x07e220e0,
0xe0fb6390,
0x90f00444,
0x54e01240,
0x0710f0fb,
0x99470203,
0xe07b2690,
0x90f00144,
0x30e07926,
0x229006e5,
0xf360e031,
0xe0196790,
0x903c70fa,
0xfae01666,
0x901002ba,
0xfbe0ef60,
0x90080343,
0xf0ebef60,
0xba544702,
0x60900f03,
0x43fbe0f3,
0x60900803,
0x80f0ebf3,
0x4804ba4b,
0xe0cb6090,
0x080243fa,
0xeacb6090,
0x903980f0,
0xfae01666,
0x900f02ba,
0xfbe0ef60,
0x90180343,
0xf0ebef60,
0x03ba2280,
0xf360900f,
0x0343fbe0,
0xf3609018,
0x1080f0eb,
0x900d04ba,
0xfae0cb60,
0x90180243,
0xf0eacb60,
0xe07b2690,
0x90f0fe54,
0x54e07b26,
0x2690f0fb,
0x7f54e07a,
0x836090f0,
0xf01044e0,
0x5f122780,
0x966212ae,
0x78018275,
0x7a90793d,
0xb3001202,
0xe07b2690,
0x90f0fd54,
0x54e07b26,
0x2690f0fb,
0x7f54e079,
0x302290f0,
0x90f02b74,
0x23e04e60,
0xfa015423,
0x900701ba,
0x54e01024,
0x1ec2f0df,
0xe4116790,
0x5b2190f0,
0xe4f06074,
0x386090f0,
0xf0bf54e0,
0xe0791278,
0x0002017a,
0x114812b3,
0x209f4b12,
0x1f302e23,
0x07e69023,
0x05e230e0,
0x80971a12,
0xcc6790eb,
0x0c70fae0,
0xe0766090,
0x1205e420,
0xd880d819,
0xd48021d2,
0x12d12030,
0xcc801168,
0x90d44e12,
0xf0e4d867,
0x78269022,
0xf0fb54e0,
0xe07b2690,
0x90f0ef54,
0x54e07b26,
0x2690f0f7,
0x7f54e079,
0x7b2690f0,
0xf0fe54e0,
0xe07a2690,
0x90f07f54,
0x54e01c26,
0x2690f07f,
0xfe54e01d,
0x836090f0,
0x6612f0e4,
0x790b7810,
0x12027ae7,
0xc478b300,
0x027ab379,
0xaab30012,
0xfb83e582,
0xfce09533,
0xc002c0fd,
0xc004c003,
0x8a019005,
0x12f0f5e4,
0x82aa716e,
0xf0ac83ab,
0x2481e5fd,
0x7481f5fc,
0x74fa2a78,
0x74fb3bf9,
0xe4fc3c01,
0xe874fd3d,
0x0374e0c0,
0xc0e4e0c0,
0x8ae0c0e0,
0x8c838b82,
0x6d12edf0,
0xab82aa92,
0x2481e583,
0x7481f5fc,
0x74fc2a09,
0x90fd3b01,
0xf0ec6062,
0xc0f0eda3,
0x1203c002,
0x03d09566,
0x629002d0,
0xa3f0ea62,
0xe690f0eb,
0xe220e007,
0x79e37809,
0x12017ae4,
0x6690b300,
0xf00174cc,
0x67901ec2,
0xb306a218,
0xd2f033e4,
0x780cd20d,
0x7a9e79f0,
0xb3001201,
0xe0640290,
0x1044e754,
0xc3e690f0,
0x0754c4e0,
0xc40c0290,
0xf0f57054,
0x458f54e0,
0x5d12f0f0,
0x576090d7,
0x2720f0e4,
0xc5490203,
0xe0166690,
0x02bae4fa,
0x60fb0401,
0x2ce69012,
0x0be630e0,
0xe0efe690,
0x576090fc,
0xba2880f0,
0xe6901203,
0xe730e02c,
0xede6900b,
0x6090fce0,
0x1380f057,
0x901004ba,
0x30e02ce6,
0xe69009e4,
0x90fce0f5,
0xebf05760,
0xe6901260,
0xe030e02d,
0xeee6900b,
0x6690fbe0,
0x3480f0ca,
0x901203ba,
0x30e02de6,
0xe6900be1,
0x90fbe0ec,
0x80f0ca66,
0x1204ba1f,
0xe02ce690,
0x900be530,
0xfae0f4e6,
0xf0ca6690,
0x66900a80,
0x80f0e4ca,
0x595d1203,
0x12030630,
0xe6900060,
0xe230e007,
0x60902201,
0xe130e04c,
0xa74a0203,
0xe0166690,
0x4b04bafa,
0xe0fce690,
0x901de720,
0x90e07d62,
0x54c40802,
0xe0f0f5f0,
0xf0450f54,
0x7c6290f0,
0x0090fae0,
0x1b80f080,
0xe067e790,
0xc4080290,
0xf0f5f054,
0x450f54e0,
0xe790f0f0,
0x90fae066,
0x90f08000,
0x1e782c01,
0x027ab179,
0x90b30012,
0xc4e05b60,
0x66900f54,
0x6090f0c6,
0x54c4e08f,
0xc566900f,
0x506012f0,
0xe0766090,
0x9022e630,
0xfae01666,
0x901a04ba,
0x23e08e60,
0xfa035423,
0xc4500090,
0xf5185403,
0xe754e0f0,
0x80f0f045,
0x50009007,
0xf01844e0,
0xe0500090,
0x90f00644,
0x44e05000,
0x0090f001,
0x8044e054,
0xf86690f0,
0x1b78f0e4,
0x027a9c79,
0x12b30012,
0x6790ed16,
0x90f0e41a,
0x54e03a60,
0xff24fa01,
0x60902492,
0xe220e03a,
0x9c4b0203,
0xe0166690,
0x0d02bafa,
0xe0e76090,
0x90fb0f54,
0x80f0c666,
0x0e03ba1c,
0xe0e76090,
0xfa0f54c4,
0xf0c66690,
0x60900b80,
0x0f54e0fd,
0xc66690fa,
0x8f6090f0,
0x900f54e0,
0x12f0c566,
0x1ec25060,
0xe0786090,
0xf0c16690,
0xe0796090,
0xf0c26690,
0xe07a6090,
0xf0c36690,
0xe0186790,
0x904060fa,
0xfae01666,
0x900b02ba,
0xfbe0e7e6,
0xf0c46690,
0x03ba6b80,
0xe5e6900b,
0x6690fae0,
0x5d80f0c4,
0xe0036090,
0x900de530,
0x54e0fce6,
0x6690fa3f,
0x4980f0c4,
0xe0f8e690,
0xc46690fa,
0x903e80f0,
0xfae01666,
0x900b02ba,
0xfbe0e6e6,
0xf0c46690,
0x03ba2b80,
0xc1e6900b,
0x6690fae0,
0x1d80f0c4,
0xe0036090,
0x900de530,
0x54e0fce6,
0x6690fa3f,
0x0980f0c4,
0xe0f9e690,
0xc46690fa,
0xc65212f0,
0x90006002,
0xfae01867,
0x21301260,
0x8023d204,
0xc21fd24e,
0xac669020,
0x4380f0e4,
0xe0ed6390,
0x63901760,
0x1170e0ec,
0x74186790,
0x1fd2f001,
0x669020c2,
0x80f0e4ac,
0x06213026,
0x20d21fc2,
0x22301d80,
0xc21fd211,
0xac669020,
0x6790f0e4,
0xf0017418,
0x66900980,
0xc2f0e4ac,
0x2020d21f,
0x21c20623,
0x25c222c2,
0x76609022,
0x09e630e0,
0xe0166690,
0x0104bafa,
0x50009022,
0x600654e0,
0x5000900b,
0x035403e0,
0x0401bafa,
0x1180147a,
0xe0500090,
0xfb035403,
0x7a0402bb,
0x7a028016,
0x96639018,
0xc082f5e0,
0x794c7802,
0x12027ab6,
0x82abb300,
0xebc302d0,
0xf08a8064,
0x9580f063,
0x902250f0,
0x54e05000,
0x901a6006,
0x03e05000,
0x1afa0354,
0xea500090,
0xf506542a,
0xf954e0f0,
0x80f0f045,
0x96639044,
0x7882f5e0,
0x7ab6794c,
0xb3001202,
0x74c382aa,
0x63f08a9d,
0xf09580f0,
0x00902750,
0x5403e050,
0x64c3fa03,
0x50839480,
0x50009018,
0x035403e0,
0x00900afa,
0x542aea50,
0xe0f0f506,
0xf045f954,
0xab6390f0,
0x7882f5e0,
0x7ab6794c,
0xb3001202,
0xeac382aa,
0x94948064,
0x63905350,
0x82f5e0ac,
0xb6794c78,
0x0012027a,
0xc382aab3,
0x948064ea,
0x903a508a,
0xf5e09b63,
0x794c7882,
0x12027ab6,
0x82aab300,
0x8064eac3,
0x21509494,
0xe0500090,
0x901ae030,
0x54e05000,
0x007bfa01,
0x01ffba1a,
0x5000901b,
0x92e013ea,
0x4d02f0e0,
0xab6390ad,
0x7882f5e0,
0x7ab6794c,
0xb3001202,
0x74c382aa,
0x63f08a9d,
0xf09580f0,
0x63904840,
0x82f5e0ac,
0xb6794c78,
0x0012027a,
0xc382aab3,
0xf08a8d74,
0x9580f063,
0x904250f0,
0xf5e09b63,
0x794c7882,
0x12027ab6,
0x82aab300,
0x8a9d74c3,
0x80f063f0,
0x2550f095,
0xe0500090,
0xc3fa0154,
0x81948064,
0x00901750,
0x0154e050,
0x0a007bfa,
0x0b0100ba,
0xea500090,
0xe092e013,
0x9c6390f0,
0x7882f5e0,
0x7ab6794c,
0xb3001202,
0xeac382aa,
0x90948064,
0x63905250,
0x82f5e09d,
0xb6794c78,
0x0012027a,
0xc382aab3,
0x948064ea,
0x90395090,
0xf5e09e63,
0x794c7882,
0x12027ab6,
0x82aab300,
0x8064eac3,
0x20508894,
0xe0540090,
0x9019e730,
0x23e05400,
0x7bfa0154,
0xffba1a00,
0x00901b01,
0xe013ea54,
0x22f0e792,
0xe09c6390,
0x4c7882f5,
0x027ab679,
0xaab30012,
0x9d74c382,
0xf063f08a,
0x40f09580,
0x9d639049,
0x7882f5e0,
0x7ab6794c,
0xb3001202,
0x74c382aa,
0x63f08a9d,
0xf09580f0,
0x63904450,
0x82f5e09e,
0xb6794c78,
0x0012027a,
0xc382aab3,
0xf08a8d74,
0x9580f063,
0x902750f0,
0x23e05400,
0xc3fa0154,
0x81948064,
0x00901850,
0x5423e054,
0x007bfa01,
0x0100ba0a,
0x5400900b,
0x92e013ea,
0x9022f0e7,
0x54e00a24,
0x2490f0c0,
0x90f0e408,
0x90f00924,
0x54e00a24,
0x6790f0bf,
0xf00174cd,
0xe0032490,
0x90f0bf54,
0x54e00224,
0x8e75f0fe,
0x10249007,
0xf00444e0,
0xf0fb54e0,
0x22008e75,
0xe007e690,
0x9007e230,
0x01741967,
0x609022f0,
0xe130e03a,
0x1224c22d,
0x1ec2ae5f,
0xe07b6090,
0xf0c16690,
0xe0746090,
0xf0c26690,
0xe0756090,
0xf0c36690,
0xe06c6090,
0xf0c46690,
0x12c65212,
0x60900060,
0xe330e08e,
0x04273027,
0x0280017a,
0x1ec2047a,
0xb5eb007b,
0x11500002,
0x03c002c0,
0x12595d12,
0x03d0054c,
0x800b02d0,
0x006012e9,
0xe0b16390,
0xf06b6090,
0xe0b26390,
0xf06a6090,
0xe4f86690,
0x791b78f0,
0x12027a9c,
0x1612b300,
0xee6390ed,
0x196790e0,
0xe36390f0,
0xa16090e0,
0x166690f0,
0x02bafae0,
0x02038002,
0xe6909d50,
0xe220e098,
0x9d500203,
0xe00b2490,
0x903ae320,
0x20e00b24,
0x639033e4,
0x90fbe0a9,
0xfce0db60,
0x0004b5eb,
0x51020350,
0x000290a7,
0xfb0f54e0,
0xe0cc6090,
0xb5fc0f54,
0x03500003,
0x90a75102,
0x20e098e6,
0x510203e4,
0x974e12a7,
0xe0f96390,
0x90f00144,
0x25e01666,
0xfbe025e0,
0xe4fc9824,
0x8cfde634,
0xa3838d82,
0x0f54c4e0,
0xc4000290,
0xf0f5f054,
0x450f54e0,
0x24ebf0f0,
0x34e4fc98,
0x828cfde6,
0xa3a3838d,
0x0f54c4e0,
0xc4040290,
0xf0f5f054,
0x450f54e0,
0x24ebf0f0,
0x34e4fc98,
0x828cfde6,
0xa3a3838d,
0x54c4e0a3,
0x0000900f,
0xf5f054c4,
0x0f54e0f0,
0xebf0f045,
0xe4fc9824,
0x8cfde634,
0xa3838d82,
0x900f54e0,
0x0f540002,
0x54e0f0f5,
0xf0f045f0,
0xfc9824eb,
0xfde634e4,
0x838d828c,
0x54e0a3a3,
0x0402900f,
0xf0f50f54,
0x45f054e0,
0x24ebf0f0,
0x34e4fb98,
0x828bfce6,
0xa3a3838c,
0x0f54e0a3,
0x000090fb,
0xf0f50f54,
0x45f054e0,
0x5102f0f0,
0x0003baa7,
0x51020350,
0x98e690a7,
0x03e320e0,
0x90a75102,
0x20e00b24,
0x249024e3,
0xe420e00b,
0xa863901d,
0x6090fae0,
0xeafbe08b,
0x500003b5,
0xa7510203,
0xe098e690,
0x0203e520,
0x4e12a751,
0xf9639097,
0xf00244e0,
0xe0166690,
0xe025e025,
0xfb9824fa,
0xfce634e4,
0x838c828b,
0x54c4e0a3,
0x0002900f,
0xf5f054c4,
0x0f54e0f0,
0xeaf0f045,
0xe4fb9824,
0x8bfce634,
0xa3838c82,
0x54c4e0a3,
0x0402900f,
0xf5f054c4,
0x0f54e0f0,
0xeaf0f045,
0xe4fb9824,
0x8bfce634,
0xa3838c82,
0xc4e0a3a3,
0x00900f54,
0xf054c400,
0x54e0f0f5,
0xf0f0450f,
0xfb9824ea,
0xfce634e4,
0x838c828b,
0x0f54e0a3,
0x54000290,
0xe0f0f50f,
0xf045f054,
0x9824eaf0,
0xe634e4fb,
0x8c828bfc,
0xe0a3a383,
0x02900f54,
0xf50f5404,
0xf054e0f0,
0xeaf0f045,
0xe4fa9824,
0x8afbe634,
0xa3838b82,
0x54e0a3a3,
0x0090fa0f,
0xf50f5400,
0xf054e0f0,
0x90f0f045,
0xfae01666,
0x800204ba,
0xb3520203,
0xe0f76090,
0x0203e420,
0x2490b352,
0xc054e00a,
0x082490f0,
0x2490f0e4,
0x2490f009,
0xbf54e00a,
0x032490f0,
0xf0bf54e0,
0xe0022490,
0x75f0fe54,
0x2490078e,
0x0444e010,
0xfb54e0f0,
0x008e75f0,
0xe0252aea,
0xfb9824fa,
0xfce634e4,
0x838c828b,
0x54c4e0a3,
0x0002900f,
0xf5f054c4,
0x0f54e0f0,
0xeaf0f045,
0xe4fb9824,
0x8bfce634,
0xa3838c82,
0x54c4e0a3,
0x0402900f,
0xf5f054c4,
0x0f54e0f0,
0xeaf0f045,
0xe4fb9824,
0x8bfce634,
0xa3838c82,
0xc4e0a3a3,
0x00900f54,
0xf054c400,
0x54e0f0f5,
0xf0f0450f,
0xfb9824ea,
0xfce634e4,
0x838c828b,
0x0f54e0a3,
0x54000290,
0xe0f0f50f,
0xf045f054,
0x9824eaf0,
0xe634e4fb,
0x8c828bfc,
0xe0a3a383,
0x02900f54,
0xf50f5404,
0xf054e0f0,
0xeaf0f045,
0xe4fa9824,
0x8afbe634,
0xa3838b82,
0x54e0a3a3,
0x0090fa0f,
0xf50f5400,
0xf054e0f0,
0x74f0f045,
0x74e0c001,
0x75e0c001,
0x61120182,
0x1581153b,
0x18c02281,
0x18f581e5,
0x81f50b24,
0xe0f86090,
0xfa0f54c4,
0x042418e5,
0x2002a6f8,
0x54020327,
0x13e69003,
0x03e530e0,
0x90035402,
0x60e0f1e6,
0x1666902b,
0x02bbfbe0,
0xf1e69023,
0x18e5fbe0,
0xa6f80324,
0x2418e503,
0x24e6f803,
0x020340f8,
0x18e5f853,
0x76f80324,
0xf8530207,
0xe0f0e690,
0x66904560,
0xbcfce016,
0xe6903d03,
0xe5fce0f0,
0xf8032418,
0x18e504a6,
0xe6f80324,
0x0950f824,
0x032418e5,
0x800a76f8,
0x2418e508,
0x0606f803,
0xab629006,
0x6290fce0,
0x6290f0a8,
0x90f0eca9,
0xf0ecaa62,
0x90f85302,
0x60e0f6e6,
0x16669045,
0x04bdfde0,
0xf6e6903d,
0x18e5fde0,
0xa6f80324,
0x2418e505,
0x24e6f803,
0xe50950f8,
0xf8032418,
0x08800a76,
0x032418e5,
0x060606f8,
0xe0b76290,
0x6290fcfd,
0x6290f0b4,
0x90f0ecb5,
0xf0ecb662,
0xa3904280,
0x0754e016,
0x2803bcfc,
0xe0166690,
0x2418e5fc,
0xecc3f804,
0x90074096,
0x30e0e4e6,
0x243012e2,
0x80037c04,
0xe5047c02,
0xf8032418,
0x108004a6,
0x7c042430,
0x7c028006,
0x2418e504,
0x04a6f803,
0x7c042430,
0x7c028004,
0x301b8000,
0x137d0424,
0x047d0280,
0x032418e5,
0x3005a6f8,
0x017d0424,
0x007d0280,
0x18a8048d,
0x00760808,
0xe0036090,
0x015403c4,
0x0201befe,
0x58020380,
0x16669074,
0x04befee0,
0x02038002,
0x60907458,
0xe130e03a,
0x74580203,
0xe0766090,
0x901ae630,
0x23e08e60,
0xfe035423,
0xc4500090,
0xf5185403,
0xe754e0f0,
0x80f0f045,
0x50009009,
0x44e754e0,
0x107af008,
0x6690027c,
0xf00374c5,
0x04c002c0,
0x12506012,
0x04d0595d,
0x629002d0,
0xef54e070,
0xfce690f0,
0x4be620e0,
0x639004c0,
0x90ffe0a8,
0xfee065e7,
0xd00007b5,
0x90385004,
0x90e067e7,
0x54c40802,
0xe0f0f5f0,
0xf0450f54,
0x66e790f0,
0x800090e0,
0x2c0190f0,
0x04c002c0,
0xb1791e78,
0x0012027a,
0x595d12b3,
0x02d004d0,
0xe0706290,
0xc0f01044,
0xa8639004,
0x6090fee0,
0x0303e0da,
0xc3ff3f54,
0xf08e8064,
0x9580f063,
0x4004d0f0,
0xb7639006,
0x903760e0,
0xc4e05000,
0xfe035423,
0x948064c3,
0x90275083,
0xc4e05000,
0xfe035423,
0x5000900e,
0x5403c4ee,
0xe0f0f518,
0xf045e754,
0xc002c0f0,
0x595d1204,
0x02d004d0,
0x04c0a580,
0xe0a86390,
0xc46690ff,
0xb5effbe0,
0x04d00003,
0x60900a40,
0xe730e0f6,
0xc55a0203,
0xe0706290,
0x900ae430,
0x20e0fce6,
0x5a0203e6,
0xc56690c5,
0xc0f00f74,
0x1204c002,
0x5d125060,
0xd004d059,
0x76609002,
0x03e720e0,
0x902b5602,
0xc4e05000,
0xfe035423,
0x092418e5,
0x8e0076f8,
0x4c60eb03,
0x639004c0,
0x90ffe0a8,
0x54e00b60,
0xefc3fd3f,
0xf08d8064,
0x9580f063,
0x5004d0f0,
0xb763902f,
0x1b2970e0,
0x092418e5,
0x900176f8,
0xc4eb5000,
0xf5185403,
0xe754e0f0,
0xc0f0f045,
0xc003c002,
0x595d1204,
0x03d004d0,
0xb18002d0,
0x18e5068b,
0xb6f80924,
0x63903101,
0x90fbe0a8,
0xfde0c466,
0x400003b5,
0xb7639006,
0x0e1c60e0,
0xee500090,
0x185403c4,
0x54e0f0f5,
0xf0f045e7,
0x04c002c0,
0xd0595d12,
0xc002d004,
0xa8639004,
0x6690fbe0,
0xebfde0c4,
0x82f59dc3,
0x04c002c0,
0xb6794c78,
0x0012027a,
0xd082abb3,
0x9002d004,
0xfde0c566,
0x072418e5,
0x9003a6f8,
0xfbe0a863,
0x082418e5,
0x9003a6f8,
0xffe0a863,
0xe0c46690,
0x0007b5fe,
0x094004d0,
0xe0b76390,
0x5a020370,
0x2418e5c5,
0x0076f805,
0x052418e5,
0x000ab6f8,
0x58020340,
0x9005c00b,
0xfde0c566,
0x062418e5,
0x8a05a6f8,
0x8c007e03,
0xef007d07,
0x3eedff2b,
0xcf13e7a2,
0x90fdcf13,
0xf0efc566,
0x062418e5,
0x07b5e6f8,
0x0205d005,
0x05d00b58,
0x04c002c0,
0x601205c0,
0x595d1250,
0xe0a86390,
0xc46690fe,
0xc3eeffe0,
0x7882f59f,
0x7ab6794c,
0xb3001202,
0x05d082ae,
0x02d004d0,
0x6390038e,
0x90fee0a8,
0xffe0c466,
0x400006b5,
0xb7639006,
0x901260e0,
0xfee0c566,
0x1074fa04,
0x500002b5,
0x80107a32,
0xa863902e,
0x07b5fee0,
0x90105000,
0xfee0c566,
0x02bcfc14,
0x7c185000,
0x90148002,
0xfde0c566,
0xe0a86390,
0x2418e5fe,
0x06a6f808,
0xe50b5802,
0xf8072418,
0x2e03b5e6,
0xe0a86390,
0x0007b5fe,
0x18e54750,
0xc3f80824,
0x3d5096ef,
0xe0c56690,
0x2418e5fd,
0x03a6f807,
0xe0a86390,
0x2418e5fe,
0x06a6f808,
0x18e52380,
0xc3f80724,
0x195096eb,
0xe0c56690,
0x18e5fdfe,
0xa6f80724,
0xa8639003,
0x18e5fbe0,
0xa6f80824,
0x8a05c003,
0xe5007b06,
0xf80a2418,
0x760804a6,
0x2418e500,
0xc3eef80a,
0x08ebff96,
0x74c3fd96,
0x80749f01,
0xf063f08d,
0xd0f09580,
0xc0345005,
0x2418e505,
0x2ee6f80a,
0x3be608fe,
0xce13e7a2,
0xe5fbce13,
0xf8062418,
0x007d0786,
0x0807b5ee,
0x0405b5eb,
0x0b8005d0,
0x18e505d0,
0x06f80524,
0x90885602,
0xc4e0fd60,
0x90fb0f54,
0xfee0c566,
0x64ebc3ff,
0x63f08f80,
0xf09580f0,
0x63903940,
0x90fbe0a8,
0xffe0c466,
0x0007b5eb,
0x18e51450,
0xc3f80824,
0x0a5096ef,
0x058b038e,
0xe0a86390,
0x18e51580,
0xe6f80824,
0x400007b5,
0xfd14ee0a,
0x500003bd,
0xed037d02,
0x020306b5,
0x6690c55a,
0x12f0edc5,
0x5d125060,
0xc55a0259,
0x0100bce4,
0xbce4fb04,
0xfd040101,
0x0104bce4,
0x18a8fc04,
0xa8007608,
0x18e50818,
0xc3f90324,
0x034097e6,
0xebc55a02,
0x70ed0970,
0x4870ec22,
0xa8ba5902,
0xe6080818,
0x93216f90,
0x500090ff,
0x185403c4,
0x54e0f0f5,
0xf0f045e7,
0xa8d35902,
0xe6080818,
0x93256f90,
0xc4500090,
0xf5185403,
0xe754e0f0,
0xa8f0f045,
0xe6080818,
0x933b6f90,
0xc56690ff,
0xd35902f0,
0xe0f1e690,
0x66901f60,
0xbfffe016,
0x18a81702,
0x24e60808,
0xe482f5a0,
0x83f56234,
0x6690ffe0,
0x5902f0c5,
0xf0e690d3,
0x901f60e0,
0xffe01666,
0xa81703bf,
0xe6080818,
0x82f5a824,
0xf56234e4,
0x90ffe083,
0x02f0c566,
0xe690d359,
0x1e60e0f6,
0xe0166690,
0x1604bfff,
0x080818a8,
0xf5b424e6,
0x6234e482,
0xffe083f5,
0xf0c56690,
0x66907980,
0xe5ffe016,
0xf8042418,
0x4096efc3,
0xe4e69007,
0x13e230e0,
0x18a804c0,
0x90e60808,
0x90934f6f,
0xd0f0c566,
0x74508004,
0x0007b503,
0x60902050,
0xe620e076,
0x0818a819,
0x6f90e608,
0x90ff9325,
0x03c45000,
0xf0f51854,
0x45e754e0,
0x18a8f0f0,
0x90e60808,
0xff93526f,
0xf0c56690,
0x18a81980,
0x90e60808,
0xff93216f,
0xc4500090,
0xf5185403,
0xe754e0f0,
0xc0f0f045,
0xc004c003,
0x50601205,
0xd0595d12,
0xd004d005,
0x0818a803,
0x50009006,
0x601854e0,
0x5000900c,
0x5423c4e0,
0x01bfff03,
0xc1669007,
0x2380ffe0,
0x009004c0,
0x23c4e050,
0xbcfc0354,
0x04800202,
0x098004d0,
0xe0c26690,
0x8004d0ff,
0xc3669006,
0x90fffae0,
0xfae0a863,
0x500007b5,
0xb7639016,
0xa81070e0,
0xb6080818,
0x07400001,
0x080818a8,
0xc0638016,
0xa8639004,
0x6690fae0,
0xeafce0c4,
0xd00004b5,
0x90115004,
0xfae0a863,
0x0002b5ef,
0x63903640,
0x3060e0b7,
0x18e504c0,
0x86f80324,
0x1a007f02,
0x1f01ffba,
0x080818a8,
0x007e0486,
0xee9aecc3,
0xf08f8064,
0x9580f063,
0x5004d0f0,
0x0818a807,
0x0e800608,
0x78018275,
0x7ae3795b,
0xb3001201,
0x82751b80,
0xc003c001,
0x7805c004,
0x7ae3795b,
0xb3001201,
0x04d005d0,
0x580203d0,
0x7660908b,
0x03e720e0,
0x90185c02,
0xfae01666,
0x800204ba,
0x185c0203,
0xe0036090,
0x0203e530,
0x6190185c,
0xa3fae074,
0x0090fbe0,
0xfc93e4fe,
0xfd93e4a3,
0xec746190,
0xf0eda3f0,
0xe4526f90,
0x6690fc93,
0xb5fde0c5,
0x03500004,
0x90ac5b02,
0x54e05000,
0x904c6018,
0xfce0a863,
0xe00b6090,
0xc3fe3f54,
0x8e8064ec,
0x80f063f0,
0x3350f095,
0xe0b76390,
0x00902d70,
0x23c4e050,
0x1cfc0354,
0xec500090,
0x185403c4,
0x54e0f0f5,
0xf0f045e7,
0x03c002c0,
0x9f79cf78,
0x0012017a,
0xd003d0b3,
0x90ac8002,
0xfce0a863,
0xe0c46690,
0x0004b5fe,
0x63900940,
0x0370e0b7,
0x90105c02,
0xc4e05000,
0xfc035423,
0x5000900c,
0x5403c4ec,
0xe0f0f518,
0xf045e754,
0xc002c0f0,
0x79cf7803,
0x12017a9f,
0x03d0b300,
0x648002d0,
0x032418e5,
0x9014e6f8,
0xfc93526f,
0x400005b5,
0x50009053,
0x5423c4e0,
0x64c3fc03,
0x50839480,
0xa8639043,
0x6690fce0,
0xecfde0c4,
0x500005b5,
0xb7639006,
0x902d60e0,
0xc4e05000,
0xfc035423,
0x5000900c,
0x5403c4ec,
0xe0f0f518,
0xf045e754,
0xc002c0f0,
0x79cf7803,
0x12017a9f,
0x03d0b300,
0xad8002d0,
0xea746190,
0xf0eba3f0,
0xe0a76090,
0x0203e720,
0x6690ec5c,
0xbcfce016,
0x03800204,
0x90ec5c02,
0x30e00360,
0x5c0203e5,
0x746190ec,
0xe0a3fce0,
0x8d028cfd,
0xfe009003,
0xa3fc93e4,
0x90fd93e4,
0xf0ec7461,
0xa8f0eda3,
0xe6080818,
0x18a80d60,
0x14e60808,
0x93526f90,
0x900780fc,
0x93e4526f,
0x6690fcfd,
0xb5fde0c5,
0x36500004,
0xe0a86390,
0xff6090fe,
0xb5eeffe0,
0x26500007,
0xe0b76390,
0x66902070,
0xf004edc5,
0x03c002c0,
0x601204c0,
0x79cf7850,
0x12017a9f,
0x04d0b300,
0x02d003d0,
0x6390c080,
0x90fce0a8,
0xfde0c466,
0x400004b5,
0xb7639006,
0x901d60e0,
0x14e0c566,
0xf0c56690,
0x03c002c0,
0x78506012,
0x7a9f79cf,
0xb3001201,
0x02d003d0,
0xea746190,
0xf0eba3f0,
0xe0c56690,
0xf0866090,
0xd0811885,
0x66902218,
0x90fae0c8,
0xfbe0c666,
0x4e03b5ea,
0xe0c76690,
0xc56690fa,
0xb5eafbe0,
0x63904003,
0x90fae0e5,
0xfbe0b163,
0x3203b5ea,
0xe0b56790,
0x326090fa,
0xb5eafbe0,
0x67902403,
0x90fae0b6,
0xfbe03060,
0x1603b5ea,
0xe0b76790,
0x316090fa,
0xb5eafbe0,
0x63900803,
0x6390e0e9,
0x6002e0b5,
0x07e69000,
0x01e230e0,
0xe5639022,
0xb16390e0,
0xed1612f0,
0x904d2730,
0xfae0b467,
0x00901460,
0xfa93e4f6,
0xfb93e4a3,
0xea746190,
0xf0eba3f0,
0x66904480,
0xbafae016,
0x14500004,
0xe4e00090,
0xe4a3fa93,
0x6190fb93,
0xa3f0ea74,
0x2680f0eb,
0xe4f80090,
0xe4a3fa93,
0x6190fb93,
0xa3f0ea74,
0x1280f0eb,
0xe4de0090,
0xe4a3fa93,
0x6190fb93,
0xa3f0ea74,
0xcf78f0eb,
0x017a9f79,
0x90b30002,
0x06a21867,
0xf033e4b3,
0x23c21ec2,
0xe4196790,
0xc221c2f0,
0xc21fc222,
0x9025c220,
0xf0e4c066,
0xe0c03274,
0x90e0c0e4,
0xf075c463,
0x79177800,
0x12027ab7,
0x8115b300,
0x13748115,
0xc0e4e0c0,
0x9e6690e0,
0x7800f075,
0x7ab77917,
0xb3001202,
0x81158115,
0x74de6390,
0x6090f020,
0x6390e054,
0x6690f0e5,
0xbafae016,
0xe6903202,
0x5423e0c5,
0x5a609001,
0xe792e013,
0xc5e690f0,
0x542323e0,
0x5a609001,
0xe692e013,
0xc5e690f0,
0x5403c4e0,
0x6090fb01,
0x92e0135a,
0x6580f0e5,
0x903203ba,
0xc4e0c5e6,
0x60900154,
0x92e0135a,
0xe690f0e7,
0x23c4e0c5,
0x60900154,
0x92e0135a,
0xe690f0e6,
0x0303e0c5,
0x90fa0154,
0xe0135a60,
0x80f0e592,
0xc4e69030,
0x5423c4e0,
0x5a609001,
0xe792e013,
0xc4e690f0,
0x540303e0,
0x5a609001,
0xe692e013,
0xc4e690f0,
0x015403e0,
0x5a6090fa,
0xe592e013,
0xb46790f0,
0x6e90f0e4,
0x90fae0ee,
0x90f0e963,
0x8074b567,
0xb76790f0,
0x90f08074,
0x8074b667,
0x07e690f0,
0x0ee230e0,
0xe04f6090,
0x90f08044,
0x44e03860,
0x6090f040,
0xbf54e083,
0x836090f0,
0xf0f754e0,
0xe0336090,
0x90f0fb54,
0xf0e4c966,
0xf0c86690,
0xf0c76690,
0x90ae5f12,
0xf0e49367,
0xf0946790,
0xe0a06090,
0xe0f0f754,
0xe0f00244,
0x90f0fe54,
0x44e00324,
0x6090f040,
0x23c4e044,
0x67900154,
0x6090f0a2,
0x0090e045,
0x54e02528,
0xe0f0f5fe,
0xf0450154,
0x791078f0,
0x12027ab5,
0x0090b300,
0x0144e028,
0xfe54e0f0,
0x795f78f0,
0x12027a97,
0x6790b300,
0x90f0e4cd,
0xfae01666,
0x900802ba,
0x54e0f963,
0xba22f0fe,
0x63900703,
0xfd54e0f9,
0x327422f0,
0xc0e4e0c0,
0xc0c474e0,
0xc06374e0,
0xe0c0e4e0,
0x75906390,
0x837800f0,
0x027ab679,
0xe5b30012,
0xf5fb2481,
0xc8669081,
0xc66690e0,
0xc76690f0,
0xc56690e0,
0xb56790f0,
0x326090e0,
0xb66790f0,
0x306090e0,
0xb76790f0,
0x316090e0,
0x506002f0,
0xe0c03274,
0x74e0c0e4,
0x74e0c090,
0xe4e0c063,
0x6390e0c0,
0x00f075c4,
0xb6798378,
0x0012027a,
0x2481e5b3,
0x9081f5fb,
0x90e0c666,
0x90f0c866,
0x90e0c566,
0x90f0c766,
0x90e03260,
0x90f0b567,
0x90e03060,
0x90f0b667,
0x90e03160,
0x22f0b767,
0xe0c66690,
0xc56690fa,
0x54c4fbe0,
0x90fc2af0,
0x90f0b463,
0x30e09860,
0xea2201e7,
0x93586f90,
0xc4000290,
0xf0f5f054,
0x450f54e0,
0x6690f0f0,
0xbcfce0c9,
0x28800201,
0x686f90ea,
0x0090fc93,
0xf054c400,
0x54e0f0f5,
0xf0f0450f,
0x786f90ea,
0x0290fa93,
0xf054c404,
0x54e0f0f5,
0xf0f0450f,
0xfa3225eb,
0xfc3335e4,
0x828a34ad,
0xf08d838c,
0xfa556e12,
0x54000290,
0xe0f0f50f,
0xf045f054,
0x4e6090f0,
0x22e430e0,
0x487090eb,
0x0090fa93,
0xf50f5400,
0xf054e0f0,
0x90f0f045,
0x54ea0402,
0xe0f0f50f,
0xf045f054,
0x25eb22f0,
0x35e4fa35,
0x37adfc36,
0x838c828a,
0x6e12f08d,
0x00009055,
0xf0f50f54,
0x45f054e0,
0x25ebf0f0,
0x35e4fb38,
0x3aacfa39,
0x838a828b,
0x6e12f08c,
0x04029055,
0xf0f50f54,
0x45f054e0,
0xc022f0f0,
0x18818518,
0x669082aa,
0xeafbe015,
0x61020370,
0xcd6090d0,
0xf08bfae0,
0x0174f005,
0xe0250280,
0x42fbf0d5,
0xcd609002,
0x2bebf0ea,
0x24fae025,
0x34e4fcb4,
0xbc0cfd60,
0x900d0100,
0xfee00002,
0x838d828c,
0x24eaf0ee,
0x34e4fcb4,
0x0274fd60,
0x3de4fc2c,
0x000090fd,
0x828cfee0,
0xf0ee838d,
0xfab424ea,
0xfc6034e4,
0xfa2a0374,
0x90fc3ce4,
0xfde00402,
0x838c828a,
0x04bbf0ed,
0x08029017,
0x0f54c4e0,
0x7f6290fa,
0x0090f0ea,
0x90fae080,
0xf0ea7e62,
0xfd2418e5,
0x5c60e6f8,
0xf005f08b,
0x02800174,
0xf0d5e025,
0x6790fafb,
0xf04ae0aa,
0xe0252beb,
0xfcb424fa,
0xfd6034e4,
0xe0500090,
0x8d828cfe,
0x90f0ee83,
0x30e03860,
0x24ea2ae1,
0x34e4fcb4,
0x24eafd60,
0xe482f5b4,
0x83f56034,
0x0243fae0,
0x8d828ce0,
0x90f0ea83,
0xfae05400,
0x90e00243,
0xf0ea5400,
0xe02b6690,
0x0201bafa,
0x18e55580,
0xe6f8fc24,
0xf08b4d60,
0x0174f005,
0xe0250280,
0xfafbf0d5,
0xe0ac6790,
0xbbf04afc,
0x33400002,
0x03eb1b1b,
0xfbc05403,
0x007c647a,
0xe0c04074,
0x74e0c0e4,
0x74e0c080,
0xe4e0c024,
0x828be0c0,
0xf08c838a,
0xb6798378,
0x0012027a,
0x2481e5b3,
0xd081f5fb,
0x66902218,
0xfbfae016,
0xe0cd6090,
0x05f08bfc,
0x7e017df0,
0xed068000,
0x33eefd2d,
0xf7f0d5fe,
0x52ec007f,
0x0652ef05,
0x0400bde4,
0x040100be,
0x0001b4fd,
0x70fd33e4,
0x2beb2201,
0x24fce025,
0x34e4fdb4,
0x828dfe60,
0xe0a3838e,
0xf0000290,
0xfdb424ec,
0xfe6034e4,
0x838e828d,
0x90e0a3a3,
0xecf00000,
0xe4fdb424,
0x8dfe6034,
0xa3838e82,
0x90e0a3a3,
0xecf00402,
0x82f5b424,
0xf56034e4,
0x0090e083,
0x0090f050,
0x53fde054,
0x00901f05,
0xe0f0ed54,
0xb424ecfd,
0x34e482f5,
0xe083f560,
0x5ce074fc,
0x00900542,
0xbbf0ed54,
0x62901b04,
0x0290e07f,
0xf054c408,
0x54e0f0f5,
0xf0f0450f,
0xe07e6290,
0x800090fc,
0x2b6690f0,
0x01bcfce0,
0x66902201,
0x60fce0f7,
0x02ba2201,
0xf9639007,
0x0ae020e0,
0x900e03ba,
0x30e0f963,
0x03c007e1,
0xd0974e12,
0x0002bb03,
0x67906740,
0x70fae0cd,
0xeb1b1b60,
0xc0540303,
0x7c647afb,
0xc0407400,
0xe0c0e4e0,
0x02c003c0,
0x249004c0,
0x00f07540,
0xb6798378,
0x0012027a,
0x2481e5b3,
0x9081f5fb,
0xff743024,
0xa3f0a3f0,
0x7f74a3f0,
0x302490f0,
0xf0a3f0e4,
0xf0a3f0a3,
0x74342490,
0xf0a3f0ff,
0x74a3f0a3,
0x2490f07f,
0xa3f0e434,
0xa3f0a3f0,
0x609022f0,
0x90fae043,
0xfbe04260,
0xe0640290,
0x035423c4,
0x0c0290fc,
0x0754c4e0,
0xf76090fd,
0x542323e0,
0xe030fe03,
0x13c3ee22,
0x02c082f5,
0x04c003c0,
0x06c005c0,
0x95794e78,
0x0012027a,
0xd006d0b3,
0xd004d005,
0x9002d003,
0x01744360,
0x426090f0,
0x02c0f0e4,
0x04c003c0,
0x06c005c0,
0x9f79cf78,
0x0012017a,
0x436090b3,
0x6090f0e4,
0xf0017442,
0x9f79cf78,
0x0012017a,
0xd006d0b3,
0xd004d005,
0x9002d003,
0xf0ea4360,
0xeb426090,
0xe030eef0,
0xa0609026,
0x1fe630e0,
0xec640290,
0x185403c4,
0x54e0f0f5,
0xf0f045e7,
0xed0c0290,
0xf57054c4,
0x8f54e0f0,
0x22f0f045,
0xe0fc6090,
0xfa0f54c4,
0xfb5a0174,
0xe0ab6390,
0x500090fc,
0x900154e0,
0xfd931eac,
0xa4ecf08d,
0x02c082f5,
0x4c7803c0,
0x027ab679,
0xacb30012,
0xd003d082,
0x8bd5c202,
0xe730ecf0,
0xf4d5b204,
0xd530a404,
0x0124f40a,
0x34f4f0c5,
0xfbf0c500,
0x03eaf0ad,
0x90fc0154,
0xfee0ac63,
0xe0500090,
0xac900154,
0x8fff9320,
0xf5a4eef0,
0xc002c082,
0xc004c003,
0x794c7805,
0x12027ab6,
0x82aeb300,
0x04d005d0,
0x02d003d0,
0xf08cd5c2,
0x04e730ee,
0x04f4d5b2,
0x0ad530a4,
0xc50124f4,
0x0034f4f0,
0xaffcf0c5,
0xfb2becf0,
0xeafd3def,
0x01540303,
0x9b6390fc,
0x0090fee0,
0x0154e050,
0x9322ac90,
0xeef08fff,
0xc082f5a4,
0xc003c002,
0x7805c004,
0x7ab6794c,
0xb3001202,
0x05d082ae,
0x03d004d0,
0xd5c202d0,
0x30eef08c,
0xd5b204e7,
0x30a404f4,
0x24f40ad5,
0xf4f0c501,
0xf0c50034,
0xecf0affc,
0x3deffb2b,
0xe3a2eafd,
0x90fa33e4,
0xfce09c63,
0xe0540090,
0x90015423,
0xfe9324ac,
0xa4ecf08e,
0x02c082f5,
0x05c003c0,
0xb6794c78,
0x0012027a,
0xd082acb3,
0xd003d005,
0x8ad5c202,
0xe730ecf0,
0xf4d5b204,
0xd530a404,
0x0124f40a,
0x34f4f0c5,
0xfaf0c500,
0x2beaf0ae,
0x8b3deefb,
0x2283f582,
0xe0036090,
0x03542323,
0x751c70fa,
0x33758832,
0x8034756f,
0x75983575,
0x37756f36,
0xa8387580,
0x756f3975,
0xba22803a,
0x32751c01,
0x6f3375b8,
0x75803475,
0x3675c835,
0x8037756f,
0x75d83875,
0x3a756f39,
0x02ba2280,
0xe832751c,
0x756f3375,
0x35758034,
0x6f3675f8,
0x75803775,
0x39750838,
0x803a7570,
0x1b03ba22,
0x75183275,
0x34757033,
0x28357580,
0x75703675,
0x38758037,
0x70397538,
0x22803a75,
0x8518c022,
0x81051881,
0xe0166690,
0x0004bafa,
0x60900740,
0xe120e0fc,
0x0b680203,
0xb379c478,
0x0012027a,
0xe582aab3,
0x9533fb83,
0xc0fdfce0,
0xc003c002,
0x9005c004,
0xf5e48a01,
0x716e12f0,
0x83ab82aa,
0xe5fdf0ac,
0xf5fc2481,
0x2a787481,
0x3bf974fa,
0x3c0174fb,
0xfd3de4fc,
0xe0c0e874,
0xe0c00374,
0xc0e0c0e4,
0x8b828ae0,
0xedf08c83,
0xaa926d12,
0xe583ab82,
0xf5fc2481,
0x60629081,
0xe0a3fce0,
0x0124ecfd,
0xff34edfc,
0xc3ee068a,
0xc082f59c,
0x7803c002,
0x7ab6794c,
0xb3001202,
0x03d082ac,
0xecc302d0,
0x85948064,
0x68020350,
0x6762900b,
0xffbcfce0,
0x901a5000,
0xfce06762,
0xeac3007d,
0x8064eb9c,
0xf063f08d,
0x50f09580,
0x80007c04,
0x66629078,
0xffbdfde0,
0x901a5000,
0xfde06662,
0xeac3007e,
0x8064eb9d,
0xf063f08e,
0x50f09580,
0x80017c04,
0x65629054,
0xffbdfde0,
0x901a5000,
0xfde06562,
0xeac3007e,
0x8064eb9d,
0xf063f08e,
0x50f09580,
0x80037c04,
0x64629030,
0xffbdfde0,
0x901a5000,
0xfde06462,
0xeac3007e,
0x8064eb9d,
0xf063f08e,
0x50f09580,
0x80077c04,
0x6462900c,
0xffbdfde0,
0x7c025000,
0x6c00900f,
0xfd0f54e0,
0x0205b5ec,
0x00901d80,
0x0f54ec6c,
0x54e0f0f5,
0xf0f045f0,
0xfa2aff74,
0x90fb3be4,
0xf0ea6062,
0x85f0eba3,
0x18d08118,
0x30229022,
0x12f02974,
0x22903769,
0xf05674b4,
0xe4bf2290,
0x7b2690f0,
0x03e620e0,
0x90ad6802,
0x30e08c60,
0xe6901ce0,
0xe230e007,
0x971a1205,
0x22900b80,
0x0afae0bf,
0xeabf2290,
0xd81912f0,
0x66904080,
0xbafae016,
0x14500004,
0xe4e00090,
0xe4a3fa93,
0x6190fb93,
0xa3f0ea74,
0x1280f0eb,
0xe4f80090,
0xe4a3fa93,
0x6190fb93,
0xa3f0ea74,
0xe690f0eb,
0xe220e007,
0x79cf7809,
0x12017a9f,
0x0090b300,
0x79637800,
0x12017ae1,
0x8275b300,
0x795b7802,
0x12017ae3,
0x6802b300,
0x76609025,
0x0de330e0,
0xe0166690,
0x0202bafa,
0x19120380,
0x07e690d8,
0x0be220e0,
0xf0791978,
0x0012017a,
0x905680b3,
0x6374b422,
0xa26790f0,
0x0460fae0,
0x0280027a,
0xcae4007a,
0x33cae025,
0xcae025ca,
0x0274fb33,
0x8b82f54a,
0x79637883,
0x12017ae1,
0x6790b300,
0xe4fae0a2,
0xcae025ca,
0xe025ca33,
0x74fb33ca,
0x82f54a10,
0x6378838b,
0x017ae179,
0x90b30012,
0x6474b422,
0xc222d2f0,
0x43691221,
0x74b42290,
0xd222f05f,
0x901ec225,
0xf0e4a066,
0x12ae5f02,
0x5f12fa5c,
0x072630ae,
0xe0792690,
0x22f08044,
0x818518c0,
0x05810518,
0xfa82e581,
0x007d2660,
0x18a8017b,
0xa8037608,
0x76080818,
0x31609004,
0x6790fee0,
0xb5ffe0b7,
0x04500006,
0x0280017e,
0x2680007e,
0x017b007d,
0x760818a8,
0x0818a803,
0x90047608,
0xffe03060,
0xe0b66790,
0x0007b5fa,
0x017a0450,
0x007a0280,
0x6390068a,
0x90fae0e7,
0xffe0b363,
0x0007b5ea,
0x66900e50,
0xf001749f,
0xe4a76690,
0x176d02f0,
0xe0e76390,
0xb36390fa,
0xb5eaffe0,
0x03800207,
0xeb0c6d02,
0x63906360,
0xbafae0aa,
0x2350003f,
0x639006c0,
0x33fae0ad,
0xa8ffe095,
0x06860818,
0xeac3007c,
0x8064ef9e,
0xf063f08c,
0xd0f09580,
0x7a044006,
0x7a028000,
0x2870ea01,
0xe0aa6390,
0x003fbafa,
0xfa33e4b3,
0x63900e60,
0xbafae0a9,
0xe4b3003f,
0x0470fa33,
0x0280007a,
0x70ea017a,
0x0280fa03,
0x70ea017a,
0x80007a04,
0x90017a02,
0xf0eaaa66,
0x905f60eb,
0xfae0de63,
0x50003fba,
0xe163901f,
0x9533fae0,
0x18a8fbe0,
0x7f048608,
0x9ceac300,
0x8f8064eb,
0x80f063f0,
0x0440f095,
0x0280007a,
0x70ea017a,
0xde639028,
0x3fbafae0,
0x33e4b300,
0x900e60fa,
0xfae0dd63,
0xb3003fba,
0x70fa33e4,
0x80007a04,
0xea017a02,
0x80fa0370,
0xea017a02,
0x007a0470,
0x017a0280,
0xeaab6690,
0xb36390f0,
0x01bafae0,
0x90178002,
0xfae0b363,
0x800202ba,
0xb363900d,
0x04bafae0,
0x02038002,
0x06c0296c,
0xe0ae6390,
0xe26390fa,
0x007cfbe0,
0x007e078d,
0xeefb2bef,
0x007efc3c,
0xec9aebc3,
0xf08e8064,
0x9580f063,
0x4006d0f0,
0xaa669052,
0x0670fae0,
0xe0ab6690,
0x007a0470,
0x017a0280,
0xc03060ea,
0xae639006,
0x6390fae0,
0x7cfbe0e2,
0x0818a800,
0x7e078608,
0x9fc3eb00,
0xfc9eecfb,
0xebc3007e,
0x8064ec9a,
0xf063f08e,
0xd0f09580,
0x7a044006,
0x7a028000,
0x0370ea01,
0x7a0280fa,
0x5970ea01,
0xe0aa6690,
0x66900660,
0x0470e0ab,
0x0280007a,
0x60ea017a,
0x0470ee03,
0x0280007a,
0x60ea017a,
0xae63902c,
0x6390fae0,
0x7cfbe0e2,
0x0818a800,
0x7d078608,
0x9fc3eb00,
0xfc9decfb,
0xebc3007d,
0x8064ec9a,
0xf063f08d,
0x40f09580,
0x80007a04,
0xea017a02,
0x80fa0370,
0x90017a02,
0xf0ea9f66,
0xe0ae6390,
0xe26390fa,
0x24007ce0,
0x34ecfbf6,
0x007dfcff,
0xed9beac3,
0xf08c8064,
0x9580f063,
0x901640f0,
0xfae0ae63,
0xe02ae690,
0x0002b5fb,
0xfa33e4b3,
0x80fa0370,
0xea017a02,
0x66901970,
0x0760e0aa,
0xe0ab6690,
0x7a0460fa,
0x7a028000,
0x0370ea01,
0x7a0280fa,
0x0370ea01,
0x7a0280fa,
0xa7669001,
0x6d02f0ea,
0xb3639017,
0x03bafae0,
0x02038002,
0x6390016d,
0x70fae0b6,
0xea639006,
0x7a0470e0,
0x7a028000,
0x1060ea01,
0xe0b76390,
0xeb6390fa,
0xb5eafbe0,
0x04800203,
0x0280007a,
0x70ea017a,
0xb6639030,
0x6390fae0,
0xeafbe0ea,
0x900703b5,
0xfae0b763,
0x007a0460,
0x017a0280,
0x900660ea,
0x70e0eb63,
0x80007a04,
0xea017a02,
0x80fa0370,
0xea017a02,
0x66905970,
0x0660e0aa,
0xe0ab6690,
0x007a0470,
0x017a0280,
0xee0360ea,
0x007a0470,
0x017a0280,
0x902c60ea,
0xfae0ae63,
0xe0e26390,
0xa8007cfb,
0x86080818,
0xeb007e05,
0xecfb9dc3,
0x007dfc9e,
0xec9aebc3,
0xf08d8064,
0x9580f063,
0x7a0440f0,
0x7a028000,
0x0370ea01,
0x7a0280fa,
0x9f669001,
0x6690f0ea,
0x80f0e4a7,
0x9f669016,
0x6690f0e4,
0x0b80f0a7,
0xe49f6690,
0xa76690f0,
0x90f00174,
0x60e09f66,
0xfa5c1203,
0xd0811885,
0x81e52218,
0xe6f8fe24,
0xf8e618f9,
0xfbe4107a,
0x2582e5fc,
0xe582f5e0,
0x83f53383,
0xecfb33eb,
0x98ebfc33,
0x99ecf0f5,
0xabfc0640,
0x018243f0,
0x2022dfda,
0xf63010f7,
0xa8838811,
0x07f52082,
0x7583a8f6,
0xf2220083,
0x22f0f780,
0x8125fe74,
0x8285e6f8,
0xe0c0a4f0,
0x18f08285,
0x82f5a4e6,
0xf025e0d0,
0xf08683c5,
0xf58325a4,
0xc2fb2283,
0x15e730d5,
0xc3e4d5d2,
0x82f58295,
0xf58395e4,
0xf095e483,
0x9be4f0f5,
0x2481e5fb,
0x30e6f8fe,
0xd5b215e7,
0xe4181818,
0xe4f696c3,
0xe4f69608,
0xe4f69608,
0x18f69608,
0x6d121818,
0x13d530ee,
0x95c3e4fb,
0xe482f582,
0x83f58395,
0xf5f095e4,
0x229be4f0,
0x2481e5fb,
0xf9e6f8fb,
0xe4207a08,
0xfffefdfc,
0x822582e5,
0x83e582f5,
0xe583f533,
0xf0f533f0,
0x40fb33eb,
0x80e9da17,
0x2582e542,
0xe582f582,
0x83f53383,
0xf533f0e5,
0xfb33ebf0,
0xedfc33ec,
0x33eefd33,
0xff33effe,
0x96ed99ec,
0xef9608ee,
0x18189608,
0x99ec1340,
0xfd96edfc,
0xfe9608ee,
0xff9608ef,
0x82431818,
0xebbeda01,
0x14f72022,
0x8814f630,
0x2082a883,
0xa8e607f5,
0x00837583,
0xf780e222,
0xe02293e4,
0xfbf0aa22,
0x8125fb74,
0x8682e5f8,
0x08f0a9f0,
0xf0adfca4,
0xf08983e5,
0xe4fd2da4,
0xe5fef035,
0xa4f08682,
0xf0e5fd2d,
0x33e4fe3e,
0xf089eaff,
0xe5fe2ea4,
0xe5ff3ff0,
0xa4f08683,
0xf0e5fe2e,
0x82e5ff3f,
0xa4f08608,
0xf0e5fe2e,
0x89ebff3f,
0xff2fa4f0,
0xf08683e5,
0xeaff2fa4,
0xa4f08618,
0x82e5ff2f,
0xf0860808,
0xf08e2fa4,
0x828c838d,
0xe5d5c222,
0x0de73083,
0xc3e4d5d2,
0x82f58295,
0xf58395e4,
0x2481e583,
0x30e6f8fe,
0xd5b20ae7,
0x96c3e418,
0x9608e4f6,
0xf8e618f9,
0x30306d12,
0xc3e40bd5,
0x82f58295,
0xf58395e4,
0x00002283,
0x02010000,
0x01010103,
0x03010101,
0x03030303,
0x03030303,
0x03030303,
0x0f030303,
0x0f0f0f0f,
0x0b0c0d0e,
0x0708090a,
0x03040506,
0x0f000102,
0x0c0f0509,
0x03050709,
0x08090a0b,
0x04050607,
0x00010203,
0x00000000,
0x00000000,
0x00000000,
0x00000000,
0x00000000,
0x00000000,
0x00000000,
0x00000000,
0x00000000,
0x00000000,
0x0b080502,
0x0f0f0f0f,
0x0f0f0f0f,
0x00000000,
0x00000000,
0x03020100,
0x0f0d0605,
0x00000000,
0x00000000,
0x03020100,
0x0f0d0605,
0x00000000,
0x05040301,
0x0e0e0c08,
0x0f0f0f0f,
0x00000000,
0x02010000,
0x03020202,
0x0f0d0c05,
0x00000000,
0x02010000,
0x03020202,
0x0f0d0c05,
0x00000000,
0x08050301,
0x0f0f0f0f,
0x0f0f0f0f,
0x00000000,
0x00000000,
0x03020100,
0x0f0d0605,
0x00000000,
0x00000000,
0x03020100,
0x0f0d0605,
0x00000000,
0x0b070402,
0x0f0f0f0f,
0x0f0f0f0f,
0x00000000,
0x00000000,
0x03020100,
0x0f0d0605,
0x00000000,
0x00000000,
0x03020100,
0x0f0d0605,
0x00000000,
0x00000000,
0x02010000,
0x03030303,
0x00000000,
0x00000000,
0x00000000,
0x00000000,
0x00000000,
0x00000000,
0x00000000,
0x00000000,
0x00000000,
0x00000000,
0x00000000,
0x00000000,
0x00000000,
0x00000000,
0x00000000,
0x00000000,
0x00000000,
0x00000000,
0x00000000,
0x00000000,
0x00000000,
0x00000000,
0x00000000,
0x00000000,
0x00000000,
0x00000000,
0x00000000,
0x00000000,
0x00000000,
0x00000000,
0x00000000,
0x00000000,
0x00000000,
0x00000000,
0x00000000,
0x00000000,
0x00000000,
0x00000000,
0x00000000,
0x00000000,
0x00000000,
0x00000000,
0x00000000,
0x00000000,
0x00000000,
0x00000000,
0x00000000,
0x00000000,
0x00000000,
0x00000000,
0x00000000,
0x00000000,
0x00000000,
0x00000000,
0x00000000,
0x00000000,
0x00000000,
0x00000000,
0x00000000,
0x00000000,
0x00000000,
0x00000000,
0x00000000,
0x00000000,
0x00000000,
0x00000000,
0x00000000,
0x00000000,
0x00000000,
0x00000000,
0x00000000,
0x00000000,
0x00000000,
0x00000000,
0x00000000,
0x00000000,
0x00000000,
0x00000000,
0x00000000,
0x00000000,
0x00000000,
0x00000000,
0x00000000,
0x00000000,
0x00000000,
0x00000000,
0x00000000,
0x00000000,
0x00000000,
0x00000000,
0x00000000,
0x00000000,
0x00000000,
0x00000000,
0x00000000,
0x00000000,
0x00000000,
0x00000000,
0x00000000,
0x00000000,
0x00000000,
0x00000000,
0x00000000,
0x00000000,
0x00000000,
0x00000000,
0x00000000,
0x00000000,
0x00000000,
0x00000000,
0x00000000,
0x00000000,
0x00000000,
0x00000000,
0x00000000,
0x00000000,
0x00000000,
0x00000000,
0x00000000,
0x00000000,
0x00000000,
0x00000000,
0x00000000,
0x00000000,
0x00000000,
0x00000000,
0x00000000,
0x00000000,
0x00000000,
0x00000000,
0x00000000,
0x00000000,
0x00000000,
0x00000000,
0x00000000,
0x00000000,
0x00000000,
0x00000000,
0x00000000,
0x00000000,
0x00000000,
0x00000000,
0x00000000,
0x00000000,
0x00000000,
0x00000000,
0x00000000,
0x00000000,
0x00000000,
0x00000000,
0x00000000,
0x00000000,
0x00000000,
0x00000000,
0x00000000,
0x00000000,
0x00000000,
0x00000000,
0x00000000,
0x00000000,
0x00000000,
0x00000000,
0x00000000,
0x00000000,
0x00000000,
0x00000000,
0x00000000,
0x00000000,
0x00000000,
0x00000000,
0x00000000,
0x00000000,
0x00000000,
0x00000000,
0x00000000,
0x00000000,
0x00000000,
0x00000000,
0x00000000,
0x00000000,
0x00000000,
0x00000000,
0x00000000,
0x00000000,
0x00000000,
0x00000000,
0x00000000,
0x00000000,
0x00000000,
0x00000000,
0x00000000,
0x00000000,
0x00000000,
0x00000000,
0x00000000,
0x00000000,
0x00000000,
0x00000000,
0x00000000,
0x00000000,
0x00000000,
0x00000000,
0x00000000,
0x00000000,
0x00000000,
0x00000000,
0x00000000,
0x00000000,
0x00000000,
0x00000000,
0x00000000,
0x00000000,
0x00000000,
0x00000000,
0x00000000,
0x00000000,
0x00000000,
0x00000000,
0x00000000,
0x00000000,
0x00000000,
0x00000000,
0x00000000,
0x00000000,
0x00000000,
0x00000000,
0x00000000,
0x00000000,
0x00000000,
0x00000000,
0x00000000,
0x00000000,
0x00000000,
0x00000000,
0x00000000,
0x00000000,
0x00000000,
0x00000000,
0x00000000,
0x00000000,
0x00000000,
0x00000000,
0x00000000,
0x00000000,
0x00000000,
0x00000000,
0x00000000,
0x00000000,
0x00000000,
0x00000000,
0x00000000,
0x00000000,
0x00000000,
0x00000000,
0x00000000,
0x00000000,
0x00000000,
0x00000000,
0x00000000,
0x00000000,
0x00000000,
0x00000000,
0x00000000,
0x00000000,
0x00000000,
0x00000000,
0x00000000,
0x00000000,
0x00000000,
0x00000000,
0x00000000,
0x00000000,
0x00000000,
0x00000000,
0x00000000,
0x00000000,
0x00000000,
0x00000000,
0x00000000,
0x00000000,
0x00000000,
0x00000000,
0x00000000,
0x00000000,
0x00000000,
0x00000000,
0x00000000,
0x00000000,
0x00000000,
0x00000000,
0x00000000,
0x00000000,
0x00000000,
0x00000000,
0x00000000,
0x00000000,
0x00000000,
0x00000000,
0x00000000,
0x00000000,
0x00000000,
0x00000000,
0x00000000,
0x00000000,
0x00000000,
0x00000000,
0x00000000,
0x00000000,
0x00000000,
0x00000000,
0x00000000,
0x00000000,
0x00000000,
0x00000000,
0x00000000,
0x00000000,
0x00000000,
0x00000000,
0x00000000,
0x00000000,
0x00000000,
0x00000000,
0x00000000,
0x00000000,
0x00000000,
0x00000000,
0x00000000,
0x00000000,
0x00000000,
0x00000000,
0x00000000,
0x00000000,
0x00000000,
0x00000000,
0x00000000,
0x00000000,
0x00000000,
0x00000000,
0x00000000,
0x00000000,
0x00000000,
0x00000000,
0x00000000,
0x00000000,
0x00000000,
0x00000000,
0x00000000,
0x00000000,
0x00000000,
0x00000000,
0x00000000,
0x00000000,
0x00000000,
0x00000000,
0x00000000,
0x00000000,
0x00000000,
0x00000000,
0x00000000,
0x00000000,
0x00000000,
0x00000000,
0x00000000,
0x00000000,
0x00000000,
0x00000000,
0x00000000,
0x00000000,
0x00000000,
0x00000000,
0x00000000,
0x00000000,
0x00000000,
0x00000000,
0x00000000,
0x00000000,
0x00000000,
0x00000000,
0x00000000,
0x00000000,
0x00000000,
0x00000000,
0x00000000,
0x00000000,
0x00000000,
0x00000000,
0x00000000,
0x00000000,
0x00000000,
0x00000000,
0x00000000,
0x00000000,
0x00000000,
0x00000000,
0x00000000,
0x00000000,
0x00000000,
0x00000000,
0x00000000,
0x00000000,
0x00000000,
0x00000000,
0x00000000,
0x00000000,
0x00000000,
0x00000000,
0x00000000,
0x00000000,
0x00000000,
0x00000000,
0x00000000,
0x00000000,
0x00000000,
0x00000000,
0x00000000,
0x00000000,
0x00000000,
0x00000000,
0x00000000,
0x00000000,
0x00000000,
0x00000000,
0x00000000,
0x00000000,
0x00000000,
0x00000000,
0x00000000,
0x00000000,
0x00000000,
0x00000000,
0x00000000,
0x00000000,
0x00000000,
0x00000000,
0x00000000,
0x00000000,
0x00000000,
0x00000000,
0x00000000,
0x00000000,
0x00000000,
0x00000000,
0x00000000,
0x00000000,
0x00000000,
0x00000000,
0x00000000,
0x00000000,
0x00000000,
0x00000000,
0x00000000,
0x00000000,
0x00000000,
0x00000000,
0x00000000,
0x00000000,
0x00000000,
0x00000000,
0x00000000,
0x00000000,
0x00000000,
0x00000000,
0x00000000,
0x00000000,
0x00000000,
0x00000000,
0x00000000,
0x00000000,
0x00000000,
0x00000000,
0x00000000,
0x00000000,
0x00000000,
0x00000000,
0x00000000,
0x00000000,
0x00000000,
0x00000000,
0x00000000,
0x00000000,
0x00000000,
0x00000000,
0x00000000,
0x00000000,
0x00000000,
0x00000000,
0x00000000,
0x00000000,
0x00000000,
0x00000000,
0x00000000,
0x00000000,
0x00000000,
0x00000000,
0x00000000,
0x00000000,
0x00000000,
0x00000000,
0x00000000,
0x00000000,
0x00000000,
0x00000000,
0x00000000,
0x00000000,
0x00000000,
0x00000000,
0x00000000,
0x00000000,
0x00000000,
0x00000000,
0x00000000,
0x00000000,
0x00000000,
0x00000000,
0x00000000,
0x00000000,
0x00000000,
0x00000000,
0x00000000,
0x00000000,
0x00000000,
0x00000000,
0x00000000,
0x00000000,
0x00000000,
0x00000000,
0x00000000,
0x00000000,
0x00000000,
0x00000000,
0x00000000,
0x00000000,
0x00000000,
0x00000000,
0x00000000,
0x00000000,
0x00000000,
0x00000000,
0x00000000,
0x00000000,
0x00000000,
0x00000000,
0x00000000,
0x00000000,
0x00000000,
0x00000000,
0x00000000,
0x00000000,
0x00000000,
0x00000000,
0x00000000,
0x00000000,
0x00000000,
0x00000000,
0x00000000,
0x00000000,
0x00000000,
0x00000000,
0x00000000,
0x00000000,
0x00000000,
0x00000000,
0x00000000,
0x00000000,
0x00000000,
0x00000000,
0x00000000,
0x00000000,
0x00000000,
0x00000000,
0x00000000,
0x00000000,
0x00000000,
0x00000000,
0x00000000,
0x00000000,
0x00000000,
0x00000000,
0x00000000,
0x00000000,
0x00000000,
0x00000000,
0x00000000,
0x00000000,
0x00000000,
0x00000000,
0x00000000,
0x00000000,
0x00000000,
0x00000000,
0x00000000,
0x00000000,
0x00000000,
0x00000000,
0x00000000,
0x00000000,
0x00000000,
0x00000000,
0x00000000,
0x00000000,
0x00000000,
0x00000000,
0x00000000,
0x00000000,
0x00000000,
0x00000000,
0x00000000,
0x00000000,
0x00000000,
0x00000000,
0x00000000,
0x00000000,
0x00000000,
0x00000000,
0x00000000,
0x00000000,
0x00000000,
0x00000000,
0x00000000,
0x00000000,
0x00000000,
0x00000000,
0x00000000,
0x00000000,
0x00000000,
0x00000000,
0x00000000,
0x00000000,
0x00000000,
0x00000000,
0x00000000,
0x00000000,
0x00000000,
0x00000000,
0x00000000,
0x00000000,
0x00000000,
0x00000000,
0x00000000,
0x00000000,
0x00000000,
0x00000000,
0x00000000,
0x00000000,
0x00000000,
0x00000000,
0x00000000,
0x00000000,
0x00000000,
0x00000000,
0x00000000,
0x00000000,
0x00000000,
0x00000000,
0x00000000,
0x00000000,
0x00000000,
0x00000000,
0x00000000,
0x00000000,
0x00000000,
0x00000000,
0x00000000,
0x00000000,
0x00000000,
0x00000000,
0x00000000,
0x00000000,
0x00000000,
0x00000000,
0x00000000,
0x00000000,
0x00000000,
0x00000000,
0x00000000,
0x00000000,
0x00000000,
0x00000000,
0x00000000,
0x00000000,
0x00000000,
0x00000000,
0x00000000,
0x00000000,
0x00000000,
0x00000000,
0x00000000,
0x00000000,
0x00000000,
0x00000000,
0x00000000,
0x00000000,
0x00000000,
0x00000000,
0x00000000,
0x00000000,
0x00000000,
0x00000000,
0x00000000,
0x00000000,
0x00000000,
0x00000000,
0x00000000,
0x00000000,
0x00000000,
0x00000000,
0x00000000,
0x00000000,
0x00000000,
0x00000000,
0x00000000,
0x00000000,
0x00000000,
0x00000000,
0x00000000,
0x00000000,
0x00000000,
0x00000000,
0x00000000,
0x00000000,
0x00000000,
0x00000000,
0x00000000,
0x00000000,
0x00000000,
0x00000000,
0x00000000,
0x00000000,
0x00000000,
0x00000000,
0x00000000,
0x00000000,
0x00000000,
0x00000000,
0x00000000,
0x00000000,
0x00000000,
0x00000000,
0x00000000,
0x00000000,
0x00000000,
0x00000000,
0x00000000,
0x00000000,
0x00000000,
0x00000000,
0x00000000,
0x00000000,
0x00000000,
0x00000000,
0x00000000,
0x00000000,
0x00000000,
0x00000000,
0x00000000,
0x00000000,
0x00000000,
0x00000000,
0x00000000,
0x00000000,
0x00000000,
0x00000000,
0x00000000,
0x00000000,
0x00000000,
0x00000000,
0x00000000,
0x00000000,
0x00000000,
0x00000000,
0x00000000,
0x00000000,
0x00000000,
0x00000000,
0x00000000,
0x00000000,
0x00000000,
0x00000000,
0x00000000,
0x00000000,
0x00000000,
0x00000000,
0x00000000,
0x00000000,
0x00000000,
0x00000000,
0x00000000,
0x00000000,
0x00000000,
0x00000000,
0x00000000,
0x00000000,
0x00000000,
0x00000000,
0x00000000,
0x00000000,
0x00000000,
0x00000000,
0x00000000,
0x00000000,
0x00000000,
0x00000000,
0x00000000,
0x00000000,
0x00000000,
0x00000000,
0x00000000,
0x00000000,
0x00000000,
0x00000000,
0x00000000,
0x00000000,
0x00000000,
0x00000000,
0x00000000,
0x00000000,
0x00000000,
0x00000000,
0x00000000,
0x00000000,
0x00000000,
0x00000000,
0x00000000,
0x00000000,
0x00000000,
0x00000000,
0x00000000,
0x00000000,
0x00000000,
0x00000000,
0x00000000,
0x00000000,
0x00000000,
0x00000000,
0x00000000,
0x00000000,
0x00000000,
0x00000000,
0x00000000,
0x00000000,
0x00000000,
0x00000000,
0x00000000,
0x00000000,
0x00000000,
0x00000000,
0x00000000,
0x00000000,
0x00000000,
0x00000000,
0x00000000,
0x00000000,
0x00000000,
0x00000000,
0x00000000,
0x00000000,
0x00000000,
0x00000000,
0x00000000,
0x00000000,
0x00000000,
0x00000000,
0x00000000,
0x00000000,
0x00000000,
0x00000000,
0x00000000,
0x00000000,
0x00000000,
0x00000000,
0x00000000,
0x00000000,
0x00000000,
0x00000000,
0x00000000,
0x00000000,
0x00000000,
0x00000000,
0x00000000,
0x00000000,
0x00000000,
0x00000000,
0x00000000,
0x00000000,
0x00000000,
0x00000000,
0x00000000,
0x00000000,
0x00000000,
0x00000000,
0x00000000,
0x00000000,
0x00000000,
0x00000000,
0x00000000,
0x00000000,
0x00000000,
0x00000000,
0x00000000,
0x00000000,
0x00000000,
0x00000000,
0x00000000,
0x00000000,
0x00000000,
0x00000000,
0x00000000,
0x00000000,
0x00000000,
0x00000000,
0x00000000,
0x00000000,
0x00000000,
0x00000000,
0x00000000,
0x00000000,
0x00000000,
0x00000000,
0x00000000,
0x00000000,
0x00000000,
0x00000000,
0x00000000,
0x00000000,
0x00000000,
0x00000000,
0x00000000,
0x00000000,
0x00000000,
0x00000000,
0x00000000,
0x00000000,
0x00000000,
0x00000000,
0x00000000,
0x00000000,
0x00000000,
0x00000000,
0x00000000,
0x00000000,
0x00000000,
0x00000000,
0x00000000,
0x00000000,
0x00000000,
0x00000000,
0x00000000,
0x00000000,
0x00000000,
0x00000000,
0x00000000,
0x00000000,
0x00000000,
0x00000000,
0x00000000,
0x00000000,
0x00000000,
0x00000000,
0x00000000,
0x00000000,
0x00000000,
0x00000000,
0x00000000,
0x00000000,
0x00000000,
0x00000000,
0x00000000,
0x00000000,
0x00000000,
0x00000000,
0x00000000,
0x00000000,
0x00000000,
0x00000000,
0x00000000,
0x00000000,
0x00000000,
0x00000000,
0x00000000,
0x00000000,
0x00000000,
0x00000000,
0x00000000,
0x00000000,
0x00000000,
0x00000000,
0x00000000,
0x00000000,
0x00000000,
0x00000000,
0x00000000,
0x00000000,
0x00000000,
0x00000000,
0x00000000,
0x00000000,
0x00000000,
0x00000000,
0x00000000,
0x00000000,
0x00000000,
0x00000000,
0x818518c0,
0x90810518,
0x0f743022,
0x16a390f0,
0xfa0754e0,
0x900503ba,
0xfae0af67,
0xe0280290,
0x07540303,
0x040353fb,
0x0100bbe4,
0x6090fb04,
0xfd54e001,
0xb00c90f0,
0x441f54e0,
0x0290f040,
0x1c54e028,
0x02900c60,
0x0303e028,
0xbcfc0754,
0x0c902004,
0x1f54e0c8,
0x90f08044,
0x54e0cc0c,
0x0c90f003,
0xdf54e0ac,
0xac0c90f0,
0xf07f54e0,
0x60900a80,
0x0244e001,
0x808102f0,
0x24fa2aea,
0x34e4fc82,
0x2cebfd6e,
0x3de482f5,
0x90e083f5,
0x0f54a00c,
0x54e0f0f5,
0xf0f045f0,
0xe0900c90,
0x90f07f54,
0x54e0900c,
0x0c90f0bf,
0x1044e088,
0x050090f0,
0x03c002c0,
0xb1791e78,
0x0012027a,
0xd003d0b3,
0x8c0c9002,
0xf9e730e0,
0xe0880c90,
0x90f0ef54,
0x44e0900c,
0x0c90f040,
0xdf54e0ac,
0x8044e0f0,
0xbf54e0f0,
0x880c90f0,
0xf01044e0,
0xc0050090,
0x7803c002,
0x7ab1791e,
0xb3001202,
0x02d003d0,
0xe08c0c90,
0x90f9e730,
0x54e0880c,
0x24eaf0ef,
0x34e4fc9a,
0x2cebfd6e,
0xfd3de4fc,
0xe0d40c90,
0x3f540303,
0x3f0653fe,
0x838d828c,
0x24eaf0ee,
0x34e4fca6,
0x2cebfd6e,
0xfd3de4fc,
0xe0d00c90,
0x075403c4,
0x070653fe,
0x838d828c,
0x24eaf0ee,
0x34e4fa8e,
0x2aebfc6e,
0xfd3ce4fb,
0xe0c80c90,
0x01540303,
0x010253fa,
0x838d828b,
0x0c90f0ea,
0x1f54e0b0,
0x016090f0,
0xf00244e0,
0xd0811885,
0xc5000218,
0xe0280290,
0x0c601c54,
0xe0280290,
0x07540303,
0x2204bafa,
0xe0900c90,
0x90f04044,
0x54e0ac0c,
0x0c90f0df,
0x7f54e0ac,
0x4044e0f0,
0x880c90f0,
0xf00844e0,
0x0c902180,
0xe330e088,
0x880c901a,
0xf0f754e0,
0x78050090,
0x7ab1791e,
0xb3001202,
0xe08c0c90,
0x02f9e630,
0x8290c500,
0x0303e0d8,
0x90fa3f54,
0xf0eabce6,
0xe0d88290,
0x3f540303,
0xbde690fa,
0x8290f0ea,
0x23c4e0b4,
0x90fa1f54,
0xf0eabae6,
0xe0b48290,
0x90fa0754,
0xf0eabbe6,
0xe0c48290,
0x1f5423c4,
0xb8e690fa,
0x8290f0ea,
0x54c4e0c8,
0xe690fa0f,
0x02f0eab9,
0xe690c500,
0x8290e0ba,
0x5403c4b4,
0xe0f0f5f8,
0xf0450754,
0xbbe690f0,
0xb48290e0,
0xf0f50754,
0x45f854e0,
0xe690f0f0,
0x8290e0b8,
0x5403c4c4,
0xe0f0f5f8,
0xf0450754,
0xb9e690f0,
0xc88290e0,
0xf5f054c4,
0x0f54e0f0,
0x90f0f045,
0x90e0bde6,
0xe025d882,
0xfc54e025,
0x54e0f0f5,
0xf0f04503,
0xbf79d978,
0x0012027a,
0xc50002b3,
0xe0d88290,
0x80440354,
0x79d978f0,
0x12027abf,
0x0002b300,
0x062290c5,
0x0253fae0,
0x062290fb,
0x6090f0ea,
0xfe54e003,
0x008275f0,
0x8c79a478,
0x0012017a,
0x012490b3,
0xf0df54e0,
0xe0022490,
0x90f0fe54,
0xc4e03320,
0x90fa0f54,
0x90f01566,
0x54e02ce6,
0x03c0fb0f,
0x4678828a,
0x027ab579,
0xaab30012,
0x90811582,
0xf0ea1566,
0xe0172190,
0xfa0f54c4,
0xf0166690,
0xe02ce690,
0xc0fb0f54,
0x78828a03,
0x7ab57946,
0xb3001202,
0x811582aa,
0xea166690,
0x016c90f0,
0x90fbfae0,
0xfce0006c,
0x400003b5,
0xf075eb3a,
0xadfca450,
0xfe0424f0,
0xff6c34ed,
0x838f828e,
0xbefee0a3,
0x16800201,
0xfc0424ec,
0xfd6c34ed,
0xf52c1874,
0xf53de482,
0xbcfce083,
0x12d20401,
0x11d20280,
0x90bc800b,
0xfae01566,
0xa450f075,
0x24f0acfb,
0xec82f504,
0x83f56c34,
0x6790fde0,
0x02bdf08e,
0x16a39013,
0xfe0754e0,
0xc20903be,
0xb067900f,
0x2480f0ed,
0x05b50174,
0x900a4000,
0x54e016a3,
0x04befe07,
0x900fc209,
0xf0e4b067,
0x24ed0a80,
0x900f92ff,
0xf0edb067,
0xfb0424eb,
0xfc6c34ec,
0x838c828b,
0xff24e0a3,
0x66901092,
0x30f0e415,
0xe6901c14,
0xf0fc7408,
0xf0ff74a3,
0x74a3f0a3,
0x1778f00f,
0x017a8d79,
0x02b30012,
0x2290df89,
0x90fbe000,
0xfce050e6,
0x0204b5eb,
0xe6900e80,
0xe430e004,
0x29a39045,
0x3ee320e0,
0xe01c8390,
0x90f00844,
0x54e01c83,
0xf00444f9,
0xe041a390,
0xe0f0fd54,
0x90f00144,
0x44e041a3,
0xa390f004,
0x0844e029,
0x07e690f0,
0x0ee430e0,
0xe02ba390,
0x90f00244,
0x44e02ba3,
0xc478f004,
0x027ab379,
0xe5b30012,
0xf0838582,
0xf0176690,
0xf0f0e5a3,
0xe0022190,
0x90f0f754,
0x44e00320,
0x0290f004,
0x0444e018,
0x440290f0,
0xf07f54e0,
0xe0002290,
0x50e690fb,
0xb5ebfce0,
0xe6902d04,
0xfe54e008,
0x382290f0,
0x0353fbe0,
0x0201bb01,
0x7f780980,
0x027ace79,
0xa2b30012,
0x2892b312,
0x90fb33e4,
0xe01324a3,
0x90f0e092,
0xfbe015a2,
0x7506e130,
0x41120082,
0x0a827591,
0x8c79c078,
0x0012017a,
0x002290b3,
0xe690fbe0,
0xebfce050,
0x800204b5,
0xce850203,
0xcc792178,
0x0012027a,
0x791778b3,
0x12027ac8,
0x007bb300,
0x02bc007c,
0x02034000,
0x828bce85,
0x291204c0,
0xbc04d07f,
0x83901b01,
0x0244e03c,
0x15a290f0,
0xe120fde0,
0x01827525,
0x411204c0,
0x8004d091,
0x3c839019,
0xf0fd54e0,
0xe015a290,
0x0ae120fd,
0xc0008275,
0x91411204,
0x669004d0,
0x70fde01c,
0x7804c063,
0x7acc7921,
0xb3001202,
0xe019a390,
0x78f0ef54,
0x7ac0795f,
0xb3001201,
0xcb79f178,
0x0012027a,
0x9004d0b3,
0x20e03c83,
0x829019e1,
0x0354e0d8,
0x90f08044,
0x44e04ce6,
0xe690f002,
0x0444e04d,
0xc00d80f0,
0x79107804,
0x12027ac0,
0x04d0b300,
0xc00d01bc,
0x79e27804,
0x12017a81,
0x04d0b300,
0x020c007b,
0x82751685,
0x79c0780b,
0x12017a8c,
0x6690b300,
0x60fbe024,
0x6b123075,
0xcc793978,
0x0012027a,
0x15a290b3,
0xe120fbe0,
0x00827506,
0x7b914112,
0x0002bb00,
0x828b4250,
0x2d1203c0,
0x24a39043,
0xf02044e0,
0x78050090,
0x7ab1791e,
0xb3001202,
0xe04da390,
0x90f00444,
0x1e780500,
0x027ab179,
0x90b30012,
0x54e033a3,
0x3378f0f7,
0x017ad179,
0xd0b30012,
0xb9800b03,
0xcc795178,
0x0012027a,
0x900780b3,
0x44e024a3,
0x8275f001,
0x79c0780c,
0x12017a8c,
0x6c90b300,
0xfafbe001,
0xe0006c90,
0x0002b5fb,
0x87020350,
0x7802c05a,
0x7a8f79b3,
0xb3001201,
0x669002d0,
0x90f0ea16,
0xf0ea1566,
0x421202c0,
0x9002d0ad,
0xfbe01566,
0xc00f04bb,
0x79367802,
0x12017a82,
0x02d0b300,
0x02c00d80,
0x8279a078,
0x0012017a,
0xc202d0b3,
0x208fc28e,
0x02c00f10,
0xbf791978,
0x0012027a,
0x8002d0b3,
0x7802c00d,
0x7ade7924,
0xb3001201,
0x229002d0,
0xf03074b4,
0xc00e8275,
0x79c07802,
0x12017a8c,
0x8290b300,
0x1044e02c,
0x000e90f0,
0xf0fd54e0,
0x9c799c78,
0x0012027a,
0x000c90b3,
0xf0f754e0,
0xad79a078,
0x0012017a,
0x880c90b3,
0xf0ef54e0,
0x80790078,
0x0012027a,
0x880c90b3,
0xf0ef54e0,
0x80790078,
0x0012017a,
0xe80390b3,
0xb1791e78,
0x0012027a,
0x2c8290b3,
0xf0ef54e0,
0x780f8275,
0x7a8c79c0,
0xb3001201,
0x020a02d0,
0x02906886,
0xdf54e064,
0x0d6090f0,
0xc0f00174,
0x79d87802,
0x12027ad2,
0x2590b300,
0x7f54e020,
0x54586290,
0xe0f0f57f,
0xf0458054,
0x212590f0,
0x907f54e0,
0x7f545962,
0x54e0f0f5,
0xf0f04580,
0xe0102490,
0x90f0fe54,
0x44e06402,
0x6878f020,
0x027ae279,
0xd0b30012,
0x33209002,
0x0f54c4e0,
0x8064c3fb,
0x28408494,
0xe0136090,
0x1ae790fb,
0xfc3f54e0,
0xfb9cc3eb,
0x25100090,
0x54e025e0,
0xe0f0f5fc,
0xf0450354,
0x712190f0,
0xf01044e0,
0xe0062290,
0x020343fb,
0xeb062290,
0x168275f0,
0xc07802c0,
0x017a8c79,
0xd0b30012,
0x00229002,
0x900a70e0,
0xfbe0d6e6,
0x8002ffbb,
0x00229010,
0x01bbfbe0,
0xd2e6901b,
0xffbbfbe0,
0xff827513,
0xc07802c0,
0x017a8c79,
0xd0b30012,
0xda860202,
0xe0002290,
0x50e690fb,
0xb5ebfce0,
0x82900904,
0x0444e000,
0x900780f0,
0x30e00082,
0xe690f9e2,
0x2960e0da,
0xe0002290,
0x02c01b70,
0xaf799678,
0x0012027a,
0x038275b3,
0x8c79a478,
0x0012017a,
0x8002d0b3,
0xd2e69008,
0x03bbfbe0,
0xdee690f8,
0x902b60e0,
0xfbe00022,
0xc01b01bb,
0x79967802,
0x12027aaf,
0x8275b300,
0x79a47803,
0x12017a8c,
0x02d0b300,
0xe6900880,
0xbbfbe0d6,
0x2290f803,
0x90fbe000,
0xfce050e6,
0x0904b5eb,
0xe0008290,
0x80f0fb54,
0x00829007,
0xf9e220e0,
0xc0188275,
0x79c07802,
0x12017a8c,
0x02d0b300,
0xe0002290,
0xe6900a70,
0xbbfbe0d6,
0x108002ff,
0xe0002290,
0x1b01bbfb,
0xe0d2e690,
0x13ffbbfb,
0xc0ff8275,
0x79c07802,
0x12017a8c,
0x02d0b300,
0x90da8602,
0xfbe00022,
0xe050e690,
0x04b5ebfc,
0x00829009,
0xf00844e0,
0x82900780,
0xe330e000,
0xdae690f9,
0x902960e0,
0x70e00022,
0x7802c01b,
0x7ae5794e,
0xb3001201,
0x78058275,
0x7a8c79a4,
0xb3001201,
0x088002d0,
0xe0d2e690,
0xf805bbfb,
0xe0dee690,
0x22902b60,
0xbbfbe000,
0x02c01b01,
0xe5794e78,
0x0012017a,
0x058275b3,
0x8c79a478,
0x0012017a,
0x8002d0b3,
0xd6e69008,
0x05bbfbe0,
0x008290f8,
0xf0f754e0,
0xc0008275,
0x79c07802,
0x12017a8c,
0x02d0b300,
0xe0002290,
0xe6900a70,
0xbbfbe0d6,
0x108002ff,
0xe0002290,
0x1b01bbfb,
0xe0d2e690,
0x13ffbbfb,
0xc0ff8275,
0x79c07802,
0x12017a8c,
0x02d0b300,
0x90da8602,
0x54e00320,
0x2190f0fb,
0xfb54e06a,
0x632190f0,
0xf0bf54e0,
0xe0440290,
0x90f08044,
0xf0e43866,
0xe02c8290,
0x90f0ef54,
0xf0e4cde6,
0xe0036090,
0x90f00144,
0x30e018a3,
0xe6902ce5,
0x0670e050,
0xe0002290,
0xe6901060,
0xbafae050,
0x22901101,
0xbafae000,
0xa3900901,
0xdf54e018,
0x900780f0,
0x20e018a3,
0xe690f9e5,
0x6790e01f,
0x6790f091,
0x6790e08e,
0x2290f090,
0x8044e00b,
0x90afd2f0,
0xff741566,
0x166690f0,
0x90f0ff74,
0xfae00622,
0x90fd0253,
0xf0ea0622,
0x74302290,
0x0002f019,
0x07e690c5,
0x03e030e0,
0xd2a18c02,
0xce679016,
0x0574fae0,
0x500002b5,
0x878c0203,
0x902a2aea,
0x0273a38a,
0x8b02b58a,
0x878c022c,
0x022f8b02,
0x8c028a8b,
0x79c47856,
0x12027ab3,
0x82e5b300,
0x90f08385,
0xa3f01766,
0x90f0f0e5,
0xfae02466,
0x8c020370,
0x4ea39087,
0x03e520e0,
0x90878c02,
0x20e00de6,
0x8c0203e5,
0x794c7887,
0x12017ad8,
0x1020b300,
0x878c0203,
0xe0048390,
0x90fa0f54,
0xf0ea3be7,
0xe0088390,
0x075403c4,
0x3ae790fa,
0x8390f0ea,
0x90fae00c,
0xf0ea39e7,
0xe019a390,
0xfa015423,
0xea38e790,
0x878c02f0,
0x90878c02,
0xfae00022,
0xe050e690,
0x03b5eafb,
0x02038002,
0x6690878c,
0x60fae01c,
0x878c0203,
0xe00ee690,
0x0203e420,
0xa390878c,
0xe020e04f,
0x878c0203,
0xe03c8390,
0xfa015403,
0x800201ba,
0x878c0203,
0xc0791078,
0x0012027a,
0xd88290b3,
0x540303e0,
0xe690fa3f,
0x02f0eabd,
0x2290878c,
0x90fae000,
0xfbe050e6,
0x0203b5ea,
0x8c020380,
0x1c669087,
0x0360fae0,
0x90878c02,
0x20e04fa3,
0x8c0203e0,
0x03032087,
0x90878c02,
0x20e00de6,
0x8c0203e6,
0x79727887,
0x12027ac4,
0x8290b300,
0x0f54e0bc,
0x4be790fa,
0x8290f0ea,
0x54c4e0bc,
0xe790fa0f,
0x90f0ea4a,
0xfae0b882,
0xea49e790,
0x19a390f0,
0x542323e0,
0xe790fa01,
0x90f0ea48,
0xfae0b482,
0xea4fe790,
0x06e690f0,
0x701c54e0,
0xc28ec245,
0x2666908f,
0xf074fae0,
0x10bbfb5a,
0xfb8b750c,
0xd2ff8d75,
0x8003c28e,
0x5af0745e,
0x0c20bbfb,
0x75d88b75,
0x8ed2ff8d,
0x4b8003c2,
0xbaf00253,
0x8b750c30,
0xff8d759c,
0x03c28ed2,
0x03d23980,
0x03d23580,
0x22903180,
0x90fae000,
0xfbe050e6,
0x2303b5ea,
0xe01c6690,
0x901c70fa,
0x30e019a3,
0xe69015e6,
0x03c4e00e,
0xbafa0154,
0x66780901,
0x027abd79,
0x90b30012,
0x24e0ce67,
0x6790f001,
0x74fae0ce,
0x0002b505,
0x67900550,
0xc2f0e4ce,
0xc5000216,
0x229082aa,
0x0770e000,
0xead2e690,
0x900580f0,
0xf0ead6e6,
0xea322290,
0xc50002f0,
0x02c082aa,
0x8c79a478,
0x0012017a,
0x9002d0b3,
0xfbe0d2e6,
0x900a02b5,
0xfbe0d6e6,
0x800202b5,
0xdae69033,
0x902d60e0,
0x60e0dee6,
0x03609027,
0xdbe020e0,
0xe0002290,
0xe6900a70,
0xbbfbe0d6,
0x108002ff,
0xe0002290,
0xc301bbfb,
0xe0d2e690,
0xbbffbbfb,
0xc0c50002,
0x18818518,
0x32128105,
0x00229029,
0xe690fae0,
0xeafbe050,
0x787403b5,
0x7acc7921,
0xb3001202,
0xe0b48290,
0x80440754,
0xb48290f0,
0x44f854e0,
0x8290f002,
0x0f54e0c8,
0x1b1130f0,
0xa20b1030,
0x2892b30f,
0x29920fa2,
0x0fa21880,
0x0fa22892,
0x922a92b3,
0xa20b8029,
0x2a92b30f,
0x0fa22892,
0x0fa22992,
0xe69033e4,
0x28a2f01e,
0x82f533e4,
0x291225c0,
0x9025d07f,
0x54e019a3,
0x25c0f0ef,
0xcb79f178,
0x0012027a,
0xa225d0b3,
0x2892b312,
0xa39033e4,
0x92e01324,
0x6690f0e0,
0x60fae024,
0x74123077,
0x397825c0,
0x027acc79,
0xd0b30012,
0xe429a225,
0x1282f533,
0x8390432d,
0x0754e000,
0x90f08044,
0x54e00483,
0xf00844f0,
0xe0088390,
0x60441f54,
0x0c8390f0,
0x90f08474,
0x54e00483,
0xa390f0cf,
0x2044e024,
0x050090f0,
0xb1791e78,
0x0012027a,
0x4da390b3,
0xf00444e0,
0x78050090,
0x7ab1791e,
0xb3001202,
0xe033a390,
0x78f0f754,
0x7acc7951,
0xb3001202,
0xe0236690,
0x780970fa,
0x7acc7981,
0xb3001202,
0xd0811885,
0xc5000218,
0x74642690,
0xf0a3f003,
0xf00474a3,
0x90f0e4a3,
0xa3f06426,
0xa3f0a3f0,
0x5b2190f0,
0xe4f06074,
0x022190f0,
0x07e630e0,
0xe0022090,
0x9036e220,
0xfae07826,
0xe0a3e0a3,
0xfde0a3fc,
0x7b020253,
0x1f045300,
0x90a00553,
0xf0ea7826,
0xa3f0eba3,
0xeda3f0ec,
0x79b378f0,
0x12017a8f,
0x0c90b300,
0xef54e088,
0x1a2090f0,
0x4fe130e0,
0xe0002290,
0xba0560fa,
0x0e801c01,
0xe0342090,
0x90fa0154,
0xf0ea51e6,
0x20900c80,
0x0154e034,
0x52e690fa,
0x2090f0ea,
0xf0027452,
0xe690f0e4,
0x1b60e051,
0xe052e690,
0xa0901560,
0x1044e02f,
0x2fa090f0,
0xf02044e0,
0xe027a390,
0x90f00844,
0x30e0e422,
0x60900de0,
0xf002742e,
0xe0336090,
0x90f00144,
0x54e01121,
0x1620f0fd,
0xc23c8002,
0x00229016,
0xe690fae0,
0xeafbe050,
0x782c03b5,
0x7ac37924,
0xb3001202,
0xe0048390,
0x90f0bf54,
0x54e01083,
0x8290f07f,
0x7f54e0dc,
0xd88290f0,
0xf0fe54e0,
0xe02c8290,
0x02f07f54,
0xe690c500,
0xe030e007,
0x90458002,
0x30e00fe6,
0x0e9010e1,
0xe020e000,
0x79937809,
0x12017a91,
0xe690b300,
0xe130e00e,
0x000c9010,
0x09e220e0,
0xa479a278,
0x0012027a,
0x0ee690b3,
0x10e330e0,
0xe0880c90,
0x7809e320,
0x7a817988,
0xb3001201,
0xc0c50002,
0x18818518,
0x007a8105,
0x760818a8,
0x90007c00,
0xfde0af67,
0xe0166690,
0x280290fe,
0x540303e0,
0x0753ff07,
0x00bfe404,
0x90ff0401,
0x30e0000e,
0x0e9009e0,
0xfe54e000,
0x90017af0,
0x30e0000c,
0x0c900ce2,
0xfb54e000,
0x0818a8f0,
0x0c900176,
0xe330e088,
0x880c9009,
0xf0f754e0,
0x70ea017c,
0xdb900203,
0xe0040e90,
0xc0f9e330,
0x4624ed04,
0x6e34e4fa,
0x440e90fc,
0x540303e0,
0x0353fb3f,
0x8c828a3f,
0xedf0eb83,
0xe4fa4c24,
0x90fb6e34,
0x03e01c02,
0x53fc0154,
0x828a0104,
0xf0ec838b,
0xfa5e24ee,
0xfb6e34e4,
0xe0640e90,
0x3f540303,
0x3f0453fc,
0x838b828a,
0x24eef0ec,
0x34e4fa4f,
0x0e90fb6e,
0x0303e080,
0x53fc3f54,
0x828a3f04,
0xf0ec838b,
0xfe5924ee,
0xfa6e34e4,
0xe0200290,
0xfb015403,
0x8e010353,
0xeb838a82,
0xb06790f0,
0x3d24fae0,
0x6e34e4fb,
0x280e90fc,
0x540303e0,
0x0653fe3f,
0x8c828b3f,
0xeaf0ee83,
0xe4fa3424,
0x90fb6e34,
0x03e0a00e,
0xfc3f5403,
0x8a3f0453,
0xec838b82,
0xa804d0f0,
0x60e60818,
0x000c903b,
0xf9e030e0,
0xfa7024ed,
0xfb6e34e4,
0xe06c0c90,
0x3f540303,
0x3f0653fe,
0x838b828a,
0x24edf0ee,
0x34e4fa79,
0x0c90fb6e,
0x0303e084,
0x53fe3f54,
0x828a3f06,
0xf0ee838b,
0x020370ec,
0x0c908b91,
0xe630e08c,
0xfd2dedf9,
0xe4fa9a24,
0xeffb6e34,
0x3be4fa2a,
0xd40c90fb,
0x540303e0,
0x0453fc3f,
0x8b828a3f,
0xedf0ec83,
0xe4faa624,
0xeffb6e34,
0x3be4fa2a,
0xd00c90fb,
0x5403c4e0,
0x0453fc07,
0x8b828a07,
0xedf0ec83,
0xe4fd8e24,
0xeffa6e34,
0x3ae4ff2d,
0xc80c90fb,
0x540303e0,
0x0253fa01,
0x8b828f01,
0x85f0ea83,
0x18d08118,
0x90c50002,
0x44e04000,
0x0290f001,
0x0144e048,
0x4c0290f0,
0xf08044e0,
0xe0180290,
0x90f00144,
0x44e01c02,
0x0090f001,
0x0244e03c,
0x580290f0,
0x600754e0,
0xb0679037,
0xf53424e0,
0x6e34e482,
0xfae083f5,
0x259c0e90,
0x54e025e0,
0xe0f0f5fc,
0xf0450354,
0x840e90f0,
0xf0df54e0,
0xe0840e90,
0x90f07f54,
0x44e0080e,
0x3580f020,
0xe0b06790,
0x82f53d24,
0xf56e34e4,
0x90fae083,
0xe025240e,
0xfc54e025,
0x54e0f0f5,
0xf0f04503,
0xe0080e90,
0x90f0df54,
0x54e0080e,
0x0e90f07f,
0x2044e084,
0x280290f0,
0x540303e0,
0xe220fa07,
0x1666905c,
0x4f24fae0,
0x34e482f5,
0xe083f56e,
0x7c0e90fb,
0xe025e025,
0xf0f5fc54,
0x450354e0,
0x24eaf0f0,
0xe482f55e,
0x83f56e34,
0x0e90fae0,
0x25e02560,
0xf5fc54e0,
0x0354e0f0,
0x90f0f045,
0x54e0480e,
0x0e90f0df,
0xdf54e068,
0x480e90f0,
0xf07f54e0,
0xe0680e90,
0x80f07f54,
0x480e900e,
0xf02044e0,
0xe0680e90,
0x90f02044,
0x44e02c0e,
0x0e90f020,
0x0244e000,
0x050090f0,
0xb1791e78,
0x0012027a,
0x040e90b3,
0xf9e430e0,
0xe0000e90,
0x90f0fd54,
0x54e0080e,
0x0e90f0df,
0xdf54e02c,
0x480e90f0,
0xf0df54e0,
0xe0680e90,
0x90f0df54,
0x54e0840e,
0x0290f0df,
0x0754e058,
0x0e901670,
0x2044e084,
0x740290f0,
0x0253fae0,
0x740290fe,
0x1c80f0ea,
0xe0840e90,
0x90f00144,
0x44e0080e,
0x0290f020,
0xfafbe074,
0x90010243,
0xf0ea7402,
0xe0280290,
0x07540303,
0x0ee230fa,
0xe0480e90,
0x90f02044,
0x44e0680e,
0x6090f020,
0xe230e0fc,
0x480e9007,
0xf02044e0,
0xe0080e90,
0x90f07f54,
0x54e02c0e,
0x0e90f07f,
0x7f54e048,
0x680e90f0,
0xf07f54e0,
0xe0840e90,
0x90f07f54,
0x44e0480e,
0x0e90f040,
0x4044e068,
0x0ee690f0,
0x11e720e0,
0xe0166690,
0x0904bafa,
0xe0080e90,
0x80f0bf54,
0x080e9007,
0xf04044e0,
0xe02c0e90,
0x90f04044,
0x44e0840e,
0x0e90f040,
0x0144e000,
0xc50002f0,
0x74706190,
0x6690f001,
0xbafae0f7,
0x0b800201,
0xe007e690,
0xfa015403,
0x200601ba,
0x9c020308,
0xa260909a,
0x6090f0e4,
0x6790f0a3,
0x90fae099,
0xfbe07461,
0xebfce0a3,
0x0203e020,
0x6090e594,
0xf00174a2,
0xe0632190,
0x90f07f54,
0x54e00c24,
0x2190f07f,
0x8044e002,
0x7f54e0f0,
0x7802c0f0,
0x7ab57910,
0xb3001202,
0xe0032490,
0x75f0bf54,
0x2490078e,
0x0444e010,
0xfb54e0f0,
0x008e75f0,
0xe0d02290,
0x90f08044,
0x44e0d422,
0x2290f080,
0x7f54e0d0,
0xd42290f0,
0xf07f54e0,
0x9c799d78,
0x0012017a,
0x9002d0b3,
0x0274a260,
0xa06090f0,
0x75e130e0,
0x4b7802c0,
0x027a9179,
0x75b30012,
0x75780082,
0x027a9179,
0x75b30012,
0x75781082,
0x027a9179,
0x75b30012,
0x75781282,
0x027a9179,
0xd0b30012,
0x9c049002,
0xfb1f54e0,
0xe0980490,
0x2bfc1f54,
0xcf6790fb,
0x980490f0,
0x07e520e0,
0x74cf6790,
0x90f02b40,
0x54e09c08,
0x0890fb1f,
0x1f54e098,
0x90fb2bfc,
0x90f0d067,
0x20e09808,
0x679007e5,
0x2b4074d0,
0x746190f0,
0xe0a3fbe0,
0xe130ebfc,
0xa2609033,
0x90f00374,
0xfbe02262,
0xc0fce0a3,
0xc0ff7402,
0x8c828be0,
0x79347883,
0x12027a98,
0x8115b300,
0x219002d0,
0x8044e063,
0x0c2490f0,
0xf08044e0,
0xe0746190,
0xfce0a3fb,
0x03e220eb,
0x905d9602,
0x0474a260,
0x018275f0,
0x247802c0,
0x027a9779,
0x75b30012,
0xb8780082,
0x027a9b79,
0xd0b30012,
0x74619002,
0xe0a3fbe0,
0xe530ebfc,
0xa2609024,
0x90f00574,
0xfbe02062,
0xc0fce0a3,
0xe0c0e402,
0x838c828b,
0x98793478,
0x0012027a,
0xd08115b3,
0xf08b7502,
0xd2d88d75,
0x9003c28e,
0x0674a260,
0x246290f0,
0xe0a3fbe0,
0x7402c0fc,
0x8be0c001,
0x78838c82,
0x7a987934,
0xb3001202,
0x02d08115,
0xe0b16390,
0x0202b5fb,
0x60907180,
0xf00874a2,
0xe0b16390,
0xe09533fb,
0xfe24ebfc,
0xff34ecfb,
0x33fdeafc,
0xc3fee095,
0x64ee9bed,
0x63f08c80,
0xf09580f0,
0x0a0a0450,
0x63902980,
0x33fbe0b1,
0x74fce095,
0xe4fb2b02,
0xebc3fc3c,
0x8064ec9d,
0xf063f08e,
0x50f09580,
0x801a1a04,
0xb1639006,
0x90fafbe0,
0xfbe0b263,
0x03c002c0,
0x1712828a,
0xd0811501,
0x03032002,
0x308f9502,
0x60900f03,
0x43fae0a3,
0x60900202,
0xc2f0eaa3,
0xc28ec203,
0x0082758f,
0x91797578,
0x0012027a,
0x108275b3,
0x91797578,
0x0012027a,
0x746190b3,
0xe0a3fae0,
0xe420eafb,
0x5a980203,
0x74a26090,
0x2490f00a,
0xfd54e001,
0x012490f0,
0xf0fe54e0,
0xe0746190,
0xfbe0a3fa,
0x43e530ea,
0x74a26090,
0x8275f00b,
0x79247801,
0x12027a97,
0x8275b300,
0x79b87800,
0x12027a9b,
0x2490b300,
0x8044e00b,
0xbf54e0f0,
0x266290f0,
0xe0a3fae0,
0xe0c0e4fb,
0x838b828a,
0x98793478,
0x0012027a,
0x908115b3,
0xfae07461,
0xeafbe0a3,
0x9052e630,
0x0c74a260,
0x182720f0,
0x78018275,
0x7a977924,
0xb3001202,
0x78008275,
0x7a9b79b8,
0xb3001202,
0xe00b2490,
0xe0f08044,
0x90f0bf54,
0x44e00224,
0x54e0f008,
0x6290f0fb,
0xa3fae024,
0x0274fbe0,
0x828ae0c0,
0x3478838b,
0x027a9879,
0x15b30012,
0x74619081,
0xe0a3fae0,
0xe730eafb,
0xa2609072,
0x20f00d74,
0x82751827,
0x79247800,
0x12027a97,
0x8275b300,
0x79b87802,
0x12027a9b,
0x2490b300,
0x7f54e00b,
0x4044e0f0,
0x022490f0,
0xf0f754e0,
0xf00444e0,
0x901d0830,
0xfae02262,
0x74fbe0a3,
0x8ae0c002,
0x78838b82,
0x7a987934,
0xb3001202,
0x1b808115,
0xe0286290,
0xfbe0a3fa,
0xe0c00274,
0x838b828a,
0x98793478,
0x0012027a,
0x908115b3,
0xfae07461,
0x30fbe0a3,
0x60907ce0,
0xf00e74a2,
0x75182720,
0x24780082,
0x027a9779,
0x75b30012,
0xb8780282,
0x027a9b79,
0x90b30012,
0x54e00b24,
0x2490f07f,
0xbf54e00b,
0x022490f0,
0xf0f754e0,
0xe0022490,
0x90f0fb54,
0xfae01567,
0x62901d60,
0xa3fae02e,
0x0474fbe0,
0x828ae0c0,
0x3478838b,
0x027a9879,
0x15b30012,
0x901b8081,
0xfae02e62,
0x74fbe0a3,
0x8ae0c002,
0x78838b82,
0x7a987934,
0xb3001202,
0x60908115,
0xe130e0a0,
0x794b7821,
0x12027a91,
0x8275b300,
0x79757810,
0x12027a91,
0x8275b300,
0x79757800,
0x12027a91,
0x6190b300,
0xa3fae074,
0xe120fbe0,
0x46990203,
0x74a26090,
0x2490f010,
0xfd54e001,
0x012490f0,
0xf0fe54e0,
0x74a26090,
0x2490f011,
0x7f54e00b,
0x4044e0f0,
0x022490f0,
0xf0f754e0,
0xf00444e0,
0xe0406290,
0xfbe0a3fa,
0xe0c00374,
0x838b828a,
0x98793478,
0x0012027a,
0x908115b3,
0x1274a260,
0x0b2490f0,
0xf07f54e0,
0xe00b2490,
0x90f0bf54,
0x54e00224,
0x2490f0f7,
0xfb54e002,
0x466290f0,
0xe0a3fae0,
0xc00374fb,
0x8b828ae0,
0x79347883,
0x12027a98,
0x8115b300,
0x74a26090,
0x0490f013,
0x1f54e09c,
0x980490fa,
0xfb1f54e0,
0x6790fa2a,
0x0490f0cf,
0xe520e098,
0xcf679007,
0xf02a4074,
0xe09c0890,
0x90fa1f54,
0x54e09808,
0xfa2afb1f,
0xf0d06790,
0xe0980890,
0x9007e520,
0x4074d067,
0x8275f02a,
0x79757812,
0x12027a91,
0x6190b300,
0xa3fae074,
0xe220fbe0,
0xe5990203,
0x74a26090,
0x8275f014,
0x79247800,
0x12027a97,
0x8275b300,
0x79b87802,
0x12027a9b,
0x6090b300,
0xf01574a2,
0xe0012490,
0x90f00244,
0x44e00b24,
0x54e0f080,
0x6290f0bf,
0xa3fae02c,
0xc0e4fbe0,
0x8b828ae0,
0x79347883,
0x12027a98,
0x8115b300,
0x74a26090,
0x2490f016,
0x7f54e00b,
0x0b2490f0,
0xf0bf54e0,
0xe0326290,
0xfbe0a3fa,
0x8ae0c0e4,
0x78838b82,
0x7a987934,
0xb3001202,
0x82758115,
0x79757801,
0x12027a91,
0x2490b300,
0xfd54e001,
0x746190f0,
0xe0a3fae0,
0x03e420fb,
0x90b09b02,
0x1874a260,
0x182720f0,
0x78008275,
0x7a977924,
0xb3001202,
0x78028275,
0x7a9b79b8,
0xb3001202,
0xe0042490,
0x90f0bf54,
0x44e00124,
0x007af001,
0x8275007b,
0xc002c002,
0x793d7803,
0x12027a90,
0x03d0b300,
0x609002d0,
0xf01974a2,
0xe00b2490,
0xe0f08044,
0x20f0bf54,
0x62902427,
0xa3fce030,
0x02c0fde0,
0xc0e403c0,
0x8d828ce0,
0x79347883,
0x12027a98,
0x8115b300,
0x02d003d0,
0x62902280,
0xa3fce034,
0x02c0fde0,
0xc0e403c0,
0x8d828ce0,
0x79347883,
0x12027a98,
0x8115b300,
0x02d003d0,
0x74a26090,
0x2490f01a,
0x7f54e00b,
0x4044e0f0,
0x242720f0,
0xe0366290,
0xfde0a3fc,
0x03c002c0,
0x8ce0c0e4,
0x78838d82,
0x7a987934,
0xb3001202,
0x03d08115,
0x228002d0,
0xe03a6290,
0xfde0a3fc,
0x03c002c0,
0x8ce0c0e4,
0x78838d82,
0x7a987934,
0xb3001202,
0x03d08115,
0x609002d0,
0xf01c74a2,
0x751670eb,
0x02c00282,
0x757803c0,
0x027a9179,
0xd0b30012,
0x8002d003,
0x1670ea2d,
0xc0038275,
0x7803c002,
0x7a917975,
0xb3001202,
0x02d003d0,
0x82751480,
0xc002c004,
0x79757803,
0x12027a91,
0x03d0b300,
0x609002d0,
0xf01b74a2,
0xe0a06090,
0xeb5be330,
0x017b1f70,
0xe0b16390,
0xc002c0fc,
0x00679003,
0x8ce0c0e0,
0x01171282,
0x03d08115,
0x9a0202d0,
0x1f70ea26,
0x6390017a,
0xc0fce0b1,
0x9003c002,
0xc0e00267,
0x12828ce0,
0x81150117,
0x02d003d0,
0x90269a02,
0xfae00167,
0xf0b26390,
0xe0b16390,
0x8b02c0fb,
0x01171282,
0x24908115,
0xfe54e001,
0x042490f0,
0xf04044e0,
0xe0746190,
0xfbe0a3fa,
0x0203e620,
0x6090719c,
0xe630e04f,
0x719c0203,
0x74a26090,
0x2590f021,
0x0144e080,
0x5a6090f0,
0x20e220e0,
0x78018275,
0x7a90793d,
0xb3001202,
0x9e792078,
0x0012017a,
0x79b878b3,
0x12027a8f,
0x0f80b300,
0xe0396090,
0xb87882f5,
0x027a8f79,
0x90b30012,
0x2274a260,
0x802590f0,
0xf00444e0,
0xf0fb54e0,
0xe05a6090,
0x901de230,
0xfae04262,
0x74fbe0a3,
0x8ae0c0ff,
0x78838b82,
0x7a987934,
0xb3001202,
0x1b808115,
0xe03c6290,
0xfbe0a3fa,
0xe0c0ff74,
0x838b828a,
0x98793478,
0x0012027a,
0x908115b3,
0x2374a260,
0x797078f0,
0x12027a8d,
0x82aab300,
0xea706190,
0x5a6090f0,
0x1ce220e0,
0x90190820,
0x2474a260,
0x018275f0,
0x90793d78,
0x0012027a,
0x802590b3,
0xf0fe54e0,
0x74a26090,
0x0002f025,
0x032490c5,
0xf02044e0,
0xf0df54e0,
0xf00244e0,
0xe0032490,
0xe0f0fd54,
0xe0f00144,
0x75f0fe54,
0x8d759c8b,
0xc28ed2ff,
0x17032003,
0xe00b2490,
0x78f6e530,
0x7ab57910,
0xb3001202,
0xe00b2490,
0xc2e6e530,
0x028fc28e,
0x6690c500,
0x60fae0f7,
0x1d9e0203,
0xe0c04074,
0x74e0c0e4,
0x74e0c080,
0xe4e0c024,
0x2490e0c0,
0x00f07540,
0xb6798378,
0x0012027a,
0x2481e5b3,
0x9081f5fb,
0x54e0c024,
0x3824907f,
0xf0f57f54,
0x458054e0,
0x2490f0f0,
0x7f54e0c1,
0x54392490,
0xe0f0f57f,
0xf0458054,
0xc22490f0,
0x907f54e0,
0x7f543a24,
0x54e0f0f5,
0xf0f04580,
0xe0c32490,
0x24907f54,
0xf57f543b,
0x8054e0f0,
0x90f0f045,
0x54e0c424,
0x3c24907f,
0xf0f57f54,
0x458054e0,
0x2490f0f0,
0x7f54e0c5,
0x543d2490,
0xe0f0f57f,
0xf0458054,
0xc62490f0,
0x907f54e0,
0x7f543e24,
0x54e0f0f5,
0xf0f04580,
0xe0c72490,
0x24907f54,
0xf57f543f,
0x8054e0f0,
0x90f0f045,
0x54e09c04,
0x0490fa1f,
0x1f54e098,
0x90fa2afb,
0x90f0cf67,
0x20e09804,
0x679007e5,
0x2a4074cf,
0x9c0890f0,
0xfa1f54e0,
0xe0980890,
0x2afb1f54,
0xd06790fa,
0x980890f0,
0x07e520e0,
0x74d06790,
0x90f02a40,
0x90e0cf67,
0x7f543025,
0x54e0f0f5,
0xf0f04580,
0xe0d06790,
0x312590fa,
0xf0f57f54,
0x458054e0,
0x2490f0f0,
0x4044e003,
0xc50002f0,
0xe0586190,
0x596190fa,
0x03c0fbe0,
0x4678828a,
0x027ab579,
0xabb30012,
0x8b811582,
0x5a619002,
0x03c0fbe0,
0x4678828a,
0x027ab579,
0xabb30012,
0x8b811582,
0x5b619002,
0x03c0fbe0,
0x4678828a,
0x027ab579,
0xabb30012,
0x8b811582,
0x5c619002,
0x03c0fbe0,
0x4678828a,
0x027ab579,
0xabb30012,
0x8b811582,
0x5d619002,
0x03c0fbe0,
0x4678828a,
0x027ab579,
0xabb30012,
0x8b811582,
0x5e619002,
0x03c0fbe0,
0x4678828a,
0x027ab579,
0xabb30012,
0x8b811582,
0x5f619002,
0x03c0fbe0,
0x4678828a,
0x027ab579,
0xabb30012,
0x8b811582,
0xafe69002,
0x0f54c4e0,
0x05f08bfb,
0x0280eaf0,
0xf0d513c3,
0xe690fafb,
0x0f54e0af,
0xf5fa2afb,
0xc5000282,
0xe0022490,
0x90f0ef54,
0x44e05400,
0x0090f008,
0x0444e054,
0x540090f0,
0xf00244e0,
0xe0540090,
0x90f00144,
0x44e05800,
0x2490f080,
0x0444e001,
0x182490f0,
0xf0ef54e0,
0xe0182490,
0x90f0df54,
0x54e00524,
0x2490f0fe,
0xf754e005,
0x102730f0,
0xe0002490,
0xc0440f54,
0x052490f0,
0xf00244e0,
0x90c50002,
0x54e03860,
0x6090f07f,
0xe130e098,
0x9c609010,
0xe0a3fae0,
0x746190fb,
0xeba3f0ea,
0x9b6790f0,
0x037af0e4,
0xbc7802c0,
0x017a9379,
0xd0b30012,
0x9b679002,
0x0f60fbe0,
0xc31a038a,
0xf08b8074,
0x9580f063,
0x78dd40f0,
0x7aa57914,
0xb3001201,
0xab79b578,
0x0012017a,
0x376090b3,
0x01bafae0,
0x40609010,
0x90f00174,
0xfae04060,
0x800201ba,
0x386090f6,
0xf08044e0,
0x90c50002,
0xc4e0fe60,
0xfa1f5423,
0xe690207b,
0xe220e007,
0x70609056,
0x0ce520e0,
0xe0166690,
0x0402bcfc,
0x0280007c,
0x20ec027c,
0xeac33de7,
0xf08b8064,
0x9580f063,
0xc03050f0,
0x7804c002,
0x7a9f7953,
0xb3001201,
0xe0dc2490,
0xfc2490fd,
0xc3edfee0,
0x7882f59e,
0x7ab6794c,
0xb3001202,
0x04d082ad,
0x038d02d0,
0x02bf801c,
0x6190c500,
0x90fae04a,
0xfbe04b61,
0x828b02c0,
0xb5791d78,
0x0012027a,
0x1582abb3,
0x90028b81,
0xfbe04e61,
0x828b02c0,
0xb5791d78,
0x0012027a,
0x1582abb3,
0x90028b81,
0xfbe04f61,
0x828b02c0,
0xb5791d78,
0x0012027a,
0x1582abb3,
0x93639081,
0x6190f0eb,
0x90fae048,
0xfbe04961,
0x828b02c0,
0xb5791d78,
0x0012027a,
0x1582abb3,
0x90028b81,
0xfbe04c61,
0x828b02c0,
0xb5791d78,
0x0012027a,
0x1582abb3,
0x90028b81,
0xfbe04d61,
0x828b02c0,
0xb5791d78,
0x0012027a,
0x1582aab3,
0x92639081,
0x6190f0ea,
0x7bfae04a,
0x4b619000,
0x007dfce0,
0xedfa2aec,
0x6190fb3b,
0x7dfce04e,
0xfa2aec00,
0x90fb3bed,
0xfce04f61,
0x2aec007d,
0xc33bedfa,
0xca13ca13,
0x13ca13c3,
0x916390ca,
0x6190f0ea,
0x7bfae048,
0x49619000,
0x007dfce0,
0xedfa2aec,
0x6190fb3b,
0x7dfce04c,
0xfa2aec00,
0x90fb3bed,
0xfce04d61,
0x2aec007d,
0xc33bedfa,
0xca13ca13,
0x13ca13c3,
0x906390ca,
0x6190f0ea,
0x7bfae052,
0x53619000,
0x007dfce0,
0xedfa2aec,
0x6190fb3b,
0x7dfce056,
0xfa2aec00,
0x90fb3bed,
0xfce05761,
0x2aec007d,
0xc33bedfa,
0xca13ca13,
0x13ca13c3,
0x956390ca,
0x6190f0ea,
0x7bfae050,
0x51619000,
0x007dfce0,
0xedfa2aec,
0x6190fb3b,
0x7dfce054,
0xfa2aec00,
0x90fb3bed,
0xfce05561,
0x2aec007d,
0xc33bedfa,
0xca13ca13,
0x13ca13c3,
0x946390ca,
0x6190f0ea,
0x33fae00c,
0x90fbe095,
0xfce02c61,
0xfde09533,
0xedfa2aec,
0xca13c33b,
0x6390ca13,
0x90f0ea96,
0xfae00461,
0xfbe09533,
0xe0056190,
0xe09533fc,
0xfa2aecfd,
0x90fb3bed,
0xfce02461,
0xfde09533,
0xedfa2aec,
0x6190fb3b,
0x33fce025,
0xecfde095,
0x3bedfa2a,
0x13ca13c3,
0xca13c3ca,
0x6390ca13,
0x90f0ea97,
0xfae00661,
0xfbe09533,
0xe0076190,
0xe09533fc,
0xfa2aecfd,
0x90fb3bed,
0xfce02661,
0xfde09533,
0xedfa2aec,
0x6190fb3b,
0x33fce027,
0xecfde095,
0x3bedfa2a,
0x13ca13c3,
0xca13c3ca,
0x6390ca13,
0x90f0ea98,
0xfae00861,
0xfbe09533,
0xe0096190,
0xe09533fc,
0xfa2aecfd,
0x90fb3bed,
0xfce02861,
0xfde09533,
0xedfa2aec,
0x6190fb3b,
0x33fce029,
0xecfde095,
0x3bedfa2a,
0x13ca13c3,
0xca13c3ca,
0x6390ca13,
0x90f0ea99,
0xfae00a61,
0xfbe09533,
0xe00b6190,
0xe09533fc,
0xfa2aecfd,
0x90fb3bed,
0xfce02a61,
0xfde09533,
0xedfa2aec,
0x6190fb3b,
0x33fce02b,
0xecfde095,
0x3bedfa2a,
0x13ca13c3,
0xca13c3ca,
0x6390ca13,
0x90f0ea9a,
0xfae00d61,
0xfbe09533,
0xe02d6190,
0xe09533fc,
0xfa2aecfd,
0x13c33bed,
0x90ca13ca,
0xf0ea9b63,
0xe00e6190,
0xe09533fa,
0x2e6190fb,
0x9533fce0,
0x2aecfde0,
0xc33bedfa,
0xca13ca13,
0xea9c6390,
0x0f6190f0,
0x9533fae0,
0x6190fbe0,
0x33fce02f,
0xecfde095,
0x3bedfa2a,
0x13ca13c3,
0x9d6390ca,
0x6190f0ea,
0x33fae010,
0x90fbe095,
0xfce03061,
0xfde09533,
0xedfa2aec,
0xca13c33b,
0x6390ca13,
0x90f0ea9e,
0xfae05a61,
0x6190007b,
0x7dfce05b,
0xfa2aec00,
0x90fb3bed,
0xfce05e61,
0x2aec007d,
0xfb3bedfa,
0xe05f6190,
0xec007dfc,
0x3bedfa2a,
0x13ca13c3,
0xca13c3ca,
0x6390ca13,
0x90f0eaa0,
0xfae05861,
0x6190007b,
0x7dfce059,
0xfa2aec00,
0x90fb3bed,
0xfce05c61,
0x2aec007d,
0xfb3bedfa,
0xe05d6190,
0xec007dfc,
0x3bedfa2a,
0x13ca13c3,
0xca13c3ca,
0x90fbca13,
0xf0ea9f63,
0xe0a06090,
0x0203e320,
0x61907ba4,
0x7bfae062,
0x63619000,
0x007dfce0,
0xedfa2aec,
0x6190fb3b,
0x7dfce066,
0xfa2aec00,
0x90fb3bed,
0xfce06761,
0x2aec007d,
0xc33bedfa,
0xca13ca13,
0x13ca13c3,
0xa26390ca,
0x6190f0ea,
0x7bfae06a,
0x6b619000,
0x007dfce0,
0xedfa2aec,
0x6190fb3b,
0x7dfce06e,
0xfa2aec00,
0x90fb3bed,
0xfce06f61,
0x2aec007d,
0xc33bedfa,
0xca13ca13,
0x13ca13c3,
0x6390fbca,
0x90f0eaa4,
0x90e07061,
0x90f0a563,
0xfae07461,
0x20fbe0a3,
0xa50203e1,
0x10259011,
0x9533fae0,
0x2590fbe0,
0x33fce011,
0xeafde095,
0xebfa9cc3,
0x2590fb9d,
0x33fce014,
0xecfde095,
0x3bedfa2a,
0x152590fb,
0x9533fce0,
0xc3eafde0,
0x9debfa9c,
0x6390048a,
0x90f0eca6,
0xfae01225,
0xfbe09533,
0xe0132590,
0xe09533fc,
0x9cc3eafd,
0xfb9debfa,
0xe0162590,
0xe09533fc,
0xfa2aecfd,
0x90fb3bed,
0xfce01725,
0xfde09533,
0xfa9cc3ea,
0x90fb9deb,
0xf0eaa763,
0xe4986790,
0xc50002f0,
0x818518c0,
0x78810518,
0x7aa0793a,
0xb3001201,
0x20370d30,
0x6390340c,
0x6390e094,
0x6390f0aa,
0x6390e090,
0x6390f0a9,
0x6390e092,
0x6390f0a8,
0x6390e097,
0x6390f0ab,
0x6390e099,
0x6390f0ac,
0x90fae09f,
0x02f0af63,
0x0d2072a6,
0x340c3037,
0xe0956390,
0xf0aa6390,
0xe0916390,
0xf0a96390,
0xe0936390,
0xf0a86390,
0xe0986390,
0xf0ab6390,
0xe09a6390,
0xf0ac6390,
0xe0a06390,
0xaf6390fa,
0x72a602f0,
0xe0946390,
0x90007bfa,
0xfce09563,
0xfa2a007d,
0x0afb3bed,
0x0b0100ba,
0xca13c3eb,
0x6390ca13,
0x90f0eaaa,
0xfae09063,
0x6390007b,
0x7dfce091,
0xedfa2a00,
0xba0afb3b,
0xeb0b0100,
0x13ca13c3,
0xa96390ca,
0x6390f0ea,
0x90fae093,
0xfbe09263,
0x828b02c0,
0xb5791d78,
0x0012027a,
0x1582aab3,
0xa8639081,
0x6390f0ea,
0x33fae097,
0x90fbe095,
0xfce09863,
0xfde09533,
0xedfa2aec,
0xba0afb3b,
0xeb0b0100,
0x13ca13c3,
0xab6390ca,
0x6390f0ea,
0x33fae099,
0x90fbe095,
0xfce09a63,
0xfde09533,
0xedfa2aec,
0xba0afb3b,
0xeb0b0100,
0x13ca13c3,
0xac6390ca,
0x6390f0ea,
0x7bfae09f,
0xa0639000,
0x007dfce0,
0x3bedfa2a,
0x00ba0afb,
0xc3eb0b01,
0xca13ca13,
0xaf6390fb,
0x6390f0ea,
0x90fae0aa,
0xfbe0a963,
0x909bc3ea,
0x90f0ad63,
0xfae0ad63,
0xe0c0c174,
0xe0c03f74,
0x6f78828a,
0x027ab579,
0xaab30012,
0x15811582,
0xad639081,
0x6390f0ea,
0x82f5e096,
0xb6794c78,
0x0012027a,
0xfa82e5b3,
0xfbe09533,
0xe0ab6390,
0x02c082f5,
0x4c7803c0,
0x027ab679,
0xacb30012,
0xd003d082,
0x9533ec02,
0x2aecfde0,
0xfb3bedfa,
0xe0ac6390,
0x02c082f5,
0x4c7803c0,
0x027ab679,
0xacb30012,
0xd003d082,
0x9533ec02,
0x2aecfde0,
0xfb3bedfa,
0xe09b6390,
0x02c082f5,
0x4c7803c0,
0x027ab679,
0xacb30012,
0xd003d082,
0x9533ec02,
0x2aecfde0,
0xfb3bedfa,
0xe09c6390,
0x02c082f5,
0x4c7803c0,
0x027ab679,
0xacb30012,
0xd003d082,
0x9533ec02,
0x2aecfde0,
0xfb3bedfa,
0xe04d6090,
0x01542323,
0x0001b4fc,
0x60fc33e4,
0xa863904f,
0x6090fce0,
0xecfde067,
0xb30005b5,
0x70fc33e4,
0xa8639036,
0x6090fce0,
0xecfde06e,
0xb30005b5,
0x60fc33e4,
0x6d609016,
0x007dfce0,
0xeb9ceac3,
0xf08d8064,
0x9580f063,
0x7a0440f0,
0x7a028000,
0x0370ea01,
0x7a0280fa,
0x0470ea01,
0x0280007a,
0x6390017a,
0x90f0eab6,
0x23e04d60,
0xfa015423,
0xe40001b4,
0x4860fa33,
0xe0966390,
0x4c7882f5,
0x027ab679,
0xaab30012,
0x66609082,
0xb5eafbe0,
0xe4b30003,
0x2370fb33,
0xe0ab6390,
0x4c7882f5,
0x027ab679,
0xaab30012,
0x6f609082,
0xb5eafbe0,
0xe4b30003,
0x0370fb33,
0x7a0280fa,
0x0470ea01,
0x0280007a,
0x6390017a,
0x90f0eab7,
0x70e0b663,
0xb7639009,
0xfa0370e0,
0x017a0280,
0xeab86390,
0x90fae0f0,
0x20e00b24,
0x24900be3,
0xe420e00b,
0x80007b04,
0xeb017b02,
0x63900242,
0x90f0eab8,
0xfae0af63,
0xe04f6090,
0xc3fb3f54,
0xf08a8064,
0x9580f063,
0x900650f0,
0x70e0a563,
0x80007a04,
0x90017a02,
0xf0eab963,
0xe0af6390,
0x4d6090fa,
0xfb1f54e0,
0x8064eac3,
0xf063f08b,
0xb3f09580,
0x60fa33e4,
0xa5639006,
0x7a0470e0,
0x7a028000,
0xba639001,
0x6390f0ea,
0x90fae0aa,
0xfbe0a963,
0x0003b5ea,
0x63900740,
0x80fae0a9,
0xaa639011,
0xfbe025e0,
0xe0a96390,
0x9cc3ebfc,
0x6390fafb,
0x1760e0a5,
0xe00a6090,
0x9007e230,
0xfbe0af63,
0x038a0280,
0xebae6390,
0x900580f0,
0xf0e4ae63,
0xe0500090,
0x035423c4,
0xe0aa6390,
0xe4be6390,
0x90f0a3f0,
0xfae0be63,
0x90fbe0a3,
0x18a88860,
0x5403e008,
0x6390f601,
0x33fde096,
0x90fee095,
0x03e05000,
0xac900354,
0x33ff931a,
0xc0fce095,
0xc003c002,
0x8d04c007,
0x12838e82,
0x82ac706d,
0x811583ad,
0x18a88115,
0x7f068608,
0xc004c000,
0x8f828e05,
0x706d1283,
0x83ad82ac,
0x81158115,
0x02d003d0,
0xedfa2aec,
0x6390fb3b,
0xa3f0eabe,
0x6390f0eb,
0xa3fae0be,
0x0090fbe0,
0x0154e050,
0x931eac90,
0xe09533fc,
0xab6390fd,
0x9533fee0,
0x02c0ffe0,
0x06c003c0,
0x828c07c0,
0x6d12838d,
0xad82ac70,
0x15811583,
0xd003d081,
0xfa2aec02,
0x90fb3bed,
0xf0eabe63,
0x90f0eba3,
0xfae0be63,
0x90fbe0a3,
0x54e05000,
0x20ac9001,
0x9533fc93,
0x6390fde0,
0x33fee0ac,
0xc0ffe095,
0xc003c002,
0x8c07c006,
0x12838d82,
0x82ac706d,
0x811583ad,
0x03d08115,
0x2aec02d0,
0xfb3bedfa,
0xeabe6390,
0xf0eba3f0,
0xe0be6390,
0xfbe0a3fa,
0xe0500090,
0xac900154,
0x33fc9322,
0x90fde095,
0xfee09b63,
0xffe09533,
0x03c002c0,
0x07c006c0,
0x838d828c,
0xac706d12,
0x1583ad82,
0xd0811581,
0xec02d003,
0x3bedfa2a,
0xbe6390fb,
0xeba3f0ea,
0xbe6390f0,
0xe0a3fae0,
0x540090fb,
0x015423e0,
0x9324ac90,
0xe09533fc,
0x9c6390fd,
0x9533fee0,
0x02c0ffe0,
0x06c003c0,
0x828c07c0,
0x6d12838d,
0xad82ac70,
0x15811583,
0xd003d081,
0xfa2aec02,
0x90fb3bed,
0xf0eabe63,
0x90f0eba3,
0xfae0be63,
0x90fbe0a3,
0x23e05400,
0x63900154,
0x6390e09d,
0xa3f0eabe,
0x6390f0eb,
0xa3fae0be,
0x0090fbe0,
0x5423e054,
0x9e639001,
0xbe6390e0,
0xeba3f0ea,
0xbe6390f0,
0xe0a3fae0,
0xe0c0e4fb,
0xe0c0fc74,
0x74e0c0e4,
0x8ae0c004,
0x78838b82,
0x7ab579f0,
0xb3001202,
0x83ab82aa,
0xfc2481e5,
0x639081f5,
0xa3f0eabe,
0x6390f0eb,
0xa3fae0be,
0x6090fbe0,
0x90fce057,
0xfde0a963,
0xf08dd5c2,
0x04e730ec,
0x04f4d5b2,
0x0ad530a4,
0xc50124f4,
0x0034f4f0,
0xaefcf0c5,
0x500090f0,
0x5423c4e0,
0x16ac9003,
0x9533fd93,
0x02c0ffe0,
0x05c003c0,
0x828c07c0,
0x6d12838e,
0xad82ac70,
0x15811583,
0xd003d081,
0xccc4ed02,
0x6c0f54c4,
0xcc0f54cc,
0xe330cc6c,
0xfdf04402,
0xfa9cc3ea,
0x90fb9deb,
0xfce0ca66,
0xfde09533,
0xf59cc3ea,
0xf59deb82,
0x79637883,
0x12027ab6,
0x82aab300,
0x639083ab,
0xa3f0eabc,
0x6412f0eb,
0xab82aab0,
0xc0639083,
0xeba3f0ea,
0x811885f0,
0x000218d0,
0xa56390c5,
0xfa0370e0,
0x63905080,
0x90fbe0af,
0x54e04e60,
0xebc3fc07,
0xf08c8064,
0x9580f063,
0x7a0450f0,
0x90338001,
0xfbe0af63,
0xe04d6090,
0xc3fc1f54,
0x8c8064eb,
0x80f063f0,
0x0450f095,
0x1680027a,
0xe0b86390,
0x037a0460,
0x63900c80,
0x0470e0b9,
0x0280047a,
0x6390057a,
0x02f0eab3,
0x0403c500,
0x04030706,
0x05030706,
0x03020503,
0x18c00201,
0x18f581e5,
0x81f50c24,
0xb379c478,
0x0012027a,
0xe582aab3,
0x9533fb83,
0xc0fdfce0,
0xc003c002,
0x9005c004,
0xf5e48a01,
0x716e12f0,
0x83ab82aa,
0xe5fdf0ac,
0xf5fc2481,
0x2a787481,
0x3bf974fa,
0x3c0174fb,
0xfd3de4fc,
0xe0c0e874,
0xe0c00374,
0xc0e0c0e4,
0x8b828ae0,
0xedf08c83,
0xaa926d12,
0xac83ab82,
0x81e5fdf0,
0x81f5fc24,
0xa60818a8,
0x03a60802,
0x0804a608,
0x18a805a6,
0x90068608,
0xf0ee7761,
0xe0376690,
0x7a007ffe,
0xc0007b00,
0xc007c006,
0x9003c002,
0xf5e4fa00,
0x716e12f0,
0x2418e5c8,
0x82a6c809,
0x0883a608,
0xf608f0a6,
0xfc2481e5,
0x669081f5,
0x7ffee036,
0x7b007a00,
0x0818a800,
0x08e0c0e6,
0x08e0c0e6,
0x08e0c0e6,
0x8ee0c0e6,
0x8a838f82,
0x6e12ebf0,
0xab82aa71,
0xfdf0ac83,
0xfc2481e5,
0x18e581f5,
0xeaf80924,
0x08ebfa26,
0x08ecfb36,
0x08edfc36,
0x18e5fd36,
0xa6f80524,
0x03a60802,
0x0804a608,
0x18e505a6,
0x74f80524,
0x74fe2654,
0xff360875,
0x3608ff74,
0x08ff74fa,
0xe874fb36,
0x0374e0c0,
0xc0e4e0c0,
0x8ee0c0e0,
0x8a838f82,
0x6d12ebf0,
0xab82aa92,
0xfdf0ac83,
0xfc2481e5,
0x18e581f5,
0xa6f80524,
0x03a60802,
0x0804a608,
0x18e505a6,
0x86f80524,
0x20829002,
0xf054c4ea,
0x54e0f0f5,
0xf0f0450f,
0xd0811885,
0xc5000218,
0x74302290,
0x6090f03d,
0xf754e003,
0x076090f0,
0xf07f54e0,
0xa179eb78,
0x0012027a,
0x79fe78b3,
0x12017aad,
0x8978b300,
0x027aa279,
0x78b30012,
0x7aa379b3,
0xb3001202,
0xe0046090,
0x9015e030,
0x30e00460,
0x60900ee2,
0xe130e004,
0x07609007,
0xf08044e0,
0xe0036090,
0x02f00844,
0x2290c500,
0xf00b7430,
0xe0006090,
0x90f0fb54,
0x54e00060,
0x6090f0ef,
0x0444e004,
0xaf6790f0,
0xf53a24e0,
0x6e34e482,
0x90e083f5,
0x54c41c0c,
0xe0f0f5f0,
0xf0450f54,
0x080c90f0,
0xf0bf54e0,
0xe0080c90,
0x78f07f54,
0x7aac7926,
0xb3001201,
0xe0340c90,
0x1844e354,
0x440c90f0,
0x441f54e0,
0x0c90f0c0,
0xbf54e024,
0x240c90f0,
0xf07f54e0,
0xe03c0c90,
0x90f0bf54,
0x54e03c0c,
0x0c90f07f,
0x0844e000,
0x050090f0,
0xb1791e78,
0x0012027a,
0x000c90b3,
0xf9e130e0,
0xe0000c90,
0x90f0f754,
0x44e0080c,
0x0c90f040,
0x4044e024,
0x3c0c90f0,
0xf04044e0,
0xe04c0c90,
0x90f0df54,
0x54e0700c,
0x0c90f0df,
0x8044e04c,
0xbf54e0f0,
0x700c90f0,
0xf08044e0,
0xf0bf54e0,
0xe0800090,
0x010243fa,
0xea800090,
0x4c0c90f0,
0xf00144e0,
0xe0700c90,
0x90f00144,
0x30e009e6,
0x0c9007e5,
0x2044e070,
0x000c90f0,
0xf00844e0,
0x78050090,
0x7ab1791e,
0xb3001202,
0xe0000c90,
0x90f9e130,
0xfae0af67,
0xe4fb7024,
0x90fc6e34,
0x03e06c0c,
0xfd3f5403,
0x8b3f0553,
0xed838c82,
0x09e690f0,
0x1ae520e0,
0xfa7924ea,
0xfb6e34e4,
0xe0840c90,
0x3f540303,
0x3f0453fc,
0x838b828a,
0x0c90f0ec,
0xe130e05c,
0x04609007,
0xf0fb54e0,
0xe009e690,
0x900ee520,
0x30e07c0c,
0x609007e0,
0xef54e004,
0x000c90f0,
0xf0f754e0,
0xe0006090,
0x90f01044,
0x44e00060,
0x0002f004,
0x5a6090c5,
0xf00444e0,
0x90230212,
0x44e08025,
0x2290f008,
0xf03b7430,
0xe0f52590,
0x90f00844,
0x30e0f525,
0x2590f9e2,
0xf754e0f5,
0xf42590f0,
0x4be730e0,
0xe0f52590,
0x9015e130,
0x54e05960,
0x2590f0fc,
0x7f54e0f4,
0x586090fa,
0x2880f0ea,
0xe0f42590,
0x09607f54,
0xe0596090,
0x80f00344,
0x59609007,
0xf0fc54e0,
0xe0f42590,
0xc3fa7f54,
0x90fa9ae4,
0xf0ea5860,
0xe4396090,
0x901a80f0,
0x54e05960,
0x6090f0fc,
0x90f0e458,
0x54e0f425,
0xfa13c37f,
0xea396090,
0x386090f0,
0xf01044e0,
0x90230212,
0x20e0f525,
0xb00203e0,
0xf52590d2,
0xefe430e0,
0xe0f42590,
0x904be730,
0x30e0f525,
0x609015e1,
0xfc54e059,
0xf42590f0,
0xfa7f54e0,
0xea586090,
0x902880f0,
0x54e0f425,
0x9009607f,
0x44e05960,
0x0780f003,
0xe0596090,
0x90f0fc54,
0x54e0f425,
0xe4c3fa7f,
0x6090fa9a,
0x90f0ea58,
0xf0e43960,
0x60901a80,
0xfc54e059,
0x586090f0,
0x2590f0e4,
0x7f54e0f4,
0x90fa13c3,
0xf0ea3960,
0xe0f52590,
0x90f00844,
0x30e0f525,
0x2590f9e2,
0xf754e0f5,
0x386090f0,
0xf01044e0,
0x02230212,
0x259033b0,
0x0844e0f5,
0xf52590f0,
0xf9e230e0,
0xe0f52590,
0x90f0f754,
0x54e08025,
0x6090f0f7,
0xfb54e05a,
0x230212f0,
0x74302290,
0x0002f02b,
0x9082aac5,
0xf0ea3622,
0xe0002290,
0xe6900770,
0x80f0eada,
0xdee69005,
0x0002f0ea,
0x9082aac5,
0xf0ea3422,
0xe0002290,
0xe6900770,
0x80f0ead8,
0xdce69005,
0x0002f0ea,
0x8518c0c5,
0x81051881,
0x78018275,
0x7a977924,
0xb3001202,
0xe0052490,
0x90f0fd54,
0xf0e43960,
0xe0956790,
0x0818a8fa,
0xd07b02a6,
0x0090077c,
0xfd93e4e8,
0xfe93e4a3,
0xed746190,
0xf0eea3f0,
0x04c003c0,
0x9379bc78,
0x0012017a,
0xd004d0b3,
0x70619003,
0x7d2d60e0,
0xa8007e00,
0x07860818,
0xedc3007a,
0x509aee9f,
0x08009057,
0x06c005c0,
0xb8794278,
0x0012027a,
0xd006d0b3,
0x00bd0d05,
0xd7800eda,
0x007d007a,
0x860818a8,
0xc3007f06,
0x9fed9eea,
0x00902350,
0xc002c010,
0xc004c003,
0x79427805,
0x12027ab8,
0x05d0b300,
0x03d004d0,
0xba0a02d0,
0x800dd200,
0x604cebcf,
0x66b10203,
0xe0706190,
0x0301bafa,
0xc30180d3,
0xe42892b3,
0x4e609033,
0xe592e013,
0x4e6090f0,
0x5403c4e0,
0x70629001,
0xe792e013,
0x280090f0,
0x7f5403e0,
0xf0716290,
0xe0706190,
0x0201bafa,
0xb3020380,
0x7b017a8e,
0x94eac300,
0x0894eb01,
0xff903c50,
0xc002c0ff,
0x79427803,
0x12027ab8,
0x0090b300,
0xfc93e4e8,
0xfd93e4a3,
0xec746190,
0xf0eda3f0,
0x9379bc78,
0x0012017a,
0xd003d0b3,
0x70619002,
0x0a0760e0,
0x0bbe00ba,
0x048abb80,
0x0090058b,
0x5403e028,
0x6b62907f,
0xfe6390f0,
0xeba3f0ea,
0x8b828af0,
0xc004c083,
0x79427805,
0x12027ab8,
0x05d0b300,
0x017a04d0,
0xeac3007b,
0x94eb0194,
0x90445008,
0x02c00100,
0x04c003c0,
0x427805c0,
0x027ab879,
0x90b30012,
0x93e4e800,
0x93e4a3fe,
0x746190ff,
0xefa3f0ee,
0x79bc78f0,
0x12017a93,
0x05d0b300,
0x03d004d0,
0x619002d0,
0x0760e070,
0xb600ba0a,
0x74b3800b,
0xe4fe2a01,
0x2ceeff3b,
0xfd3deffc,
0xe0280090,
0x907f5403,
0x90f06a62,
0xf0eafc63,
0xc3f0eba3,
0xe4fc9ce4,
0x0274fd9d,
0xc0e4e0c0,
0x8d828ce0,
0xe16e1283,
0x83ab82aa,
0x81158115,
0x838b828a,
0xb8794278,
0x0012027a,
0xe80090b3,
0xa3fa93e4,
0x90fb93e4,
0xf0ea7461,
0x78f0eba3,
0x7a9379bc,
0xb3001201,
0xe0706190,
0x0301bafa,
0xc30180d3,
0xe42892b3,
0x4e609033,
0xe592e013,
0x4e6090f0,
0x5403c4e0,
0x6290fa01,
0x92e01370,
0x1885f0e6,
0x0218d081,
0x0002c500,
0x50e690c5,
0x0174fae0,
0x500002b5,
0x50e69005,
0x2290f0e4,
0xf03f7496,
0xe0002290,
0x50e690fa,
0xb5eafbe0,
0xa2901303,
0xf07e742e,
0xe01ca290,
0x90f00444,
0x24741ea2,
0x952290f0,
0x90f0e074,
0xfae00022,
0xe050e690,
0x03b5eafb,
0x2da2901b,
0x90f0c074,
0x44e02ea2,
0xa290f001,
0x0244e01c,
0x1ea290f0,
0xf00244e0,
0xe4962290,
0x002290f0,
0xe690fae0,
0xeafbe050,
0x901303b5,
0x01742ea2,
0x1ca290f0,
0xf0fb54e0,
0x741ea290,
0x6090f002,
0x90f0e4ef,
0x90f0f360,
0x75f0cb60,
0x1d780082,
0x017ab179,
0x90b30012,
0xfae00022,
0xe050e690,
0x03b5eafb,
0x05e69007,
0xf00244e0,
0x0ec202c2,
0x67900fc2,
0x90f0e48e,
0xff748f67,
0xc210c2f0,
0xc213c212,
0xc20cc214,
0xc215c20d,
0xc200c211,
0xc227c201,
0x9024c226,
0xf0e41067,
0x741ee690,
0xe690f0ff,
0xf0ff741f,
0xe4926790,
0xd36790f0,
0xc50002f0,
0xe050e690,
0xb50174fa,
0x05500002,
0xe450e690,
0x16a390f0,
0xfa0754e0,
0x800203ba,
0x16a39010,
0xfa0754e0,
0x800205ba,
0x80007a04,
0xea017a02,
0x017a0460,
0x007a0280,
0xea146790,
0x07e690f0,
0x0de430e0,
0xe006e690,
0x300343fb,
0xeb06e690,
0x34a290f0,
0xe690fbe0,
0x0342e006,
0xeb34a290,
0x38a290f0,
0xe690fbe0,
0x0342e006,
0xeb38a290,
0x06e690f0,
0x015403e0,
0x06e690fb,
0x015403e0,
0x92ff244b,
0x00229014,
0xe690fbe0,
0xebfce050,
0x904904b5,
0x01742566,
0x03e690f0,
0xe690f0e4,
0xf0017402,
0xe401e690,
0x00e690f0,
0x90f00774,
0x6074b422,
0xb52290f0,
0x2290f0e4,
0xf00174b6,
0xe4b72290,
0xb82290f0,
0x90f00774,
0x54e016a3,
0x03bbfb07,
0x28e69007,
0xf00144e0,
0xe0336090,
0x90f01044,
0x44e03360,
0x6090f020,
0x4044e033,
0x336090f0,
0xf08044e0,
0x679016c2,
0x90f0e4b1,
0xeaf0ac67,
0x26901260,
0xf00a7418,
0x90f0e4a3,
0x17741a26,
0xf0e4a3f0,
0xe4136790,
0x1c6790f0,
0x90f00174,
0xc4e04460,
0x90015423,
0x90f0a267,
0x0174d667,
0x4ee690f0,
0xf00144e0,
0xe04fe690,
0x90f00144,
0xfae08760,
0x901f0243,
0xf0ea8760,
0xe0cd6090,
0xe30253fa,
0xeacd6090,
0xcf6090f0,
0x0253fae0,
0xcf6090e3,
0x6190f0ea,
0xf0207478,
0x74796190,
0x6190f020,
0xf020747a,
0x747b6190,
0x6190f020,
0xf0207498,
0x74996190,
0x6190f020,
0xf020749a,
0x749b6190,
0x6290f020,
0xa3f0e422,
0x206290f0,
0xa3f00174,
0x90f00a74,
0x01742662,
0x0a74a3f0,
0x246290f0,
0xa3f00174,
0x90f00a74,
0x04742a62,
0x0274a3f0,
0x286290f0,
0xa3f00274,
0x90f00374,
0x04742e62,
0x0274a3f0,
0x2c6290f0,
0xa3f00274,
0x90f00874,
0x04743262,
0x90f0a3f0,
0x02743062,
0x0a74a3f0,
0x366290f0,
0xa3f00474,
0x90f00874,
0x02743462,
0x0874a3f0,
0x3a6290f0,
0xa3f00474,
0x90f00674,
0x02743862,
0x0374a3f0,
0x3e6290f0,
0xa3f00474,
0x90f00274,
0x05743c62,
0x0a74a3f0,
0x426290f0,
0xa3f00874,
0x90f02074,
0x01744062,
0x0a74a3f0,
0x466290f0,
0xa3f00274,
0x90f00374,
0x32746762,
0x666290f0,
0x90f04b74,
0xfe746562,
0x646290f0,
0x90f0ff74,
0x46746f62,
0x6e6290f0,
0x90f06474,
0xfe746d62,
0xfb6390f0,
0x0002f0e4,
0x5c2690c5,
0xf0fd54e0,
0xe05c2690,
0x90f0fe54,
0x54e04321,
0x2690f0bf,
0xfd54e05d,
0x1b2090f0,
0xf0f754e0,
0xe42b2090,
0x1b2090f0,
0x1a2090f0,
0x882290f0,
0xe4a290f0,
0xa390f0e4,
0x0754e016,
0x0203bafa,
0xa3900a80,
0x0754e016,
0x2105bafa,
0xe04b2190,
0x90f04044,
0x3c741e20,
0x1f2090f0,
0x90f0e574,
0x54e01e20,
0x2090f07f,
0xbf54e01e,
0x4e2290f0,
0xf00844e0,
0xe04e2290,
0x90f00444,
0x54e016a3,
0x03bafa07,
0x900a8002,
0x54e016a3,
0x05bafa07,
0x6422901c,
0xf0fe54e0,
0xe0462290,
0x90f00244,
0x44e04722,
0x2290f001,
0x4044e061,
0x482290f0,
0xf00244e0,
0xe06d2290,
0x90f00144,
0x44e05522,
0x2290f002,
0x0144e06a,
0x472290f0,
0xf00844e0,
0xe0002290,
0x50e690fa,
0xb5eafbe0,
0x22900703,
0x1044e053,
0x532290f0,
0xf04044e0,
0x90c50002,
0xfae0fca3,
0x90030253,
0xfbe00022,
0xe050e690,
0x04b5ebfc,
0x02038002,
0xbae428b9,
0xfb040102,
0x83900960,
0x4044e044,
0xba0a80f0,
0x83900703,
0xbf54e044,
0x488390f0,
0xf00144e0,
0xe0208290,
0x0244f154,
0x248290f0,
0x441f54e0,
0x8390f0c0,
0xe354e048,
0x90f01044,
0x54e01483,
0xf02044cf,
0xe0048390,
0x1044cf54,
0x248290f0,
0x44fc54e0,
0xe690f002,
0xf0087445,
0x7446e690,
0x8290f020,
0x0244e0e0,
0xbc8290f0,
0x44f054e0,
0x8290f007,
0x0f54e0bc,
0x90f06044,
0x23e00ba0,
0xfa015423,
0x1313a090,
0xf0e692e0,
0xe0048390,
0x90f07f54,
0x54e02482,
0xf01844e3,
0xe0908290,
0x90f0e354,
0x20e013e6,
0x829047e1,
0x1f54e0b0,
0xd08290f0,
0xf0e044e0,
0xe01c8290,
0x1044e754,
0x1460ebf0,
0xe0cc8290,
0x1044e354,
0xcc8290f0,
0x441f54e0,
0x1080f0a0,
0xe0cc8290,
0x90f0e354,
0x54e0cc82,
0xf020441f,
0xe012e690,
0x0c44e354,
0x13e690f0,
0xf00444e0,
0xe02ce690,
0x90fa0f54,
0xfbe0006c,
0x8064eac3,
0xf063f08b,
0x50f09580,
0x2ce6900b,
0xfa0f54e0,
0xf0006c90,
0xe02de690,
0x9009e630,
0x44e02c82,
0x0780f010,
0xe02c8290,
0x90f0ef54,
0x54e016a3,
0x03bafa07,
0xd226d22b,
0x28e69027,
0x015403e0,
0x0701bafa,
0xe0522690,
0x90f02044,
0x44e00320,
0x2190f080,
0x8044e003,
0x0f4090f0,
0xf08044e0,
0xe016a390,
0xbafa0754,
0x08800203,
0xe016a390,
0x37700754,
0xe03a6090,
0x90f0fd54,
0x54e08e60,
0x6090f0ef,
0x0f54e08f,
0x90f0c044,
0x54e08e60,
0x6090f0f7,
0xcf54e044,
0x446090f0,
0xf0bf54e0,
0xf08044e0,
0xe0886090,
0x90f00244,
0x1e744660,
0x640290f0,
0x44e754e0,
0xa390f008,
0x0754e016,
0x3103bafa,
0xe0332090,
0xfa0f54c4,
0x948064c3,
0x90224084,
0x54e05000,
0xf01044e7,
0xe0500090,
0x0444f954,
0x500090f0,
0xf0fe54e0,
0xe0540090,
0x80f07f54,
0x5000901c,
0xf01844e0,
0xe0500090,
0x90f00644,
0x44e05000,
0x0090f001,
0x8044e054,
0x212490f0,
0x44f054e0,
0x2490f002,
0x0f54e021,
0x90f02044,
0x54e02224,
0xf00244f0,
0xe0262490,
0x60440f54,
0x272490f0,
0x44f054e0,
0x2490f006,
0x0f54e027,
0x90f06044,
0x54e02424,
0xf00844f0,
0xe0242490,
0x80440f54,
0x252490f0,
0x44f054e0,
0x2490f008,
0xf054e01f,
0x90f00544,
0x54e01c24,
0xf00644f0,
0xe0202490,
0x0144f054,
0x202490f0,
0x440f54e0,
0x2490f090,
0x0f54e025,
0x90f06044,
0x54e02624,
0xf00a44f0,
0xe0402590,
0x0344e054,
0x412590f0,
0x44e054e0,
0x2590f004,
0x1044e049,
0x16a390f0,
0x700754e0,
0x2620900e,
0xf00144e0,
0xe04b2190,
0x90f01044,
0x44e05802,
0x2290f020,
0xf02474dc,
0xf0f474a3,
0xf02074a3,
0x90f0e4a3,
0x44e0df22,
0xe690f080,
0x13c3e02f,
0xf0840090,
0xe02fe690,
0x029013c3,
0x0c90f078,
0xf0147458,
0x74b80c90,
0xe690f014,
0x5403e028,
0x01bafa01,
0x1526904b,
0xf0fb54e0,
0xe0172690,
0x90f0fe54,
0x44e00e26,
0x2690f080,
0x4044e01d,
0x1d2690f0,
0xf08044e0,
0xe0032690,
0x90f00444,
0x44e00026,
0x54e0f080,
0x2690f0bf,
0xfe54e01c,
0x0244e0f0,
0xfb54e0f0,
0x232690f0,
0xf04044e0,
0xe00c0290,
0x0844f354,
0x102490f0,
0xf02044e0,
0xe0132490,
0x90f04044,
0x54e0c00c,
0xf0c44403,
0xe04c2090,
0x400243fa,
0xea4c2090,
0x4d2090f0,
0x0253fae0,
0x4d2090dc,
0xa290f0ea,
0x20fae015,
0x209014e0,
0x53fae04d,
0x2090df02,
0x90f0ea4d,
0x54e0b00c,
0x0002f0e3,
0x79b378c5,
0x12017a8f,
0xa390b300,
0x0754e016,
0x0203bafa,
0xa3900a80,
0x0754e016,
0x0905bafa,
0xe41e2090,
0x1f2090f0,
0x4e2290f0,
0xf0f754e0,
0xe04e2290,
0x90f0fb54,
0x54e016a3,
0x03bafa07,
0x900a8002,
0x54e016a3,
0x05bafa07,
0x6422901c,
0xf0fe54e0,
0xe0462290,
0x90f0fd54,
0x54e04722,
0x2290f0fe,
0xbf54e061,
0x482290f0,
0xf0fd54e0,
0xe06d2290,
0x90f0fe54,
0x54e05522,
0x2290f0fd,
0xfe54e06a,
0x14a390f0,
0x07e320e0,
0xe0472290,
0x90f0f754,
0xfae00022,
0xe050e690,
0x03b5eafb,
0x53229007,
0xf0ef54e0,
0xe0532290,
0x90f0bf54,
0x54e00221,
0x2290f0f7,
0x90f0e438,
0x90f0ca67,
0x90f0cd67,
0x90f0cb67,
0xf0e4d367,
0xe04b6290,
0x90f0fb54,
0x54e00221,
0x2090f0bf,
0xfb54e002,
0x791078f0,
0x12027ab5,
0x1078b300,
0x027ab579,
0x90b30012,
0xfae00022,
0xe050e690,
0x03b5eafb,
0x02038002,
0xa39005be,
0xe130e018,
0x1ba39015,
0x0ee530e0,
0x744ea390,
0x0c74f00e,
0xf00874f0,
0xb878f0e4,
0x027acc79,
0x90b30012,
0x44e04ea3,
0xa390f008,
0x0444e04e,
0x4ea390f0,
0xf00244e0,
0xe04ea390,
0x90f00144,
0x54e01ba3,
0xa390f0fb,
0xfe54e01b,
0x19a390f0,
0xf01044e0,
0xe01ba390,
0x90f07f54,
0x44e033a3,
0xa390f008,
0xdf54e024,
0x4da390f0,
0xf0fb54e0,
0xe011a090,
0x90f00444,
0x44e018a3,
0xa390f001,
0x0144e019,
0x0aa090f0,
0xf08044e0,
0xe0ec8290,
0x90f02044,
0x54e02fa0,
0xa090f0ef,
0xdf54e02f,
0x27a390f0,
0xf0f754e0,
0xe027a390,
0x90f0fb54,
0x54e027a3,
0xa390f0fd,
0xef54e037,
0x37a390f0,
0xf0df54e0,
0xe018a390,
0x90f00444,
0x44e019a3,
0x8290f002,
0x7f54e0a0,
0xa08290f0,
0xf0bf54e0,
0xe0d08290,
0x90f0fd54,
0x54e031a3,
0x8390f0fd,
0xbf54e010,
0x108390f0,
0xf07f54e0,
0xe0c08290,
0x90f07f54,
0x54e00082,
0x8290f0fb,
0x7f54e02c,
0x532090f0,
0x2090f0e4,
0x2090f052,
0x2690f057,
0x2290f064,
0x90f0e4d8,
0x54e00321,
0x2190f0bf,
0x7f54e001,
0x032090f0,
0xf0bf54e0,
0xe0032190,
0x90f0df54,
0x44e06321,
0x2490f040,
0x0144e010,
0x022190f0,
0xf02044e0,
0xe0102490,
0x90f00444,
0x54e00720,
0x2090f0bf,
0x7f54e007,
0x002090f0,
0xf0bf54e0,
0xe0012090,
0x90f07f54,
0x54e00220,
0x2090f0fe,
0xbf54e001,
0x240090f0,
0xf00844e0,
0xe0180290,
0x90f04044,
0x54e04c02,
0x0090f07f,
0xfe54e040,
0x380090f0,
0xf0fe54e0,
0xe0600090,
0x90f0fd54,
0x54e02c00,
0x0090f0fe,
0x7f54e02c,
0x080090f0,
0xf07f54e0,
0xe0540290,
0x90f07f54,
0x54e01121,
0x0290f0fd,
0xbf54e044,
0x022390f0,
0x443f54e0,
0x2390f040,
0xf054e003,
0x90f00244,
0x54e00323,
0x2090f07f,
0xbf54e022,
0x180290f0,
0xf00844e0,
0xe0062090,
0x02f0bf54,
0xe690c500,
0xa3fae05c,
0x704afbe0,
0x5ce6900a,
0xa3f09074,
0x90f00174,
0xfae05ce6,
0x74fbe0a3,
0x82f52a08,
0x83f53be4,
0xe0c00f74,
0x12e0c0e4,
0x82aa266d,
0x81158115,
0xea196690,
0x2ba390f0,
0x5423c4e0,
0x1dc0901f,
0xe690fa93,
0x90f0ea2f,
0x54e09822,
0xf00444f3,
0xe0982290,
0x1044cf54,
0xac2290f0,
0xf0f354e0,
0xe0a32290,
0x90f08044,
0xc3e02fe6,
0x007bfa13,
0x2290048a,
0x8bf0eca0,
0xa1229002,
0x2290f0ea,
0xcf54e0ac,
0x2fe690f0,
0x007bfae0,
0x007d007c,
0x03c002c0,
0x05c004c0,
0xe4f40190,
0x6e12f0f5,
0xab82aa71,
0xfdf0ac83,
0xfc2481e5,
0x068a81f5,
0xeea42290,
0x90068bf0,
0xf0eea522,
0x2290028c,
0x90f0eaa6,
0x54e07422,
0x2290f0f7,
0x3f54e0b0,
0x842290f0,
0xa3f0f474,
0x90f00174,
0xfae02a60,
0xba0a007b,
0x900b0100,
0xfce02fe6,
0x02c0007d,
0x828c03c0,
0x9878838d,
0x027ab479,
0xaab30012,
0x1583ab82,
0x90811581,
0xf0ea8622,
0x12f0eba3,
0x0002f215,
0x281e19c5,
0x7d643e32,
0x7b007a9c,
0x000abb00,
0xa3902b50,
0xe630e019,
0x02800a03,
0x04ba007a,
0x01827505,
0x00901a80,
0xc002c00a,
0x791e7803,
0x12027ab1,
0x03d0b300,
0x800b02d0,
0x008275d0,
0x90c50002,
0x05743022,
0x4ee690f0,
0xf0fe54e0,
0xe009e690,
0x750fe230,
0x59780082,
0x027abe79,
0x02b30012,
0x82902cc1,
0x54c4e0a0,
0x8290fa03,
0x90fbe0a4,
0x03e019a3,
0x90fc0154,
0x44e0a082,
0xa390f080,
0xfe54e030,
0xc002c0f0,
0x1204c003,
0xef78ec42,
0x027ab879,
0xd0b30012,
0xd003d004,
0xa0829002,
0x3054c4ea,
0x54e0f0f5,
0xf0f045cf,
0xeba48290,
0x19a390f0,
0x92e013ec,
0xe690f0e1,
0x8290e015,
0xf50f54c8,
0xf054e0f0,
0x90f0f045,
0x54e0a082,
0x8290f07f,
0xbf54e0a0,
0xd08290f0,
0xf0fd54e0,
0xbf791978,
0x0012027a,
0x0d0320b3,
0xc0792578,
0x0012017a,
0x7082e5b3,
0x4ce69013,
0xf0bf54e0,
0x78008275,
0x7abe7959,
0xb3001202,
0xe0b86790,
0x1349e690,
0xf0e192e0,
0xe03de690,
0xf00e6690,
0x78018275,
0x7abf7939,
0xb3001202,
0xe04ee690,
0x02f00144,
0x8275c500,
0x79597801,
0x12027abe,
0xe690b300,
0xe420e00d,
0x08c20203,
0xe01ba390,
0x90f00444,
0x44e02c82,
0xa390f020,
0x0444e019,
0xd08290f0,
0xf00244e0,
0xe02c8290,
0x90f01044,
0x1e780500,
0x027ab179,
0x90b30012,
0x44e01ba3,
0xa390f001,
0xef54e019,
0x6be690f0,
0x007bfae0,
0x838b828a,
0xb1791e78,
0x0012027a,
0x2c8290b3,
0xf0df54e0,
0xe010e690,
0x8a007bfa,
0x78838b82,
0x7ab1791e,
0xb3001202,
0xe02c8290,
0x90f0ef54,
0x54e0d082,
0xa390f0fd,
0xfb54e019,
0x798d78f0,
0x12027ac3,
0x1978b300,
0x027abf79,
0x78b30012,
0x7acb79f1,
0xb3001202,
0x75c50002,
0x59780182,
0x027abe79,
0x90b30012,
0x44e019a3,
0x8290f004,
0x0244e0d0,
0x2c8290f0,
0xf01044e0,
0xe010e690,
0x8a007bfa,
0x78838b82,
0x7ab1791e,
0xb3001202,
0xe02c8290,
0x90f0ef54,
0x54e0d082,
0xa390f0fd,
0xfb54e019,
0x798d78f0,
0x12027ac3,
0x1978b300,
0x027abf79,
0x78b30012,
0x7acb79f1,
0xb3001202,
0x90c50002,
0x54e0f1a2,
0xf00344f8,
0xe0f1a290,
0x90f03844,
0x0174cde6,
0x790278f0,
0x12017abf,
0x2290b300,
0x90f0e438,
0x90f01c66,
0x23e018a3,
0xa3900154,
0x92e01318,
0x2290f0e6,
0x90fae000,
0xfbe050e6,
0x3003b5ea,
0xe014a390,
0x03542323,
0x0902bafa,
0xe015a390,
0x80f00344,
0x14a3901b,
0x542323e0,
0x03bafa03,
0x1c66900f,
0x90f00174,
0x54e015a3,
0xf00144fc,
0xe0072090,
0x9012e520,
0x30e00720,
0x6878f2e0,
0x017acd79,
0x80b30012,
0x018275e7,
0xb1790178,
0x0012017a,
0xc0e590b3,
0x92ff24e0,
0x2892b313,
0x829033e4,
0x92e013d4,
0x28a2f0e6,
0x839033e4,
0x92e01334,
0x6690f0e7,
0x90f0e423,
0x90f02466,
0xfae00022,
0xe050e690,
0x03b5eafb,
0x24669006,
0x90f00174,
0x02743022,
0x799c78f0,
0x12017ab4,
0x1378b300,
0x017ab879,
0x90b30012,
0x44e01024,
0x2490f020,
0x4044e013,
0x6a2190f0,
0xf00444e0,
0xe0632190,
0x90f04044,
0x54e00c02,
0xa390f07f,
0x1044e019,
0x33a390f0,
0xf00844e0,
0xe0240090,
0x90f00844,
0x44e0ec82,
0x0290f020,
0x4044e018,
0x4c2190f0,
0xf0fe54e0,
0x742b6690,
0x6090f001,
0x0144e003,
0x1ba390f0,
0xf9e530e0,
0xe01ba390,
0x90f2e530,
0x30e01ba3,
0x2290ebe5,
0x90fae000,
0xfbe050e6,
0x5803b5ea,
0xe018a390,
0x90f02044,
0x44e005e6,
0x0090f001,
0x791e78c8,
0x12027ab1,
0xa390b300,
0xf008744e,
0x780a0090,
0x7ab1791e,
0xb3001202,
0x744ea390,
0x0090f00c,
0x791e780a,
0x12027ab1,
0xa390b300,
0xf00e744e,
0x780a0090,
0x7ab1791e,
0xb3001202,
0x744ea390,
0x0980f00f,
0xc9797978,
0x0012027a,
0x320090b3,
0xb1791e78,
0x0012027a,
0x032190b3,
0xf02044e0,
0x78960090,
0x7ab1791e,
0xb3001202,
0xe0236690,
0x901770fa,
0x30e00720,
0x2090f9e5,
0xe430e007,
0x022190f2,
0x09e220e0,
0xa390e980,
0xe430e01a,
0x0ce690f9,
0x3de020e0,
0xe0002290,
0x50e690fa,
0xb5eafbe0,
0xa3901a03,
0x0444e01b,
0x050090f0,
0xb1791e78,
0x0012027a,
0x1ba390b3,
0xf00144e0,
0xe0236690,
0x900e70fa,
0x30e01ba3,
0xa390f9e0,
0xe230e01b,
0x24a390f2,
0xf02044e0,
0x78050090,
0x7ab1791e,
0xb3001202,
0xe04da390,
0x90f00444,
0xfae02366,
0xa3900e70,
0xe030e01b,
0x1ba390f9,
0xf2e230e0,
0xe0032190,
0x90f04044,
0x1e780500,
0x027ab179,
0x90b30012,
0x44e00121,
0x0090f080,
0x791e7804,
0x12027ab1,
0x2190b300,
0x0144e04c,
0xc80090f0,
0xb1791e78,
0x0012027a,
0xc80090b3,
0xb1791e78,
0x0012027a,
0x240090b3,
0xf0f754e0,
0xe0ec8290,
0x90f0df54,
0x54e01802,
0x6690f0bf,
0x70fae023,
0x0720900e,
0xf9e530e0,
0xe0072090,
0x90f2e430,
0x44e00320,
0x2178f040,
0x017ab779,
0xd2b30012,
0x302290af,
0x02f00374,
0x2290c500,
0x90fae000,
0xfbe050e6,
0x1503b5ea,
0xc1795678,
0x0012017a,
0x091230b3,
0xd979af78,
0x0012017a,
0x002290b3,
0xe690fae0,
0xeafbe050,
0x902d03b5,
0x54e019a3,
0xa390f0fe,
0xfe54e018,
0x0a0090f0,
0xb1791e78,
0x0012027a,
0x0aa090b3,
0xf07f54e0,
0xe011a090,
0x90f0fb54,
0xf0e4cde6,
0xe0cde690,
0xa3900760,
0xe420e01a,
0xc50002f3,
0x229082aa,
0x90fbe000,
0xfce050e6,
0x1104b5eb,
0xe014a390,
0x01540303,
0x00bbe4fb,
0x42fb0401,
0x02219002,
0xf01044e0,
0x901c60ea,
0x44e019a3,
0xa390f001,
0x0144e018,
0x0aa090f0,
0xf08044e0,
0xe011a090,
0x90f00444,
0x44e01024,
0x2190f001,
0x2044e002,
0x078e75f0,
0xe0102490,
0x75f00444,
0x0002008e,
0x79e678c5,
0x12017a9c,
0x2490b300,
0xdf54e001,
0x022490f0,
0xf0fe54e0,
0xe0022190,
0x90f01044,
0x44e01024,
0x2190f001,
0x2044e002,
0x078e75f0,
0xe0102490,
0x75f00444,
0x2190008e,
0xbf54e002,
0x072090f0,
0x17e330e0,
0xe0072090,
0x78f04044,
0x7ab57910,
0xb3001202,
0xe0072090,
0x90f08044,
0x54e00c02,
0x2190f07f,
0xbf54e003,
0x012190f0,
0xf07f54e0,
0xe04c2190,
0x90f0fe54,
0x20e00720,
0x22901ce5,
0xf0217430,
0x78008275,
0x7ab17901,
0xb3001201,
0xe0022090,
0x02f0fb54,
0x22906ec7,
0xf0237430,
0x78018275,
0x7ab17901,
0xb3001201,
0xe0022190,
0x01540303,
0x0401bafa,
0x538005d2,
0xe0cee690,
0x1a784d60,
0x017aed79,
0x90b30012,
0xf0e4cee6,
0xe0002290,
0x50e690fa,
0xb5eafbe0,
0xa3902a03,
0xfe54e019,
0x18a390f0,
0xf0fe54e0,
0x780a0090,
0x7ab1791e,
0xb3001202,
0xe00aa090,
0x90f07f54,
0x54e011a0,
0x0780f0fb,
0xe011a090,
0x90f9e220,
0x44e00220,
0x0002f004,
0x4c2190c5,
0x57e030e0,
0xe0012490,
0x90f0df54,
0x54e00224,
0x2090f0fe,
0xe330e007,
0x07209017,
0xf04044e0,
0xb5791078,
0x0012027a,
0x072090b3,
0xf08044e0,
0xe0022190,
0x90f01044,
0x44e01024,
0x2190f001,
0x2044e002,
0x078e75f0,
0xe0102490,
0x75f00444,
0x4e78008e,
0x027aca79,
0x90b30012,
0x54e00120,
0x2090f07f,
0xfe54e002,
0x012090f0,
0xf0bf54e0,
0xb5791078,
0x0012027a,
0x1aa390b3,
0x0be420e0,
0xca79e778,
0x0012027a,
0x901a80b3,
0xc4e01aa3,
0xbafa0154,
0xe6900f01,
0x0960e0cd,
0xc5798278,
0x0012017a,
0x302290b3,
0x90f01b74,
0x54e00320,
0xa390f0bf,
0xe030e01a,
0x1aa39023,
0x1ce420e0,
0xe0012090,
0xfa015403,
0x900901ba,
0x44e01ba3,
0x1c80f080,
0x74302290,
0x1480f026,
0xe01a2090,
0x9007e720,
0x30e00720,
0x229006e0,
0xf0207430,
0x7ac50002,
0x1aa39000,
0x24e030e0,
0xe01aa390,
0x901de420,
0x03e00120,
0xbbfb0154,
0xa3900901,
0x8044e01b,
0x900980f0,
0x26743022,
0xcec902f0,
0xe01a2090,
0x9007e720,
0x30e00720,
0x229009e0,
0xf0207430,
0x90cec902,
0x23e00620,
0xbbfb0154,
0x22900901,
0xf01e7430,
0x90cec902,
0xc4e00720,
0xfb015403,
0xd20201bb,
0x99053005,
0xc0018275,
0x79017802,
0x12017ab1,
0x02d0b300,
0xe0072090,
0xfb0154c4,
0x901501bb,
0x03e00221,
0xfb015403,
0x900901bb,
0x32743022,
0xcec902f0,
0xe01ba390,
0x90f07f54,
0x44e00320,
0xa390f040,
0xe430e01a,
0xcde69021,
0xc01b60e0,
0x79827802,
0x12017ac5,
0x0090b300,
0x791e7832,
0x12027ab1,
0x02d0b300,
0x017a0280,
0x1a7802c0,
0x017aed79,
0xd0b30012,
0xcee69002,
0x2290f0e4,
0x90fbe000,
0xfce050e6,
0x2e04b5eb,
0xe019a390,
0x90f0fe54,
0x54e018a3,
0x0090f0fe,
0x7802c00a,
0x7ab1791e,
0xb3001202,
0xa09002d0,
0x7f54e00a,
0x11a090f0,
0xf0fb54e0,
0xa0900780,
0xe220e011,
0x2870eaf9,
0xe008a090,
0xa0901670,
0x0354e009,
0xa0900e70,
0x0870e010,
0xe011a090,
0x0c600354,
0x78320090,
0x7ab1791e,
0xb3001202,
0xe0022190,
0xc202e220,
0x30229005,
0x90f02374,
0x44e00220,
0x0002f004,
0x1d0520c5,
0xe0022190,
0x9016e220,
0x20e01a20,
0x209007e7,
0xe030e007,
0x302290e8,
0x80f03374,
0x7805c26b,
0x7ac979ec,
0xb3001202,
0xce793378,
0x0012027a,
0x798678b3,
0x12027a8a,
0x0090b300,
0x791e7814,
0x12027ab1,
0xe578b300,
0x027acc79,
0x90b30012,
0x44e00324,
0x54e0f020,
0x44e0f0df,
0x2490f002,
0xfd54e003,
0x0144e0f0,
0xfe54e0f0,
0xcb6790f0,
0x2290f0e4,
0xf02c7430,
0xe0022190,
0x78f04044,
0x7a8f7962,
0xb3001201,
0x7ac50002,
0x1ba39000,
0xf07f54e0,
0xe0032090,
0xc0f04044,
0x79ec7802,
0x12027ac9,
0x02d0b300,
0xe0cde690,
0x4c01bbfb,
0xe01c6690,
0x903670fb,
0xfbe00022,
0xe050e690,
0x04b5ebfc,
0x03112028,
0xc00d1330,
0x79567802,
0x12017ac1,
0x02d0b300,
0xc00d1230,
0x79af7802,
0x12017ad9,
0x02d0b300,
0xe4cde690,
0x7802c0f0,
0x7acc799e,
0xb3001202,
0x028002d0,
0x02c0017a,
0xce793378,
0x0012027a,
0x798678b3,
0x12027a8a,
0x6278b300,
0x017a8f79,
0x78b30012,
0x7aed791a,
0xb3001201,
0xe4cee690,
0x79e578f0,
0x12027acc,
0x02d0b300,
0x900c70ea,
0x1e786400,
0x027ab179,
0x90b30012,
0xf0e4cb67,
0x74302290,
0x2090f02c,
0x0444e002,
0x022190f0,
0xf04044e0,
0x90c50002,
0x20e007e6,
0x88751de3,
0x53209004,
0xf00244e0,
0xf0fd54e0,
0xe0422290,
0x75f02044,
0x88758a87,
0x904a8005,
0x44e05320,
0x54e0f002,
0x2290f0fd,
0x90fae000,
0xfbe050e6,
0x0e03b5ea,
0xe037a390,
0x90f02044,
0x44e037a3,
0xa390f010,
0xe020e01a,
0x002290f9,
0xe690fae0,
0xeafbe050,
0x900e03b5,
0x54e037a3,
0xa390f0ef,
0xdf54e037,
0x422290f0,
0xf0df54e0,
0xe01ba390,
0x90f07f54,
0x44e05320,
0x54e0f002,
0x2090f0fd,
0xe330e007,
0x07209017,
0xf04044e0,
0xb5791078,
0x0012027a,
0x072090b3,
0xf08044e0,
0xe018a390,
0xfa015403,
0x800201ba,
0x67cc0203,
0xe018a390,
0x015423c4,
0x0801bafa,
0x74302290,
0x0680f024,
0x74302290,
0x2190f025,
0xdf54e003,
0x4ea390f0,
0x2290f0e4,
0x90fae000,
0xfbe050e6,
0x2303b5ea,
0xe018a390,
0x015423c4,
0x0c01bafa,
0x78c80090,
0x7ab1791e,
0xb3001202,
0xc9793278,
0x0012027a,
0x780980b3,
0x7ac97979,
0xb3001202,
0x78320090,
0x7ab1791e,
0xb3001202,
0xe0032190,
0x90f02044,
0x1e789600,
0x027ab179,
0x90b30012,
0x30e00720,
0x209007e5,
0xe420e007,
0x1aa39010,
0xebe030e0,
0x74302290,
0xcd02f026,
0x03209065,
0xf04044e0,
0xc5798278,
0x0012017a,
0x320090b3,
0xb1791e78,
0x0012027a,
0x791a78b3,
0x12017aed,
0x2290b300,
0x90fae000,
0xfbe050e6,
0x2a03b5ea,
0xe019a390,
0x90f0fe54,
0x54e018a3,
0x0090f0fe,
0x791e780a,
0x12027ab1,
0xa090b300,
0x7f54e00a,
0x11a090f0,
0xf0fb54e0,
0xa0900780,
0xe220e011,
0x302290f9,
0x24bafae0,
0x07209036,
0xf07f54e0,
0xe0072090,
0x90f0bf54,
0x54e00720,
0x2090f0bf,
0xbf54e007,
0x900190f0,
0xb1791e78,
0x0012027a,
0x072090b3,
0xf04044e0,
0xe0072090,
0x90f08044,
0x70e008a0,
0x09a09016,
0x700354e0,
0x10a0900e,
0x900870e0,
0x54e011a0,
0x900c6003,
0x1e783200,
0x027ab179,
0x90b30012,
0x20e00221,
0x05c202e2,
0x74302290,
0x2090f023,
0x0444e002,
0xc50002f0,
0x74302290,
0x0090f02e,
0x791e78c8,
0x12027ab1,
0xe690b300,
0xe420e004,
0x00229024,
0xe690fae0,
0xeafbe050,
0x780b03b5,
0x7ac97932,
0xb3001202,
0x79786a80,
0x027ac979,
0x80b30012,
0x4ea3905f,
0x58e020e0,
0xe04ea390,
0x080243fa,
0xea4ea390,
0x0a0090f0,
0xb1791e78,
0x0012027a,
0x4ea390b3,
0x0243fae0,
0x4ea3900c,
0x0090f0ea,
0x791e780a,
0x12027ab1,
0xa390b300,
0x43fae04e,
0xa3900e02,
0x90f0ea4e,
0x1e780a00,
0x027ab179,
0x90b30012,
0xfae04ea3,
0x900f0243,
0xf0ea4ea3,
0x78c80090,
0x7ab1791e,
0xb3001202,
0xe0032090,
0x78f04044,
0x7ab57910,
0xb3001202,
0xe0022090,
0x90f00144,
0x1e78c800,
0x027ab179,
0x78b30012,
0x7ad07944,
0xb3001201,
0xe0012090,
0x90f04044,
0x54e00320,
0xa390f0bf,
0xe520e01b,
0x4ea39005,
0x2090f0e4,
0xe020e007,
0x012090f9,
0xf0bf54e0,
0x90c50002,
0x44e00220,
0x4478f001,
0x017ad079,
0x90b30012,
0x1e78c800,
0x027ab179,
0x90b30012,
0x44e00120,
0x2090f040,
0xe020e007,
0x012090f9,
0xf0bf54e0,
0xe4cb6790,
0xfb6390f0,
0x0253fae0,
0xfb6390f8,
0x2290f0ea,
0xf02c7430,
0x90c50002,
0x80745220,
0x90f0e4f0,
0x30e007e6,
0x409017e7,
0xe130e008,
0xfc039009,
0xf00144e0,
0x03900780,
0xfe54e0fc,
0x791078f0,
0x12027ab5,
0x5478b300,
0x027ace79,
0x90b30012,
0x44e00220,
0x2090f001,
0x8044e001,
0x002090f0,
0xf9e130e0,
0xb5791078,
0x0012027a,
0x012090b3,
0xf07f54e0,
0xb5791078,
0x0012027a,
0x022090b3,
0xf0fe54e0,
0xce795478,
0x0012027a,
0x012090b3,
0xf04044e0,
0xe0072090,
0x90f9e020,
0x54e00120,
0x6390f0bf,
0x53fae0fb,
0x6390f802,
0x90f0eafb,
0x23743022,
0xc50002f0,
0x74522090,
0xf0e4f080,
0xe0032090,
0x78f04044,
0x7ab57910,
0xb3001202,
0xce795478,
0x0012027a,
0x022090b3,
0xf00144e0,
0xb5791078,
0x0012027a,
0x012090b3,
0xf08044e0,
0xe0002090,
0x78f9e130,
0x7ab57910,
0xb3001202,
0xe0012090,
0x90f07f54,
0x54e00220,
0x5478f0fe,
0x027ace79,
0x90b30012,
0x54e00320,
0x2090f0bf,
0x4044e001,
0x072090f0,
0xf9e020e0,
0xe0012090,
0x90f0bf54,
0xfae0fb63,
0x90f80253,
0xf0eafb63,
0x74302290,
0x0002f01b,
0x032090c5,
0xf04044e0,
0xb5791078,
0x0012027a,
0x072090b3,
0xf07f54e0,
0x78050090,
0x7ab1791e,
0xb3001202,
0xe0072090,
0x30f0bf54,
0x2090fd05,
0x4044e007,
0x791078f0,
0x12027ab5,
0x2090b300,
0x8044e007,
0x791078f0,
0x12027ab5,
0x2090b300,
0xbf54e003,
0x302290f0,
0xc2f01b74,
0xc5000205,
0xb5791078,
0x0012027a,
0x072090b3,
0xf04044e0,
0xb5791078,
0x0012027a,
0x072090b3,
0xf08044e0,
0xe0012090,
0x90f08044,
0x30e00020,
0x1078f9e1,
0x027ab579,
0x90b30012,
0x54e00120,
0x1078f07f,
0x027ab579,
0x90b30012,
0x54e00720,
0x1078f07f,
0x027ab579,
0x90b30012,
0x54e00720,
0x2090f0bf,
0xfe54e002,
0xc50002f0,
0xe030a390,
0xfa015403,
0xe030a390,
0xeaf00144,
0xa3900a60,
0xe130e030,
0xf6033003,
0xe030a390,
0x3003e120,
0xa390f603,
0xfe54e030,
0x050330f0,
0x80000090,
0x2ea3900c,
0xe0a3fae0,
0x8b828afb,
0xc5000283,
0x007b007a,
0x50000abb,
0x19a39034,
0x03e730e0,
0x7a02800a,
0x28e69000,
0x0f54c4e0,
0x04b5eafc,
0x01827505,
0x00901a80,
0xc002c064,
0x791e7803,
0x12027ab1,
0x03d0b300,
0x800b02d0,
0x008275c7,
0xc0c50002,
0xf581e518,
0xf5072418,
0x30229081,
0x90f03674,
0x54e04fe6,
0xe690f0fe,
0xe030e009,
0x0082751a,
0x8c797a78,
0x0012027a,
0x048390b3,
0xf04044e0,
0xf0bf54e0,
0x901dd802,
0x44e04de6,
0x03c2f008,
0xe049e690,
0xc20ee220,
0x758fc28e,
0x8d75f08b,
0xc28ed2d8,
0x79c47803,
0x12027ab3,
0x82aab300,
0x74c383ab,
0x7f749a86,
0xf063f08b,
0xe4f09580,
0x0b60fc33,
0xe4216690,
0x0574a3f0,
0xec2680f0,
0x74c31a70,
0x7e749abf,
0xf063f08b,
0x50f09580,
0x2166900b,
0x74a3f0e4,
0x0980f004,
0xe4216690,
0x0374a3f0,
0x216690f0,
0xe0a3fae0,
0x8024eafb,
0xff34ebfc,
0x2a8074fd,
0xfb3be4fa,
0xe0008390,
0x90f00754,
0x54e00483,
0x02c0f0f0,
0x04c003c0,
0x047805c0,
0x027a8d79,
0x90b30012,
0x44e01083,
0x0090f040,
0x791e7864,
0x12027ab1,
0x05d0b300,
0x03d004d0,
0x839002d0,
0x8044e010,
0x2fe690f0,
0x18e5fee0,
0xa6f80624,
0x00760806,
0x062418e5,
0xffb616f8,
0xe5160802,
0xf8062418,
0xa3900686,
0xe5f0ee2c,
0xf8062418,
0x90068608,
0xf0ee2da3,
0xe031a390,
0x90f00244,
0x03e0f082,
0xa8fe0354,
0x06a60818,
0xe0f48290,
0x0818a8ff,
0x9007a608,
0x03e018a3,
0xff015403,
0x032418e5,
0xc007a6f8,
0xc003c002,
0x1205c004,
0x00902743,
0x791e7828,
0x12027ab1,
0x05d0b300,
0x03d004d0,
0xa39002d0,
0x23c4e031,
0xbfff0154,
0xe6900701,
0xe030e044,
0x31a3905e,
0x0ce320e0,
0xe044e690,
0xbfff0154,
0x4b800201,
0xe0048390,
0x0fff0f54,
0xef048390,
0xf0f50f54,
0x45f054e0,
0x8390f0f0,
0x4044e004,
0xbf54e0f0,
0x280090f0,
0x03c002c0,
0x05c004c0,
0xb1791e78,
0x0012027a,
0xd005d0b3,
0xd003d004,
0x04839002,
0xff0f54e0,
0x948064c3,
0x908f408f,
0x03e030a3,
0x90ff0154,
0x54e030a3,
0x44e0f0fe,
0x60eff001,
0x30a3900a,
0x03e130e0,
0x90f60330,
0x20e030a3,
0x033003e1,
0x30a390f6,
0xf0fe54e0,
0x02030330,
0xa39014d5,
0xa3ffe02e,
0x18e5fee0,
0xa6f80424,
0x06a60807,
0xe018e690,
0xffe0a3fe,
0x042418e5,
0x9ee6c3f8,
0x409fe608,
0x14d50203,
0xe0008390,
0x1f5423c4,
0x4c17befe,
0xe0048390,
0xbefe0f54,
0x7680020f,
0xe0048390,
0x0efe0f54,
0xee048390,
0xf0f50f54,
0x45f054e0,
0x8390f0f0,
0x4044e004,
0xbf54e0f0,
0x280090f0,
0x03c002c0,
0x05c004c0,
0xb1791e78,
0x0012027a,
0xd005d0b3,
0xd003d004,
0xfcd40202,
0xe0008390,
0x1f5423c4,
0x83900efe,
0x03c4ee00,
0xf0f5f854,
0x450754e0,
0x0090f0f0,
0xc002c014,
0xc004c003,
0x791e7805,
0x12027ab1,
0x05d0b300,
0x03d004d0,
0x839002d0,
0x0f54e004,
0x8064c3fe,
0x1c508f94,
0xe031a390,
0x9007e320,
0x30e044e6,
0xa3901fe0,
0xe330e031,
0x44e69007,
0x11e020e0,
0xe0008390,
0x1f5423c4,
0x0217befe,
0xd4020380,
0x048390e0,
0xfe0f54e0,
0x0483900e,
0xf50f54ee,
0xf054e0f0,
0x90f0f045,
0x44e00483,
0x54e0f040,
0x0090f0bf,
0xc002c028,
0xc004c003,
0x791e7805,
0x12027ab1,
0x05d0b300,
0x03d004d0,
0x839002d0,
0x0f54e004,
0x8064c3fe,
0x03508f94,
0x9012d402,
0xfee02166,
0xc3ffe0a3,
0x9bef9aee,
0xd6020340,
0x21669052,
0xf02e2074,
0xf0a33fe4,
0x03c002c0,
0x05c004c0,
0x8d790478,
0x0012027a,
0x280090b3,
0xb1791e78,
0x0012027a,
0xd005d0b3,
0xd003d004,
0x12d40202,
0xc0140090,
0xc003c002,
0x7805c004,
0x7ab1791e,
0xb3001202,
0x04d005d0,
0x02d003d0,
0xe018e690,
0xffe0a3fe,
0x042418e5,
0x9ee6c3f8,
0x509fe608,
0x23d30203,
0xe0216690,
0xffe0a3fe,
0x0203704e,
0x033052d6,
0x52d60203,
0xfee024ee,
0xffff34ef,
0xee216690,
0xf0efa3f0,
0xe0048390,
0x03700f54,
0x90d2d502,
0x54e00483,
0x64c3fe0f,
0x408f9480,
0xd2d50203,
0xe0216690,
0xffe0a3fe,
0xef9ceec3,
0x9034509d,
0x2c742166,
0x0174f02e,
0x90f0a33f,
0x54e00483,
0xc05b600f,
0x9005c004,
0x54e00483,
0x901cfc0f,
0x54ec0483,
0xe0f0f50f,
0xf045f054,
0xd005d0f0,
0xc33b8004,
0x9feb9eea,
0x24ee3450,
0x34effed4,
0x6690fffe,
0xa3f0ee21,
0x8390f0ef,
0x0f54e004,
0x8064c3fe,
0x16508f94,
0xe0048390,
0x0efe0f54,
0xee048390,
0xf0f50f54,
0x45f054e0,
0x02c0f0f0,
0x04c003c0,
0x047805c0,
0x027a8d79,
0x90b30012,
0x1e782800,
0x027ab179,
0xd0b30012,
0xd004d005,
0x9002d003,
0x03e030a3,
0xfffe0154,
0xe030a390,
0xeff00144,
0xa3900a60,
0xe130e030,
0xf6033003,
0xe030a390,
0x3003e120,
0xa390f603,
0xfe54e030,
0x2a0320f0,
0xe02ea390,
0xffe0a3fe,
0x042418e5,
0x0806a6f8,
0xe69007a6,
0xa3fee018,
0x18e5ffe0,
0xc3f80424,
0x08ef96ee,
0x02035096,
0x033014d5,
0xb1d70203,
0xe030a390,
0xfe015403,
0x30a390ff,
0xf00144e0,
0x900a60ef,
0x30e030a3,
0x033003e1,
0x30a390f6,
0x03e120e0,
0x90f60330,
0x54e030a3,
0x0330f0fe,
0xb1d70203,
0xe02ea390,
0xffe0a3fe,
0x042418e5,
0x0806a6f8,
0xe69007a6,
0xa3fee018,
0x18e5ffe0,
0xe6f80424,
0x080806b5,
0x0307b5e6,
0x90b1d702,
0xfee018e6,
0xe5ffe0a3,
0xf8042418,
0xef96eec3,
0x1a509608,
0xe0216690,
0xffe0a3fe,
0xfee024ee,
0xffff34ef,
0xee216690,
0xf0efa3f0,
0x66901380,
0xa3fee021,
0x6690ffe0,
0x2e207421,
0xa33fe4f0,
0x216690f0,
0xe0a3fee0,
0x9ceec3ff,
0x34509def,
0x74216690,
0x74f02e2c,
0xf0a33f01,
0xe0048390,
0x5b600f54,
0x05c004c0,
0xe0048390,
0x1cfc0f54,
0xec048390,
0xf0f50f54,
0x45f054e0,
0x05d0f0f0,
0x3b8004d0,
0xeb9eeac3,
0xee34509f,
0xeffed424,
0x90fffe34,
0xf0ee2166,
0x90f0efa3,
0x54e00483,
0x64c3fe0f,
0x508f9480,
0x04839016,
0xfe0f54e0,
0x0483900e,
0xf50f54ee,
0xf054e0f0,
0xc0f0f045,
0xc003c002,
0x7805c004,
0x7a8d7904,
0xb3001202,
0x78280090,
0x7ab1791e,
0xb3001202,
0x04d005d0,
0x02d003d0,
0xe0216690,
0xffe0a3fe,
0xc30a604e,
0x9bef9aee,
0xd6020350,
0xf0829052,
0xe60818a8,
0x0654e025,
0x54e0f0f5,
0xf0f045f9,
0xa8f48290,
0xe6080818,
0x18a390f0,
0x032418e5,
0xe013e6f8,
0x90f0e292,
0x54e031a3,
0x8390f0fd,
0xbf54e010,
0x108390f0,
0xf07f54e0,
0xde792478,
0x0012017a,
0x150330b3,
0xe04de690,
0x75f0f754,
0x7a780082,
0x027a8c79,
0x80b30012,
0x0082750c,
0x8c790778,
0x0012027a,
0x018275b3,
0x8c790778,
0x0012027a,
0x46e690b3,
0xfa13c3e0,
0xf03f6690,
0xea3e6690,
0x4fe690f0,
0xf00144e0,
0x8fc28ec2,
0xd0811885,
0xc5000218,
0xe0166690,
0x04bae4fa,
0x60fa0401,
0x15a2900b,
0xe630fbe0,
0xacd90203,
0x74302290,
0x60eaf03a,
0x0883901e,
0x5403c4e0,
0x007afb07,
0xe00c8390,
0x90007dfc,
0x2aec2166,
0xa33bedf0,
0xc23780f0,
0x1fe690af,
0x24e025e0,
0xe482f5dc,
0x83f5e534,
0xe0a3fae0,
0x216690fb,
0xeba3f0ea,
0x90048bf0,
0xc4ec0883,
0xf5e05423,
0x1f54e0f0,
0x90f0f045,
0xf0ea0c83,
0xa390afd2,
0xe220e031,
0x44e69007,
0x0ee130e0,
0xe031a390,
0x9010e230,
0x30e044e6,
0x669009e1,
0x0124e03e,
0x900980f0,
0x14e03e66,
0xf03e6690,
0xe046e690,
0x3e6690fa,
0xecfcfbe0,
0x400002b5,
0x3f66903d,
0x3e6690e0,
0x45e690f0,
0x007cfae0,
0x9ac3ff74,
0x9c0774fa,
0x216690fc,
0xe0a3fde0,
0x9aedc3fe,
0x03409cee,
0x90acd902,
0xfae045e6,
0x6690007c,
0xf02dea21,
0xf0a33eec,
0x70eb3380,
0x3f66906b,
0x3e6690e0,
0x45e690f0,
0x6690fae0,
0xa3fbe021,
0x007dfce0,
0xed9beac3,
0x904d509c,
0xfae045e6,
0x6690007d,
0x9ac3eb21,
0xa39decf0,
0x790478f0,
0x12027a8d,
0x6690b300,
0xbafae016,
0xa2900804,
0x30fae017,
0xafc222e5,
0xe01fe690,
0xdc24e025,
0xe534e4fa,
0x216690fb,
0xe0a3fce0,
0x8b828afd,
0xa3f0ec83,
0xafd2f0ed,
0xc0c50002,
0xf581e518,
0xf50e2418,
0x2418e581,
0x0076f808,
0x7c007608,
0x90007d00,
0x44e04de6,
0x03c2f010,
0xe049e690,
0xc20ee220,
0x758fc28e,
0x8d75f08b,
0xc28ed2d8,
0x4da39003,
0x35e220e0,
0xe024a390,
0x90f02044,
0x04c00500,
0x1e7805c0,
0x027ab179,
0x90b30012,
0x44e04da3,
0x0090f004,
0x791e7805,
0x12027ab1,
0x05d0b300,
0xa39004d0,
0xf754e033,
0xc0007ef0,
0x9005c004,
0x44e01083,
0x8390f040,
0x8044e010,
0x30a390f0,
0xf0fe54e0,
0xe0f08290,
0xff035403,
0x080818a8,
0x829007a6,
0xe5fce0f4,
0xf8032418,
0xa39004a6,
0x0303e018,
0xe5fc0154,
0xf8042418,
0x04c004a6,
0x06c005c0,
0x75274312,
0x7a780182,
0x027a8c79,
0xd0b30012,
0xd005d006,
0x04839004,
0xf04044e0,
0xf0bf54e0,
0xe052e790,
0xfde0a3fc,
0x04c006c0,
0x009005c0,
0x706d120a,
0x83ad82ac,
0x81158115,
0x828c06d0,
0x04c0838d,
0x06c005c0,
0xb1791e78,
0x0012027a,
0xd006d0b3,
0x9004d005,
0x44e031a3,
0x18e5f002,
0x76f80e24,
0x2418e500,
0x0076f805,
0x04d005d0,
0x760818a8,
0xc004c000,
0x7806c005,
0x7ad079ac,
0xb3001201,
0x83ad82ac,
0x18e506d0,
0xa6f80624,
0x05a60804,
0xe018e690,
0xfde0a3fc,
0x01ffbc1c,
0x2418e51d,
0x0286f806,
0xc3038608,
0x9deb9cea,
0x04d005d0,
0x04c04140,
0xe69005c0,
0xa3fae018,
0xba0afbe0,
0xe50b0100,
0xf8062418,
0x86080486,
0x9ceac305,
0x05d09deb,
0x1b4004d0,
0xe60818a8,
0x18e50770,
0x76f80524,
0x0818a801,
0x500001b6,
0x3edd0203,
0xa85ddd02,
0x60e60818,
0x2418e508,
0x01b6f805,
0xe506c04b,
0xf8052418,
0xe6900076,
0xa3fae018,
0x18e5fbe0,
0xeaf80624,
0xebfa96c3,
0x90fb9608,
0xfee01ae6,
0xf005f08e,
0x2aea0680,
0xfb33ebfa,
0xe5f7f0d5,
0xf80c2418,
0xa60802a6,
0x2418e503,
0x0486f80c,
0xd0058608,
0x8ddc0206,
0x18e506c0,
0xe5f80624,
0xf9082418,
0xfa97c3e6,
0x9709e608,
0x2418e5fb,
0x02a6f80a,
0x9003a608,
0xfee018e6,
0xe5fae0a3,
0xf8062418,
0xfe96c3ee,
0xfa9608ea,
0x078d038c,
0x03c006c0,
0x828e07c0,
0x6d12838a,
0xab82aa70,
0x15811583,
0xd006d081,
0x2418e506,
0x08e6f80a,
0xc0437046,
0x18e69006,
0xe0a3fae0,
0x2418e5fb,
0xc3eaf806,
0x08ebfa96,
0xe790fb96,
0x7effe02a,
0xc006c000,
0x8a06c007,
0x12838b82,
0x82aa706d,
0x811583ab,
0x06d08115,
0x0c2418e5,
0x0802a6f8,
0x06d003a6,
0x06c02980,
0x0a2418e5,
0xe0c0e6f8,
0xe0c0e608,
0x838b828a,
0xaae16e12,
0x1583ab82,
0xd0811581,
0x2418e506,
0x02a6f80c,
0xe503a608,
0xf80c2418,
0x86080486,
0x21669005,
0xe0a3fae0,
0x2418e5fb,
0x6690f80c,
0xf02ae621,
0xa33be608,
0x216690f0,
0xe0a3fae0,
0x94eac3fb,
0x0794ebff,
0x66900c40,
0xf0ff7421,
0xf00774a3,
0x4bea0b80,
0x66900770,
0xa3f0e421,
0x216690f0,
0xe0a3fae0,
0x05ffbafb,
0x800207bb,
0x704bea04,
0x0818a811,
0x400001b6,
0x4de69009,
0xf0ef54e0,
0x18e56b80,
0xe5f80624,
0xf9082418,
0x0908f7e6,
0x04c0f7e6,
0x06c005c0,
0x8d790478,
0x0012027a,
0x50e790b3,
0xe0a3fae0,
0xc002c0fb,
0x0a009003,
0xaa706d12,
0x1583ab82,
0x8a811581,
0x78838b82,
0x7ab1791e,
0xb3001202,
0x05d006d0,
0x18a804d0,
0x18a80608,
0x2418e508,
0xf7e6f90e,
0xe01be690,
0x0818a8fa,
0x0002b5e6,
0xda020350,
0xc32290e1,
0x0e2418e5,
0x90f0e6f8,
0x54e031a3,
0x8275f0fd,
0xc004c001,
0x7806c005,
0x7a8c7907,
0xb3001202,
0xa8f08290,
0xe6080818,
0x0654e025,
0x54e0f0f5,
0xf0f045f9,
0xe5f48290,
0xf8032418,
0xa390f0e6,
0x2418e518,
0x13e6f804,
0xf0e292e0,
0xe03f6690,
0xf03e6690,
0xe0108390,
0x90f07f54,
0x54e01083,
0x0090f0bf,
0x791e78c8,
0x12027ab1,
0xf078b300,
0x017ad079,
0xaab30012,
0xd006d082,
0x0e04d005,
0xbe0670ea,
0xda020301,
0x19a39023,
0x03e720e0,
0x30f60330,
0xe6900703,
0xef54e04d,
0x302290f0,
0x19bafae0,
0x900c8002,
0x1e78c800,
0x027ab179,
0x78b30012,
0x7acc7951,
0xb3001202,
0xd0811885,
0xc5000218,
0xe69003c2,
0xe220e049,
0xc28ec20e,
0xf08b758f,
0xd2d88d75,
0x9003c28e,
0x20e019a3,
0x033003e7,
0xc50002f6,
0x0820007a,
0x2ee6900a,
0x03e020e0,
0x90fedf02,
0x54e00221,
0x2090f0f7,
0xf754e01b,
0x012490f0,
0xf0df54e0,
0xe0022490,
0x90f0fe54,
0x54e06321,
0x2490f07f,
0x7f54e00c,
0x022190f0,
0xf08044e0,
0xf07f54e0,
0xe0a36790,
0x905f60fb,
0x54e00324,
0x2490f0bf,
0x0444e010,
0xd02290f0,
0xf08044e0,
0xe0d42290,
0x90f08044,
0x54e01024,
0x2290f0fb,
0x7f54e0d0,
0xd42290f0,
0xf07f54e0,
0xe0112490,
0x900ee120,
0x44e01324,
0x2490f080,
0x1044e010,
0x008275f0,
0xd17802c0,
0x027a9a79,
0xd0b30012,
0x13249002,
0xf07f54e0,
0x00901080,
0x7802c014,
0x7ab1791e,
0xb3001202,
0x219002d0,
0x8044e063,
0x0c2490f0,
0xf08044e0,
0xe0782690,
0xfce0a3fb,
0xa3fde0a3,
0x0353fee0,
0x1f055302,
0x90a00653,
0xf0eb7826,
0xa3f0eca3,
0xeea3f0ed,
0xd82290f0,
0xf02044e0,
0xf0df54e0,
0x74642690,
0x74a3f00b,
0x74a3f003,
0xe4a3f004,
0x642690f0,
0xa3f0a3f0,
0x90f0a3f0,
0x60745b21,
0x90f0e4f0,
0x02c01400,
0xb1791e78,
0x0012027a,
0xa36790b3,
0x08c2f0e4,
0x74cb6790,
0x1278f001,
0x017ae079,
0xd0b30012,
0x16669002,
0x02bbfbe0,
0xef60900f,
0x0443fce0,
0xef609002,
0x2280f0ec,
0x900f03bb,
0xfce0f360,
0x90020443,
0xf0ecf360,
0x04bb1080,
0xcb60900d,
0x0443fce0,
0xcb609002,
0xa290f0ec,
0x20fce017,
0x14202de3,
0x0360eb2a,
0x902401bb,
0x60e01aa2,
0x1aa29006,
0x8afafbe0,
0x60eb1a03,
0xe8039012,
0x1e7802c0,
0x027ab179,
0xd0b30012,
0x90e88002,
0x44e00221,
0x6690f008,
0x90f0e426,
0x01742566,
0x302290f0,
0x02f02b74,
0x03d2c500,
0xe0cb6790,
0x3c01bafa,
0xe0166690,
0x0002bafa,
0x02901440,
0x8f54e00c,
0x90f01044,
0x54e06402,
0xf00844e7,
0x02901280,
0x8f54e00c,
0x90f02044,
0x54e06402,
0xf01044e7,
0x780a0090,
0x7ab1791e,
0xb3001202,
0x97795f78,
0x0012027a,
0xf76690b3,
0x0970fae0,
0x96795e78,
0x0012027a,
0xc50002b3,
0x83ab82aa,
0xe0212690,
0x9007e220,
0x20e07926,
0x2290f2e6,
0xf03174ba,
0x2690afc2,
0xa3f0ea06,
0x2690f0eb,
0xbf54e07a,
0x4044e0f0,
0xbf54e0f0,
0xc96790f0,
0xafd2f0e4,
0x74ba2290,
0x1078f032,
0x027ab579,
0x75b30012,
0x00020082,
0x7b82aac5,
0x06269000,
0x75e0a3e0,
0x8d75308b,
0xc28ed2f8,
0x5d269003,
0xf9e030e0,
0xe0652690,
0xe0f00144,
0x90f0fe54,
0x20e007e6,
0x009028e2,
0xfc93e4ec,
0xfd93e4a3,
0xec746190,
0xf0eda3f0,
0xbc7802c0,
0x017a9379,
0xd0b30012,
0xa3609002,
0xebfbfce0,
0x70ea3970,
0x7026900d,
0x3f54fce0,
0x0d800260,
0x26902980,
0x54fce070,
0x8002603f,
0x3360901e,
0x015423e0,
0x9901bcfc,
0xe5090320,
0x608d458b,
0xd5e00203,
0xe0336090,
0xc2f00444,
0x908fc28e,
0x44e06526,
0x54e0f001,
0x828bf0fe,
0xaac50002,
0x9083ab82,
0xf0e46a67,
0x2690f0a3,
0x0144e065,
0xfe54e0f0,
0x262630f0,
0xe07b2690,
0x901fe630,
0xfce0af63,
0x540c2490,
0xe0f0f53f,
0xf045c054,
0x7a2690f0,
0xf04044e0,
0xf0bf54e0,
0x828a1d80,
0x7478838b,
0x017ae079,
0xe5b30012,
0x900c6082,
0x01746a67,
0xf0e4a3f0,
0x75b0e202,
0xc1780182,
0x017ae079,
0xe5b30012,
0x900c6082,
0x01746a67,
0xf0e4a3f0,
0x90b0e202,
0xfae07026,
0x03703f54,
0x90a5e202,
0x03e06c26,
0xe4fa0354,
0x040103ba,
0xf0a16690,
0xe06c2690,
0xfa035403,
0x0102bae4,
0xa2669004,
0x6c2690f0,
0x5403c4e0,
0xbae4fa03,
0x90040103,
0x90f0a566,
0xc4e06c26,
0xfa035403,
0x0102bae4,
0xa6669004,
0x6c2690f0,
0x5423c4e0,
0xbae4fa03,
0x90040103,
0x90f0a366,
0xc4e06c26,
0xfa035423,
0x0102bae4,
0xa4669004,
0xa26790f0,
0x5660fae0,
0xe0a56690,
0xa56690fa,
0xa66690f0,
0x900970e0,
0x70e0a266,
0x0280fa03,
0x6690017a,
0x90f0eaa6,
0x70e0a366,
0xa1669009,
0xfa0370e0,
0x017a0280,
0xeaa36690,
0xa46690f0,
0x900970e0,
0x70e0a266,
0x0280fa03,
0x6690017a,
0x80f0eaa4,
0x6a679009,
0xa3f00174,
0x03c2f0e4,
0x02c50002,
0xafc2c500,
0xd2040630,
0x903780af,
0x02746426,
0x90f0e4f0,
0x44e07b26,
0x06d2f002,
0x74302290,
0x6790f028,
0x90f0e411,
0x54e05d26,
0x2690f0fe,
0xe730e07b,
0x7a26900b,
0xf02044e0,
0xf0df54e0,
0x0002afd2,
0xab30aac5,
0x2b9b7431,
0x30aa0c50,
0xe4c331ab,
0x9b6c749a,
0x82750550,
0xaa458000,
0xc331ab30,
0x66749ae4,
0xaa0e509b,
0x7431ab30,
0x05402b98,
0x80008275,
0xab30aa2b,
0x1100ba31,
0x850e6cbb,
0x31858230,
0xf0ff7483,
0x80008275,
0xab30aa13,
0x0900ba31,
0x750666bb,
0x31750030,
0x01827568,
0xaac50002,
0xb5229082,
0x90f0aa74,
0x20e00360,
0xe40203e4,
0x7802c0e0,
0x7ae279f9,
0xb3001201,
0x02d082e5,
0xe4020370,
0xacccabe0,
0xd96790cd,
0xe0a3fde0,
0x9dc3ebfe,
0xfe9eecfd,
0x0294edc3,
0x400094ee,
0x80017d04,
0x90007d02,
0xf0ebd967,
0xabf0eca3,
0xea31ac30,
0xfaf054c4,
0xe0080290,
0xfe0f54c4,
0x828b0242,
0xf0ea838c,
0x30250174,
0x3135e4fa,
0x5403edfb,
0x6390fd80,
0x0542e0af,
0x838b828a,
0x0274f0ed,
0xe4fa3025,
0x90fb3135,
0x03e05000,
0x03030354,
0x90fcc054,
0x42e0a963,
0x8b828a04,
0x74f0ec83,
0xfa302503,
0xfb3135e4,
0xe0500090,
0x035423c4,
0xc0540303,
0xa86390fc,
0x8a0442e0,
0xec838b82,
0x250474f0,
0x35e4fa30,
0x6390fb31,
0x828ae0aa,
0x74f0838b,
0xfa302505,
0xfb3135e4,
0xe0be6390,
0x8ae0a3fc,
0xec838b82,
0x250674f0,
0x35e4fa30,
0x6390fb31,
0xe0a3e0be,
0x8b828afc,
0x74f0ec83,
0xfa302507,
0xfb3135e4,
0xe0000290,
0x54c40f54,
0x0290fcf0,
0x54c4e000,
0x0442fd0f,
0x838b828a,
0x0874f0ec,
0xe4fa3025,
0x90fb3135,
0x03e03800,
0x8a3f5403,
0xf0838b82,
0x30250974,
0x3135e4fa,
0x306090fb,
0x8b828ae0,
0x0a74f083,
0xe4fa3025,
0x90fb3135,
0x8ae03160,
0xf0838b82,
0x30250b74,
0x3135e4fa,
0x326090fb,
0x828afce0,
0x74f0838b,
0xf5302510,
0x3135e430,
0x229031f5,
0xf0ab74b5,
0x90c50002,
0x20e00360,
0x5f8002e4,
0x657b007a,
0x058a007c,
0x078c068b,
0x038e028d,
0xebc3048f,
0x94ec6694,
0x8d115000,
0x8f838e82,
0x6d12e4f0,
0x82ada357,
0xe08083ae,
0x687b007a,
0x058a007c,
0x078c068b,
0x6c94eec3,
0x500094ef,
0x8b828a11,
0xe4f08c83,
0xa3576d12,
0x83ab82aa,
0x3075e080,
0x65317500,
0xe4d96790,
0x02f0a3f0,
0x18c0c500,
0x18f581e5,
0x81f50b24,
0xe0016090,
0x90f0df54,
0xc4e00ae6,
0xfa015403,
0x905201ba,
0x90e01860,
0x0f544002,
0x54e0f0f5,
0xf0f045f0,
0xe0196090,
0x54540290,
0xe0f0f507,
0xf045f854,
0x1a6090f0,
0x400290e0,
0xf5f054c4,
0x0f54e0f0,
0x90f0f045,
0xfae01b60,
0xc4540290,
0xf5385403,
0xc754e0f0,
0x90f0f045,
0x44e00160,
0xed02f020,
0x3022900e,
0x90f01874,
0x54e00560,
0x6090f07f,
0xbf54e00a,
0x6c6290f0,
0xf0f754e0,
0xe06c6290,
0x90f07f54,
0x54e06c62,
0x6290f0df,
0xfb54e06c,
0x6c6290f0,
0xf0bf54e0,
0xe06c6290,
0xe5f0ef54,
0xf80a2418,
0x82750076,
0x79ff7801,
0x12027ab2,
0x2690b300,
0x23c4e05b,
0x82900754,
0x5423c404,
0xe0f0f5e0,
0xf0451f54,
0x640090f0,
0xb1791e78,
0x0012027a,
0x540290b3,
0xf08044e0,
0xe04c0290,
0xe5f00144,
0xf8042418,
0x76080076,
0xbd007d00,
0x03400002,
0xbd5de802,
0x02900901,
0x4044e054,
0x900780f0,
0x54e05402,
0x0290f0bf,
0xf054e040,
0x90f00844,
0x44e05402,
0x087ef007,
0x05c0037f,
0x07c006c0,
0xa8799a78,
0x0012027a,
0xd082aab3,
0xd006d007,
0x2418e505,
0x02a6f809,
0x18e5007c,
0x76f80324,
0xc0007a00,
0xc002c005,
0xc006c004,
0x799a7807,
0x12027aa8,
0x82adb300,
0x06d007d0,
0x02d004d0,
0x082418e5,
0xe505a6f8,
0xf8082418,
0x092418e5,
0xe7f086f9,
0x8002f0b5,
0x8005d004,
0xee05d071,
0x800c0370,
0x060fbe09,
0x032418e5,
0x18e506f8,
0xe6f80824,
0x18e51270,
0x76f80324,
0x0370ec00,
0xbc1c801e,
0x46801902,
0x18e5007c,
0xe6f80324,
0x800e0370,
0x2418e50a,
0x02b6f803,
0xc02f8002,
0x40029005,
0xf50f54ee,
0xf054e0f0,
0x8af0f045,
0x40bd0a05,
0xfd33e400,
0xe048e690,
0x01542323,
0x01bbe4fb,
0xd04d0401,
0x02036005,
0x40baa3e6,
0xe5094000,
0xf80a2418,
0x1f800176,
0x082418e5,
0x1701b6f8,
0x032418e5,
0x0f70e6f8,
0x4002900e,
0xf50f54ee,
0xf054e0f0,
0x7af0f045,
0xef007b00,
0xe8020370,
0xc002c02e,
0xc005c003,
0x7807c006,
0x7aa8799a,
0xb3001202,
0x07d082ac,
0x05d006d0,
0x02d003d0,
0x082418e5,
0xe504a6f8,
0xf8082418,
0xef0670e6,
0x801f0e60,
0x0203bf0b,
0x03bf7080,
0x0f015000,
0x16ed90ef,
0x54029093,
0xf0f50754,
0x45f854e0,
0x2aeaf0f0,
0x2418e5fc,
0x42e6f808,
0xeb028c04,
0x02c0fc04,
0x05c003c0,
0x07c006c0,
0x828a04c0,
0xb279d878,
0x0012027a,
0xd08115b3,
0xd006d007,
0xd003d005,
0x40289202,
0x8b05c021,
0x40bc0b04,
0xfc33e400,
0xe048e690,
0x01542323,
0x01bde4fd,
0xd04c0401,
0x02036005,
0x18e57fe7,
0xa6f80b24,
0xf075ee03,
0xacfba406,
0x2418e5f0,
0x26ebf804,
0x3608ecf6,
0x7c038ff6,
0x2418e500,
0x26ebf804,
0x3608ecf6,
0xe6020df6,
0x2418e54b,
0x0386f804,
0x13c3e608,
0xfccb13cb,
0xe0c00674,
0x8be0c0e4,
0x78838c82,
0x7ab47949,
0xb3001202,
0x83ac82ab,
0x81158115,
0x068c028b,
0x06c002c0,
0xe0c00c74,
0x8ae0c0e4,
0x78838e82,
0x7ab47998,
0xb3001202,
0x83ab82ad,
0x81158115,
0x02d006d0,
0x042418e5,
0x9dc3e6f8,
0x9be608fd,
0x2418e5fb,
0x05a6f806,
0xc613c3eb,
0xf608c613,
0xfd5a0f74,
0x6090007b,
0xe5f0ed18,
0xf8062418,
0x960274c3,
0x509608e4,
0x7c037b06,
0xe50a8000,
0xf8062418,
0x86080386,
0x90ffeb04,
0x909316ed,
0xe0f01960,
0x54540290,
0xe0f0f507,
0xf045f854,
0x186090f0,
0x0290fbe0,
0xf50f5440,
0xf054e0f0,
0x90f0f045,
0x70e01860,
0x1960900f,
0x900970e0,
0x44e06c62,
0x3280f020,
0xe0186090,
0x110fbbfb,
0xe0196090,
0x0907bbfb,
0xe06c6290,
0x80f08044,
0x2418e519,
0x60e6f80a,
0x2418e511,
0x40b6f80b,
0x90074000,
0x44e06c62,
0x0290f008,
0xfe54e04c,
0x2418e5f0,
0x0076f804,
0xe5007608,
0xf80a2418,
0x18a80076,
0xa8007608,
0x04b60818,
0x02034000,
0x18a8abeb,
0x01b6e408,
0xa8fc0401,
0xb6e40818,
0x4c040103,
0x02900960,
0x4044e054,
0x900780f0,
0x54e05402,
0x18a8f0bf,
0x02b6e408,
0xa8fc0401,
0xb6e40818,
0x4c040103,
0x02900960,
0x4044e050,
0x900780f0,
0x54e05002,
0x0290f0bf,
0x0f54e040,
0x90f08044,
0x54e05402,
0x087ef0c7,
0x06c0007f,
0x9a7807c0,
0x027aa879,
0xacb30012,
0xd007d082,
0x2418e506,
0x04a6f809,
0x007d007c,
0x02c0007a,
0x04c002c0,
0x06c005c0,
0x9a7807c0,
0x027aa879,
0xabb30012,
0xd007d082,
0xd005d006,
0xe502d004,
0xf8082418,
0x18e503a6,
0xe5f80824,
0xf9092418,
0xb5e7f086,
0x048002f0,
0x5d8002d0,
0x70ee02d0,
0x04800c03,
0x0d010fbe,
0x082418e5,
0x0c70e6f8,
0x0370ecfd,
0xbc12801e,
0x3d800f02,
0x70ed007c,
0x05800e03,
0x800202bd,
0x9005c030,
0xc4ee4002,
0xf0f5f054,
0x450f54e0,
0x058af0f0,
0x0040bd0a,
0x90fd33e4,
0x23e048e6,
0xfb015423,
0x0101bbe4,
0x05d04d04,
0xea020360,
0x0040ba0a,
0x18e50940,
0x76f80a24,
0xe51b8001,
0xf8082418,
0xec1370e6,
0x901e1070,
0xc4ee4002,
0xf0f5f054,
0x450f54e0,
0x007af0f0,
0x03bf007b,
0x79eb0203,
0x03c002c0,
0x07c006c0,
0xa8799a78,
0x0012027a,
0xd082acb3,
0xd006d007,
0xe502d003,
0xf8082418,
0x18e504a6,
0xe6f80824,
0x60ef0970,
0x0960ef74,
0xbf06801f,
0x01500003,
0xed90ef0f,
0x02909316,
0x5403c454,
0xe0f0f538,
0xf045c754,
0xfc2aeaf0,
0x082418e5,
0x0442e6f8,
0x04eb028c,
0xc002c0fc,
0xc006c003,
0x8a04c007,
0x79d87882,
0x12027ab2,
0x8115b300,
0x06d007d0,
0x02d003d0,
0x21402892,
0x048b02c0,
0x0040bc0b,
0x90fc33e4,
0x23e048e6,
0xfa015423,
0x0101bae4,
0x02d04c04,
0xea020360,
0x2418e5d2,
0x03a6f80b,
0x06f075ee,
0xf0abfea4,
0x042418e5,
0xf626eef8,
0xf63608eb,
0x007c038f,
0x042418e5,
0xf626ebf8,
0xf63608ec,
0x060818a8,
0xe583e902,
0xf8042418,
0xe6080386,
0x13cb13c3,
0xcb13c3cb,
0x74fccb13,
0xe4e0c006,
0x828be0c0,
0x4978838c,
0x027ab479,
0xabb30012,
0x1583ac82,
0x8b811581,
0xc0068c02,
0x7406c002,
0xe4e0c018,
0x828ae0c0,
0x9878838e,
0x027ab479,
0xabb30012,
0x1583ac82,
0xd0811581,
0xe502d006,
0xf8042418,
0xfb9bc3e6,
0xfc9ce608,
0x062418e5,
0xec03a6f8,
0x13c613c3,
0xc613c3c6,
0xf608c613,
0xfb5a0f74,
0x6090007c,
0xe5f0eb1a,
0xf8062418,
0x960274c3,
0x509608e4,
0x7c037b06,
0xe50a8000,
0xf8062418,
0x86080386,
0x90ffeb04,
0x909316ed,
0x90f01b60,
0x90e01a60,
0x54c44002,
0xe0f0f5f0,
0xf0450f54,
0x1b6090f0,
0x0290fbe0,
0x5403c454,
0xe0f0f538,
0xf045c754,
0x1a6090f0,
0x900f70e0,
0x70e01b60,
0x6c629009,
0xf01044e0,
0x60903280,
0xbbfbe01a,
0x6090110f,
0xbbfbe01b,
0x62900907,
0x4044e06c,
0xe51980f0,
0xf80a2418,
0xe51160e6,
0xf80b2418,
0x400040b6,
0x6c629007,
0xf00444e0,
0xe06c6290,
0x9010e320,
0x20e06c62,
0x609009e2,
0x8044e005,
0x900780f0,
0x44e00a60,
0x0290f040,
0xfe54e04c,
0x540290f0,
0xf0bf54e0,
0xe0500290,
0x90f0bf54,
0x54e05402,
0x7878f07f,
0x027ab379,
0x90b30012,
0x44e00160,
0x1885f020,
0x0218d081,
0x0100c500,
0x22900703,
0xf08974b4,
0xe016a390,
0xbafa0754,
0x03800203,
0x9016f002,
0x30e004e6,
0xf00203e4,
0x34209016,
0x03e030e0,
0x9016f002,
0x54e04802,
0x0290fa01,
0x5423e04c,
0x0290fb01,
0x90fce074,
0x30e014a3,
0xee0203e2,
0x508275c5,
0x03c002c0,
0xc07804c0,
0x017a8c79,
0xd0b30012,
0xd003d004,
0xca679002,
0x90f00174,
0x20e014a3,
0x22901ee3,
0x90fde000,
0xfee050e6,
0x2c06b5ed,
0xe027a390,
0x90f00844,
0x44e027a3,
0x1c80f002,
0xe027a390,
0x90f9e030,
0xfde00022,
0xe050e690,
0x06b5edfe,
0x27a39007,
0xf00444e0,
0xe026a390,
0x90f9e730,
0x44e00620,
0x0290f040,
0xfe54e048,
0x4c0290f0,
0xf07f54e0,
0xe0740290,
0xfe0553fd,
0xed740290,
0x050090f0,
0x03c002c0,
0x1e7804c0,
0x027ab179,
0xd0b30012,
0xd003d004,
0x06209002,
0xf0bf54e0,
0xe014a390,
0x9025e320,
0x23e026a3,
0xfe015423,
0x800201be,
0x002290f2,
0xe690fee0,
0xeeffe050,
0x904107b5,
0x54e027a3,
0x3880f0fd,
0xe026a390,
0x01542323,
0x0201befe,
0x2290f280,
0x90fee000,
0xffe050e6,
0x0707b5ee,
0xe027a390,
0x90f0fd54,
0xfee00022,
0xe050e690,
0x07b5eeff,
0x27a39007,
0xf0fb54e0,
0xc0538275,
0xc003c002,
0x79c07804,
0x12017a8c,
0x04d0b300,
0x02d003d0,
0xe026a390,
0xfe015423,
0x800201be,
0x002290f3,
0xe690fee0,
0xeeffe050,
0x900707b5,
0x54e027a3,
0x0290f0f7,
0xe013ea48,
0x90f0e092,
0x13eb4c02,
0xf0e792e0,
0xec740290,
0xca6790f0,
0xf002f0e4,
0x51827510,
0x03c002c0,
0xc07804c0,
0x017a8c79,
0xd0b30012,
0xd003d004,
0x00229002,
0xe690fee0,
0xeeffe050,
0x902507b5,
0x44e04ca3,
0xa390f002,
0x0444e01a,
0x4ca390f0,
0xf00144e0,
0xe018a390,
0x90f01044,
0x44e027a3,
0x2180f002,
0xe027a390,
0x901ae120,
0x70e050e6,
0xdae69006,
0x900e60e0,
0xfee050e6,
0x90e501be,
0x70e0dee6,
0x062090df,
0xf04044e0,
0xe0480290,
0x90f0fe54,
0x54e04c02,
0x0290f07f,
0x53fde074,
0x0290fe05,
0x90f0ed74,
0x02c00500,
0x04c003c0,
0xb1791e78,
0x0012027a,
0xd004d0b3,
0x9002d003,
0x54e00620,
0x2290f0bf,
0x90fde000,
0xfee050e6,
0x0906b5ed,
0xe027a390,
0x80f0fd54,
0x27a39025,
0x015403e0,
0x1a01bdfd,
0xe050e690,
0xe6900670,
0x0e60e0da,
0xe050e690,
0xe101bdfd,
0xe0dee690,
0x8275db70,
0xc002c052,
0x7804c003,
0x7a8c79c0,
0xb3001201,
0xb5791078,
0x0012027a,
0xd004d0b3,
0x9002d003,
0xfde00022,
0xe050e690,
0x06b5edfe,
0x4ca3901c,
0xf0fd54e0,
0xe01aa390,
0x90f0fb54,
0x54e04ca3,
0xa390f0fe,
0xef54e018,
0x480290f0,
0x92e013ea,
0x0290f0e0,
0xe013eb4c,
0x90f0e792,
0xf0ec7402,
0x74b42290,
0x0002f090,
0xb42290c5,
0x90f05774,
0x0174b467,
0x5a6090f0,
0x03e620e0,
0x90d0f002,
0x20e02be6,
0x66900ae5,
0xbafae015,
0x22800202,
0xe02ee690,
0x900ae320,
0xfae01566,
0x800203ba,
0x31e69011,
0x78e420e0,
0xe0156690,
0x0004bafa,
0x147a6e40,
0xc31a038a,
0xf08b8074,
0x9580f063,
0x905d50f0,
0xfbe0a267,
0xe025cbe4,
0x25cb33cb,
0xfc33cbe0,
0xf54b0174,
0xc0838c82,
0x79637802,
0x12017ae1,
0x02d0b300,
0xe06a6790,
0xfce0a3fb,
0x90c1704b,
0x24e03060,
0x6790f001,
0x90fbe0a2,
0xfce03260,
0xeb326090,
0x8275f02c,
0x7802c004,
0x7ae3795b,
0xb3001201,
0x669002d0,
0x9460e0a5,
0xe05a6090,
0x0203e520,
0xe6907bf1,
0xe620e02b,
0x1566900a,
0x02bafae0,
0x90228002,
0x20e02ee6,
0x66900ae4,
0xbafae015,
0x11800203,
0xe031e690,
0x9078e520,
0xfae01566,
0x400004ba,
0x8a147a6e,
0x74c31a03,
0x63f08b80,
0xf09580f0,
0x67905d50,
0xe4fbe0a2,
0xcbe025cb,
0xe025cb33,
0x74fc33cb,
0x82f54b10,
0x02c0838c,
0xe1796378,
0x0012017a,
0x9002d0b3,
0xfbe06a67,
0x4bfce0a3,
0x6090c170,
0x0124e031,
0xa26790f0,
0x6090fbe0,
0x90fce032,
0x2ceb3260,
0x058275f0,
0x5b7802c0,
0x017ae379,
0xd0b30012,
0xa3669002,
0x909460e0,
0x20e05a60,
0xf40203e6,
0x2440900c,
0xfa3f54e0,
0x02b51f74,
0x7b044000,
0x74238001,
0x0002b528,
0x027b0440,
0x31741880,
0x400002b5,
0x80037b04,
0xb53a740d,
0x04400002,
0x0280047b,
0x8b0b057b,
0x8074c302,
0xf063f08a,
0x50f09580,
0xa2679061,
0xcce4fce0,
0x33cce025,
0xcce025cc,
0x0274fd33,
0x8d82f54c,
0x7802c083,
0x7ae17963,
0xb3001201,
0x679002d0,
0xa3fce06a,
0x704cfde0,
0x306090c4,
0x609014e0,
0x6790f030,
0x90fce0a2,
0x90e03260,
0x9cc33260,
0x048275f0,
0x5b7802c0,
0x017ae379,
0xd0b30012,
0xa6669002,
0x1a0370e0,
0x5d129380,
0x00601259,
0xe0ad6390,
0xf0c02290,
0x74c32290,
0x6390f0aa,
0x90fae0ad,
0xfce09260,
0x400002b5,
0xb863900e,
0x900870e0,
0xf0e4b467,
0x7a2df602,
0x93609000,
0x058afce0,
0x0004b5ed,
0xf2020340,
0xa26790ed,
0xcce4fce0,
0x33cce025,
0xcce025cc,
0x0274fd33,
0x8d82f54c,
0x7802c083,
0x7ae17963,
0xb3001201,
0x679002d0,
0xa3fce06a,
0x704cfde0,
0x306090c0,
0x609014e0,
0x6790f030,
0x90fce0a2,
0x90e03260,
0x9cc33260,
0x1202c0f0,
0x8275595d,
0x54691200,
0x78048275,
0x7ae3795b,
0xb3001201,
0x639002d0,
0x90fce0ad,
0xfde09260,
0x400004b5,
0xb8639006,
0x900a60e0,
0x70e0a666,
0xf2020a04,
0xad63905d,
0xc02290e0,
0xc32290f0,
0x6090f0ea,
0x90fae030,
0xfce0b667,
0x90fa9ac3,
0xeaf0bf22,
0xf4020370,
0x9360900c,
0xc3fcfbe0,
0xf08c8074,
0x9580f063,
0x020340f0,
0x74c30cf4,
0x63f08a80,
0xf09580f0,
0x66906850,
0x6270e0a5,
0xe0a26790,
0x25cde4fd,
0xcd33cde0,
0x33cde025,
0x4d0174fe,
0x838e82f5,
0x04c002c0,
0xe1796378,
0x0012017a,
0xd004d0b3,
0x6a679002,
0xe0a3fde0,
0xab704dfe,
0xe0306090,
0x90f00124,
0xfde0a267,
0xe0326090,
0x326090fe,
0x1af02eed,
0xc0048275,
0x7804c002,
0x7ae3795b,
0xb3001201,
0x02d004d0,
0x30ea6e80,
0x66906ee7,
0x6870e0a6,
0xe0a26790,
0x25cde4fd,
0xcd33cde0,
0x33cde025,
0x4d0274fe,
0x838e82f5,
0x04c002c0,
0xe1796378,
0x0012017a,
0xd004d0b3,
0x6a679002,
0xe0a3fde0,
0x03604dfe,
0x9017f302,
0x14e03060,
0xf0306090,
0xe0a26790,
0x326090fd,
0x326090e0,
0x0af09dc3,
0xc0048275,
0x7804c002,
0x7ae3795b,
0xb3001201,
0x02d004d0,
0x17f3021c,
0x74b42290,
0x6090f05c,
0xe520e05a,
0x22f60203,
0xe02ee690,
0x900ae130,
0xfce01566,
0x800202bc,
0x2ee69028,
0x0ae530e0,
0xe0156690,
0x0203bcfc,
0xe6901780,
0xe620e031,
0x22f60203,
0xe0156690,
0x0004bcfc,
0xf6020350,
0x595d1222,
0xe0ad6390,
0x926090fc,
0x04b5fde0,
0x900e4000,
0x70e0b863,
0xb4679008,
0xf602f0e4,
0x90007c2d,
0xfde09360,
0xb5ee068c,
0x03400005,
0x900af502,
0xfde0a267,
0x02740260,
0x25cde4fd,
0xcd33cde0,
0x33cde025,
0x4d1074fe,
0x838e82f5,
0x637804c0,
0x017ae179,
0xd0b30012,
0x6a679004,
0xe0a3fde0,
0xbb704dfe,
0xe0316090,
0x90f00124,
0xfde0a267,
0xe0326090,
0xc3326090,
0x04c0f09d,
0x75595d12,
0x69120182,
0x05827554,
0xe3795b78,
0x0012017a,
0x9004d0b3,
0xfde0ad63,
0xe0926090,
0x0005b5fe,
0x63900640,
0x0a60e0b8,
0xe0a36690,
0x020c0470,
0x609077f4,
0x90fce031,
0xfde0b767,
0xfafc9cc3,
0xf0bf2290,
0x020370ea,
0x609022f6,
0xfbfce093,
0x8b8074c3,
0x80f063f0,
0x0340f095,
0xc322f602,
0xf08a8074,
0x9580f063,
0x906c50f0,
0x70e0a366,
0xa2679066,
0x0260fce0,
0xe4fc0274,
0xcce025cc,
0xe025cc33,
0x74fd33cc,
0x82f54c10,
0x02c0838d,
0x637803c0,
0x017ae179,
0xd0b30012,
0x9002d003,
0xfce06a67,
0x4cfde0a3,
0x6090a670,
0x0124e031,
0xa26790f0,
0x6090fce0,
0x6090e032,
0xf09cc332,
0x0582751a,
0x03c002c0,
0xe3795b78,
0x0012017a,
0xd003d0b3,
0xea6f8002,
0x906fe730,
0x70e0a466,
0xa2679069,
0xcce4fce0,
0x33cce025,
0xcce025cc,
0x2074fd33,
0x8d82f54c,
0xc002c083,
0x79637803,
0x12017ae1,
0x03d0b300,
0x679002d0,
0xa3fce06a,
0x604cfde0,
0x28f50203,
0xe0316090,
0x31609014,
0xa26790f0,
0x6090fce0,
0x90fde032,
0x2dec3260,
0x82750af0,
0xc002c005,
0x795b7803,
0x12017ae3,
0x03d0b300,
0x021b02d0,
0x679028f5,
0x90f0e4b4,
0x5e74b422,
0xc50002f0,
0x00000000,
0x00000000,
0x00000000,
0x00000000,
0x00000000,
0x00000000,
0x00000000,
0x00000000,
0x00000000,
0x00000000,
0x00000000,
0x00000000,
0x00000000,
0x00000000,
0x00000000,
0x00000000,
0x00000000,
0x00000000,
0x00000000,
0x00000000,
0x00000000,
0x00000000,
0x00000000,
0x00000000,
0x00000000,
0x00000000,
0x00000000,
0x00000000,
0x00000000,
0x00000000,
0x00000000,
0x00000000,
0x00000000,
0x00000000,
0x00000000,
0x00000000,
0x00000000,
0x00000000,
0x00000000,
0x00000000,
0x00000000,
0x00000000,
0x00000000,
0x00000000,
0x00000000,
0x00000000,
0x00000000,
0x00000000,
0x00000000,
0x00000000,
0x00000000,
0x00000000,
0x00000000,
0x00000000,
0x00000000,
0x00000000,
0x00000000,
0x00000000,
0x00000000,
0x00000000,
0x00000000,
0x00000000,
0x00000000,
0x00000000,
0x00000000,
0x00000000,
0x00000000,
0x00000000,
0x00000000,
0x00000000,
0x00000000,
0x00000000,
0x00000000,
0x00000000,
0x00000000,
0x00000000,
0x00000000,
0x00000000,
0x00000000,
0x00000000,
0x00000000,
0x00000000,
0x00000000,
0x00000000,
0x00000000,
0x00000000,
0x00000000,
0x00000000,
0x00000000,
0x00000000,
0x00000000,
0x00000000,
0x00000000,
0x00000000,
0x00000000,
0x00000000,
0x00000000,
0x00000000,
0x00000000,
0x00000000,
0x00000000,
0x00000000,
0x00000000,
0x00000000,
0x00000000,
0x00000000,
0x00000000,
0x00000000,
0x00000000,
0x00000000,
0x00000000,
0x00000000,
0x00000000,
0x00000000,
0x00000000,
0x00000000,
0x00000000,
0x00000000,
0x00000000,
0x00000000,
0x00000000,
0x00000000,
0x00000000,
0x00000000,
0x00000000,
0x00000000,
0x00000000,
0x00000000,
0x00000000,
0x00000000,
0x00000000,
0x00000000,
0x00000000,
0x00000000,
0x00000000,
0x00000000,
0x00000000,
0x00000000,
0x00000000,
0x00000000,
0x00000000,
0x00000000,
0x00000000,
0x00000000,
0x00000000,
0x00000000,
0x00000000,
0x00000000,
0x00000000,
0x00000000,
0x00000000,
0x00000000,
0x00000000,
0x00000000,
0x00000000,
0x00000000,
0x00000000,
0x00000000,
0x00000000,
0x00000000,
0x00000000,
0x00000000,
0x00000000,
0x00000000,
0x00000000,
0x00000000,
0x00000000,
0x00000000,
0x00000000,
0x00000000,
0x00000000,
0x00000000,
0x00000000,
0x00000000,
0x00000000,
0x00000000,
0x00000000,
0x00000000,
0x00000000,
0x00000000,
0x00000000,
0x00000000,
0x00000000,
0x00000000,
0x00000000,
0x00000000,
0x00000000,
0x00000000,
0x00000000,
0x00000000,
0x00000000,
0x00000000,
0x00000000,
0x00000000,
0x00000000,
0x00000000,
0x00000000,
0x00000000,
0x00000000,
0x00000000,
0x00000000,
0x00000000,
0x00000000,
0x00000000,
0x00000000,
0x00000000,
0x00000000,
0x00000000,
0x00000000,
0x00000000,
0x00000000,
0x00000000,
0x00000000,
0x00000000,
0x00000000,
0x00000000,
0x00000000,
0x00000000,
0x00000000,
0x00000000,
0x00000000,
0x00000000,
0x00000000,
0x00000000,
0x00000000,
0x00000000,
0x00000000,
0x00000000,
0x00000000,
0x00000000,
0x00000000,
0x00000000,
0x00000000,
0x00000000,
0x00000000,
0x00000000,
0x00000000,
0x00000000,
0x00000000,
0x00000000,
0x00000000,
0x00000000,
0x00000000,
0x00000000,
0x00000000,
0x00000000,
0x00000000,
0x00000000,
0x00000000,
0x00000000,
0x00000000,
0x00000000,
0x00000000,
0x00000000,
0x00000000,
0x00000000,
0x00000000,
0x00000000,
0x00000000,
0x00000000,
0x00000000,
0x00000000,
0x00000000,
0x00000000,
0x00000000,
0x00000000,
0x00000000,
0x00000000,
0x00000000,
0x00000000,
0x00000000,
0x00000000,
0x00000000,
0x00000000,
0x00000000,
0x00000000,
0x00000000,
0x00000000,
0x00000000,
0x00000000,
0x00000000,
0x00000000,
0x00000000,
0x00000000,
0x00000000,
0x00000000,
0x00000000,
0x00000000,
0x00000000,
0x00000000,
0x00000000,
0x00000000,
0x00000000,
0x00000000,
0x00000000,
0x00000000,
0x00000000,
0x00000000,
0x00000000,
0x00000000,
0x00000000,
0x00000000,
0x00000000,
0x00000000,
0x00000000,
0x00000000,
0x00000000,
0x00000000,
0x00000000,
0x00000000,
0x00000000,
0x00000000,
0x00000000,
0x00000000,
0x00000000,
0x00000000,
0x00000000,
0x00000000,
0x00000000,
0x00000000,
0x00000000,
0x00000000,
0x00000000,
0x00000000,
0x00000000,
0x00000000,
0x00000000,
0x00000000,
0x00000000,
0x00000000,
0x00000000,
0x00000000,
0x00000000,
0x00000000,
0x00000000,
0x00000000,
0x00000000,
0x00000000,
0x00000000,
0x00000000,
0x00000000,
0x00000000,
0x00000000,
0x00000000,
0x00000000,
0x00000000,
0x00000000,
0x00000000,
0x00000000,
0x00000000,
0x00000000,
0x00000000,
0x00000000,
0x00000000,
0x00000000,
0x00000000,
0x00000000,
0x00000000,
0x00000000,
0x00000000,
0x00000000,
0x00000000,
0x00000000,
0x00000000,
0x00000000,
0x00000000,
0x00000000,
0x00000000,
0x00000000,
0x00000000,
0x00000000,
0x00000000,
0x00000000,
0x00000000,
0x00000000,
0x00000000,
0x00000000,
0x00000000,
0x00000000,
0x00000000,
0x00000000,
0x00000000,
0x00000000,
0x00000000,
0x00000000,
0x00000000,
0x00000000,
0x00000000,
0x00000000,
0x00000000,
0x00000000,
0x00000000,
0x00000000,
0x00000000,
0x00000000,
0x00000000,
0x00000000,
0x00000000,
0x00000000,
0x00000000,
0x00000000,
0x00000000,
0x00000000,
0x00000000,
0x00000000,
0x00000000,
0x00000000,
0x00000000,
0x00000000,
0x00000000,
0x00000000,
0x00000000,
0x00000000,
0x00000000,
0x00000000,
0x00000000,
0x00000000,
0x00000000,
0x00000000,
0x00000000,
0x00000000,
0x00000000,
0x00000000,
0x00000000,
0x00000000,
0x00000000,
0x00000000,
0x00000000,
0x00000000,
0x00000000,
0x00000000,
0x00000000,
0x00000000,
0x00000000,
0x00000000,
0x00000000,
0x00000000,
0x00000000,
0x00000000,
0x00000000,
0x00000000,
0x00000000,
0x00000000,
0x00000000,
0x00000000,
0x00000000,
0x00000000,
0x00000000,
0x00000000,
0x00000000,
0x00000000,
0x00000000,
0x00000000,
0x00000000,
0x00000000,
0x00000000,
0x00000000,
0x00000000,
0x00000000,
0x00000000,
0x00000000,
0x00000000,
0x00000000,
0x00000000,
0x00000000,
0x00000000,
0x00000000,
0x00000000,
0x00000000,
0x00000000,
0x00000000,
0x00000000,
0x00000000,
0x00000000,
0x00000000,
0x00000000,
0x00000000,
0x00000000,
0x00000000,
0x00000000,
0x00000000,
0x00000000,
0x00000000,
0x00000000,
0x00000000,
0x00000000,
0x00000000,
0x00000000,
0x00000000,
0x00000000,
0x00000000,
0x00000000,
0x00000000,
0x00000000,
0x00000000,
0x00000000,
0x00000000,
0x00000000,
0x00000000,
0x00000000,
0x00000000,
0x00000000,
0x00000000,
0x00000000,
0x00000000,
0x00000000,
0x00000000,
0x00000000,
0x00000000,
0x00000000,
0x00000000,
0x00000000,
0x00000000,
0x00000000,
0x00000000,
0x00000000,
0x00000000,
0x00000000,
0x00000000,
0x00000000,
0x00000000,
0x00000000,
0x00000000,
0x00000000,
0x00000000,
0x00000000,
0x00000000,
0x00000000,
0x00000000,
0x00000000,
0x00000000,
0x00000000,
0x00000000,
0x00000000,
0x00000000,
0x00000000,
0x00000000,
0x00000000,
0x00000000,
0x00000000,
0x00000000,
0x00000000,
0x00000000,
0x00000000,
0x00000000,
0x00000000,
0x00000000,
0x00000000,
0x00000000,
0x00000000,
0x00000000,
0x00000000,
0x00000000,
0x00000000,
0x00000000,
0x00000000,
0x00000000,
0x00000000,
0x00000000,
0x00000000,
0x00000000,
0x00000000,
0x00000000,
0x00000000,
0x00000000,
0x00000000,
0x00000000,
0x00000000,
0x00000000,
0x00000000,
0x00000000,
0x00000000,
0x00000000,
0x00000000,
0x00000000,
0x00000000,
0x00000000,
0x00000000,
0x00000000,
0x00000000,
0x00000000,
0x00000000,
0x00000000,
0x00000000,
0x00000000,
0x00000000,
0x00000000,
0x00000000,
0x00000000,
0x00000000,
0x00000000,
0x00000000,
0x00000000,
0x00000000,
0x00000000,
0x00000000,
0x00000000,
0x00000000,
0x00000000,
0x00000000,
0x00000000,
0x00000000,
0x00000000,
0x00000000,
0x00000000,
0x00000000,
0x00000000,
0x00000000,
0x00000000,
0x00000000,
0x00000000,
0x00000000,
0x00000000,
0x00000000,
0x00000000,
0x00000000,
0x00000000,
0x00000000,
0x00000000,
0x00000000,
0x00000000,
0x00000000,
0x00000000,
0x00000000,
0x00000000,
0x00000000,
0x00000000,
0x3ab91291
};