The target system is: Generic - 1 - riscv32
The host system is: Linux - 6.6.87.2-microsoft-standard-WSL2 - x86_64
Compiling the C compiler identification source file "CMakeCCompilerId.c" succeeded.
Compiler: /home/tselvam/build_tools/riscv64-unknown-elf-toolchain-10.2.0-2020.12.8-x86_64-linux-ubuntu14/bin/riscv64-unknown-elf-gcc 
Build flags: -march=rv32imac;-mabi=ilp32;-mno-relax;-std=c11;-fno-builtin;-fdata-sections;-ffunction-sections;-Wall;-Wextra;-pedantic;-Werror;-g;-Wno-pedantic
Id flags:  

The output was:
0


Compilation of the C compiler identification source "CMakeCCompilerId.c" produced "a.out"

The C compiler identification is GNU, found in "/home/tselvam/oss-release/azihsm-fw/projects/microsoft/hsp/manticore/sp/build-prod/CMakeFiles/3.22.1/CompilerIdC/a.out"

Checking whether the ASM compiler is GNU using "--version" matched "(GNU assembler)|(GCC)|(Free Software Foundation)":
riscv64-unknown-elf-gcc (SiFive GCC-Metal 10.2.0-2020.12.8) 10.2.0
Copyright (C) 2020 Free Software Foundation, Inc.
This is free software; see the source for copying conditions.  There is NO
warranty; not even for MERCHANTABILITY or FITNESS FOR A PARTICULAR PURPOSE.

Detecting C compiler ABI info compiled with the following output:
Change Dir: /home/tselvam/oss-release/azihsm-fw/projects/microsoft/hsp/manticore/sp/build-prod/CMakeFiles/CMakeTmp

Run Build Command(s):/usr/bin/ninja cmTC_a438a && [1/2] Building C object CMakeFiles/cmTC_a438a.dir/CMakeCCompilerABI.c.obj
Using built-in specs.
COLLECT_GCC=/home/tselvam/build_tools/riscv64-unknown-elf-toolchain-10.2.0-2020.12.8-x86_64-linux-ubuntu14/bin/riscv64-unknown-elf-gcc
Target: riscv64-unknown-elf
Configured with: /scratch/jenkins/workspace/tpp-freedom-tools/tpp03--build-binary-packages--parameterized/obj/x86_64-linux-ubuntu14/build/riscv64-unknown-elf-gcc/riscv-gcc/configure --target=riscv64-unknown-elf --host=x86_64-linux-gnu --prefix=/scratch/jenkins/workspace/tpp-freedom-tools/tpp03--build-binary-packages--parameterized/obj/x86_64-linux-ubuntu14/install/riscv64-unknown-elf-gcc-10.2.0-2020.12.8-x86_64-linux-ubuntu14 --with-pkgversion='SiFive GCC-Metal 10.2.0-2020.12.8' --with-bugurl=https://github.com/sifive/freedom-tools/issues --disable-shared --disable-threads --enable-languages=c,c++ --enable-tls --with-newlib --with-sysroot=/scratch/jenkins/workspace/tpp-freedom-tools/tpp03--build-binary-packages--parameterized/obj/x86_64-linux-ubuntu14/install/riscv64-unknown-elf-gcc-10.2.0-2020.12.8-x86_64-linux-ubuntu14/riscv64-unknown-elf --with-native-system-header-dir=/include --disable-libmudflap --disable-libssp --disable-libquadmath --disable-libgomp --disable-nls --disable-tm-clone-registry --src=../riscv-gcc --with-system-zlib --enable-checking=yes --enable-multilib --with-abi=lp64d --with-arch=rv64imafdc CFLAGS=-O2 CXXFLAGS=-O2 'CFLAGS_FOR_TARGET=-Os -mcmodel=medany' 'CXXFLAGS_FOR_TARGET=-Os -mcmodel=medany'
Thread model: single
Supported LTO compression algorithms: zlib
gcc version 10.2.0 (SiFive GCC-Metal 10.2.0-2020.12.8) 
COLLECT_GCC_OPTIONS='-march=rv32imac' '-mabi=ilp32' '-mno-relax' '-std=c11' '-fno-builtin' '-fdata-sections' '-ffunction-sections' '-Wall' '-Wextra' '-Wno-pedantic' '-v' '-o' 'CMakeFiles/cmTC_a438a.dir/CMakeCCompilerABI.c.obj' '-c' '-march=rv32imac'
 /home/tselvam/build_tools/riscv64-unknown-elf-toolchain-10.2.0-2020.12.8-x86_64-linux-ubuntu14/bin/../libexec/gcc/riscv64-unknown-elf/10.2.0/cc1 -quiet -v -imultilib rv32imac/ilp32 -iprefix /home/tselvam/build_tools/riscv64-unknown-elf-toolchain-10.2.0-2020.12.8-x86_64-linux-ubuntu14/bin/../lib/gcc/riscv64-unknown-elf/10.2.0/ -isysroot /home/tselvam/build_tools/riscv64-unknown-elf-toolchain-10.2.0-2020.12.8-x86_64-linux-ubuntu14/bin/../riscv64-unknown-elf /usr/share/cmake-3.22/Modules/CMakeCCompilerABI.c -quiet -dumpbase CMakeCCompilerABI.c -march=rv32imac -mabi=ilp32 -mno-relax -march=rv32imac -auxbase-strip CMakeFiles/cmTC_a438a.dir/CMakeCCompilerABI.c.obj -Wall -Wextra -Wno-pedantic -std=c11 -version -fno-builtin -fdata-sections -ffunction-sections -o /tmp/ccOoisL2.s
GNU C11 (SiFive GCC-Metal 10.2.0-2020.12.8) version 10.2.0 (riscv64-unknown-elf)
	compiled by GNU C version 5.4.0 20160609, GMP version 6.1.0, MPFR version 3.1.4, MPC version 1.0.3, isl version isl-0.18-GMP

GGC heuristics: --param ggc-min-expand=30 --param ggc-min-heapsize=4096
ignoring duplicate directory "/home/tselvam/build_tools/riscv64-unknown-elf-toolchain-10.2.0-2020.12.8-x86_64-linux-ubuntu14/bin/../lib/gcc/../../lib/gcc/riscv64-unknown-elf/10.2.0/include"
ignoring nonexistent directory "/home/tselvam/build_tools/riscv64-unknown-elf-toolchain-10.2.0-2020.12.8-x86_64-linux-ubuntu14/bin/../riscv64-unknown-elf/usr/local/include"
ignoring duplicate directory "/home/tselvam/build_tools/riscv64-unknown-elf-toolchain-10.2.0-2020.12.8-x86_64-linux-ubuntu14/bin/../lib/gcc/../../lib/gcc/riscv64-unknown-elf/10.2.0/include-fixed"
ignoring duplicate directory "/home/tselvam/build_tools/riscv64-unknown-elf-toolchain-10.2.0-2020.12.8-x86_64-linux-ubuntu14/bin/../lib/gcc/../../lib/gcc/riscv64-unknown-elf/10.2.0/../../../../riscv64-unknown-elf/include"
ignoring duplicate directory "/home/tselvam/build_tools/riscv64-unknown-elf-toolchain-10.2.0-2020.12.8-x86_64-linux-ubuntu14/bin/../riscv64-unknown-elf/include"
#include "..." search starts here:
#include <...> search starts here:
 /home/tselvam/build_tools/riscv64-unknown-elf-toolchain-10.2.0-2020.12.8-x86_64-linux-ubuntu14/bin/../lib/gcc/riscv64-unknown-elf/10.2.0/include
 /home/tselvam/build_tools/riscv64-unknown-elf-toolchain-10.2.0-2020.12.8-x86_64-linux-ubuntu14/bin/../lib/gcc/riscv64-unknown-elf/10.2.0/include-fixed
 /home/tselvam/build_tools/riscv64-unknown-elf-toolchain-10.2.0-2020.12.8-x86_64-linux-ubuntu14/bin/../lib/gcc/riscv64-unknown-elf/10.2.0/../../../../riscv64-unknown-elf/include
End of search list.
GNU C11 (SiFive GCC-Metal 10.2.0-2020.12.8) version 10.2.0 (riscv64-unknown-elf)
	compiled by GNU C version 5.4.0 20160609, GMP version 6.1.0, MPFR version 3.1.4, MPC version 1.0.3, isl version isl-0.18-GMP

GGC heuristics: --param ggc-min-expand=30 --param ggc-min-heapsize=4096
Compiler executable checksum: 60d252ed314f9b710cd503352129ad1f
COLLECT_GCC_OPTIONS='-march=rv32imac' '-mabi=ilp32' '-mno-relax' '-std=c11' '-fno-builtin' '-fdata-sections' '-ffunction-sections' '-Wall' '-Wextra' '-Wno-pedantic' '-v' '-o' 'CMakeFiles/cmTC_a438a.dir/CMakeCCompilerABI.c.obj' '-c' '-march=rv32imac'
 /home/tselvam/build_tools/riscv64-unknown-elf-toolchain-10.2.0-2020.12.8-x86_64-linux-ubuntu14/bin/../lib/gcc/riscv64-unknown-elf/10.2.0/../../../../riscv64-unknown-elf/bin/as -v --traditional-format -march=rv32imac -march=rv32imac -mabi=ilp32 -o CMakeFiles/cmTC_a438a.dir/CMakeCCompilerABI.c.obj /tmp/ccOoisL2.s
GNU assembler version 2.35 (riscv64-unknown-elf) using BFD version (SiFive Binutils-Metal 2.35.0-2020.12.8) 2.35
COMPILER_PATH=/home/tselvam/build_tools/riscv64-unknown-elf-toolchain-10.2.0-2020.12.8-x86_64-linux-ubuntu14/bin/../libexec/gcc/riscv64-unknown-elf/10.2.0/:/home/tselvam/build_tools/riscv64-unknown-elf-toolchain-10.2.0-2020.12.8-x86_64-linux-ubuntu14/bin/../libexec/gcc/:/home/tselvam/build_tools/riscv64-unknown-elf-toolchain-10.2.0-2020.12.8-x86_64-linux-ubuntu14/bin/../lib/gcc/riscv64-unknown-elf/10.2.0/../../../../riscv64-unknown-elf/bin/
LIBRARY_PATH=/home/tselvam/build_tools/riscv64-unknown-elf-toolchain-10.2.0-2020.12.8-x86_64-linux-ubuntu14/bin/../lib/gcc/riscv64-unknown-elf/10.2.0/rv32imac/ilp32/:/home/tselvam/build_tools/riscv64-unknown-elf-toolchain-10.2.0-2020.12.8-x86_64-linux-ubuntu14/bin/../lib/gcc/riscv64-unknown-elf/10.2.0/../../../../riscv64-unknown-elf/lib/rv32imac/ilp32/:/home/tselvam/build_tools/riscv64-unknown-elf-toolchain-10.2.0-2020.12.8-x86_64-linux-ubuntu14/bin/../riscv64-unknown-elf/lib/rv32imac/ilp32/:/home/tselvam/build_tools/riscv64-unknown-elf-toolchain-10.2.0-2020.12.8-x86_64-linux-ubuntu14/bin/../lib/gcc/riscv64-unknown-elf/10.2.0/:/home/tselvam/build_tools/riscv64-unknown-elf-toolchain-10.2.0-2020.12.8-x86_64-linux-ubuntu14/bin/../lib/gcc/:/home/tselvam/build_tools/riscv64-unknown-elf-toolchain-10.2.0-2020.12.8-x86_64-linux-ubuntu14/bin/../lib/gcc/riscv64-unknown-elf/10.2.0/../../../../riscv64-unknown-elf/lib/:/home/tselvam/build_tools/riscv64-unknown-elf-toolchain-10.2.0-2020.12.8-x86_64-linux-ubuntu14/bin/../riscv64-unknown-elf/lib/
COLLECT_GCC_OPTIONS='-march=rv32imac' '-mabi=ilp32' '-mno-relax' '-std=c11' '-fno-builtin' '-fdata-sections' '-ffunction-sections' '-Wall' '-Wextra' '-Wno-pedantic' '-v' '-o' 'CMakeFiles/cmTC_a438a.dir/CMakeCCompilerABI.c.obj' '-c' '-march=rv32imac'
[2/2] Linking C static library libcmTC_a438a.a



Parsed C implicit include dir info from above output: rv=done
  found start of include info
  found start of implicit include info
    add: [/home/tselvam/build_tools/riscv64-unknown-elf-toolchain-10.2.0-2020.12.8-x86_64-linux-ubuntu14/bin/../lib/gcc/riscv64-unknown-elf/10.2.0/include]
    add: [/home/tselvam/build_tools/riscv64-unknown-elf-toolchain-10.2.0-2020.12.8-x86_64-linux-ubuntu14/bin/../lib/gcc/riscv64-unknown-elf/10.2.0/include-fixed]
    add: [/home/tselvam/build_tools/riscv64-unknown-elf-toolchain-10.2.0-2020.12.8-x86_64-linux-ubuntu14/bin/../lib/gcc/riscv64-unknown-elf/10.2.0/../../../../riscv64-unknown-elf/include]
  end of search list found
  collapse include dir [/home/tselvam/build_tools/riscv64-unknown-elf-toolchain-10.2.0-2020.12.8-x86_64-linux-ubuntu14/bin/../lib/gcc/riscv64-unknown-elf/10.2.0/include] ==> [/home/tselvam/build_tools/riscv64-unknown-elf-toolchain-10.2.0-2020.12.8-x86_64-linux-ubuntu14/lib/gcc/riscv64-unknown-elf/10.2.0/include]
  collapse include dir [/home/tselvam/build_tools/riscv64-unknown-elf-toolchain-10.2.0-2020.12.8-x86_64-linux-ubuntu14/bin/../lib/gcc/riscv64-unknown-elf/10.2.0/include-fixed] ==> [/home/tselvam/build_tools/riscv64-unknown-elf-toolchain-10.2.0-2020.12.8-x86_64-linux-ubuntu14/lib/gcc/riscv64-unknown-elf/10.2.0/include-fixed]
  collapse include dir [/home/tselvam/build_tools/riscv64-unknown-elf-toolchain-10.2.0-2020.12.8-x86_64-linux-ubuntu14/bin/../lib/gcc/riscv64-unknown-elf/10.2.0/../../../../riscv64-unknown-elf/include] ==> [/home/tselvam/build_tools/riscv64-unknown-elf-toolchain-10.2.0-2020.12.8-x86_64-linux-ubuntu14/riscv64-unknown-elf/include]
  implicit include dirs: [/home/tselvam/build_tools/riscv64-unknown-elf-toolchain-10.2.0-2020.12.8-x86_64-linux-ubuntu14/lib/gcc/riscv64-unknown-elf/10.2.0/include;/home/tselvam/build_tools/riscv64-unknown-elf-toolchain-10.2.0-2020.12.8-x86_64-linux-ubuntu14/lib/gcc/riscv64-unknown-elf/10.2.0/include-fixed;/home/tselvam/build_tools/riscv64-unknown-elf-toolchain-10.2.0-2020.12.8-x86_64-linux-ubuntu14/riscv64-unknown-elf/include]


Parsed C implicit link information from above output:
  link line regex: [^( *|.*[/\])(riscv64-unknown-elf-ld|CMAKE_LINK_STARTFILE-NOTFOUND|([^/\]+-)?ld|collect2)[^/\]*( |$)]
  ignore line: [Change Dir: /home/tselvam/oss-release/azihsm-fw/projects/microsoft/hsp/manticore/sp/build-prod/CMakeFiles/CMakeTmp]
  ignore line: []
  ignore line: [Run Build Command(s):/usr/bin/ninja cmTC_a438a && [1/2] Building C object CMakeFiles/cmTC_a438a.dir/CMakeCCompilerABI.c.obj]
  ignore line: [Using built-in specs.]
  ignore line: [COLLECT_GCC=/home/tselvam/build_tools/riscv64-unknown-elf-toolchain-10.2.0-2020.12.8-x86_64-linux-ubuntu14/bin/riscv64-unknown-elf-gcc]
  ignore line: [Target: riscv64-unknown-elf]
  ignore line: [Configured with: /scratch/jenkins/workspace/tpp-freedom-tools/tpp03--build-binary-packages--parameterized/obj/x86_64-linux-ubuntu14/build/riscv64-unknown-elf-gcc/riscv-gcc/configure --target=riscv64-unknown-elf --host=x86_64-linux-gnu --prefix=/scratch/jenkins/workspace/tpp-freedom-tools/tpp03--build-binary-packages--parameterized/obj/x86_64-linux-ubuntu14/install/riscv64-unknown-elf-gcc-10.2.0-2020.12.8-x86_64-linux-ubuntu14 --with-pkgversion='SiFive GCC-Metal 10.2.0-2020.12.8' --with-bugurl=https://github.com/sifive/freedom-tools/issues --disable-shared --disable-threads --enable-languages=c c++ --enable-tls --with-newlib --with-sysroot=/scratch/jenkins/workspace/tpp-freedom-tools/tpp03--build-binary-packages--parameterized/obj/x86_64-linux-ubuntu14/install/riscv64-unknown-elf-gcc-10.2.0-2020.12.8-x86_64-linux-ubuntu14/riscv64-unknown-elf --with-native-system-header-dir=/include --disable-libmudflap --disable-libssp --disable-libquadmath --disable-libgomp --disable-nls --disable-tm-clone-registry --src=../riscv-gcc --with-system-zlib --enable-checking=yes --enable-multilib --with-abi=lp64d --with-arch=rv64imafdc CFLAGS=-O2 CXXFLAGS=-O2 'CFLAGS_FOR_TARGET=-Os -mcmodel=medany' 'CXXFLAGS_FOR_TARGET=-Os -mcmodel=medany']
  ignore line: [Thread model: single]
  ignore line: [Supported LTO compression algorithms: zlib]
  ignore line: [gcc version 10.2.0 (SiFive GCC-Metal 10.2.0-2020.12.8) ]
  ignore line: [COLLECT_GCC_OPTIONS='-march=rv32imac' '-mabi=ilp32' '-mno-relax' '-std=c11' '-fno-builtin' '-fdata-sections' '-ffunction-sections' '-Wall' '-Wextra' '-Wno-pedantic' '-v' '-o' 'CMakeFiles/cmTC_a438a.dir/CMakeCCompilerABI.c.obj' '-c' '-march=rv32imac']
  ignore line: [ /home/tselvam/build_tools/riscv64-unknown-elf-toolchain-10.2.0-2020.12.8-x86_64-linux-ubuntu14/bin/../libexec/gcc/riscv64-unknown-elf/10.2.0/cc1 -quiet -v -imultilib rv32imac/ilp32 -iprefix /home/tselvam/build_tools/riscv64-unknown-elf-toolchain-10.2.0-2020.12.8-x86_64-linux-ubuntu14/bin/../lib/gcc/riscv64-unknown-elf/10.2.0/ -isysroot /home/tselvam/build_tools/riscv64-unknown-elf-toolchain-10.2.0-2020.12.8-x86_64-linux-ubuntu14/bin/../riscv64-unknown-elf /usr/share/cmake-3.22/Modules/CMakeCCompilerABI.c -quiet -dumpbase CMakeCCompilerABI.c -march=rv32imac -mabi=ilp32 -mno-relax -march=rv32imac -auxbase-strip CMakeFiles/cmTC_a438a.dir/CMakeCCompilerABI.c.obj -Wall -Wextra -Wno-pedantic -std=c11 -version -fno-builtin -fdata-sections -ffunction-sections -o /tmp/ccOoisL2.s]
  ignore line: [GNU C11 (SiFive GCC-Metal 10.2.0-2020.12.8) version 10.2.0 (riscv64-unknown-elf)]
  ignore line: [	compiled by GNU C version 5.4.0 20160609  GMP version 6.1.0  MPFR version 3.1.4  MPC version 1.0.3  isl version isl-0.18-GMP]
  ignore line: []
  ignore line: [GGC heuristics: --param ggc-min-expand=30 --param ggc-min-heapsize=4096]
  ignore line: [ignoring duplicate directory "/home/tselvam/build_tools/riscv64-unknown-elf-toolchain-10.2.0-2020.12.8-x86_64-linux-ubuntu14/bin/../lib/gcc/../../lib/gcc/riscv64-unknown-elf/10.2.0/include"]
  ignore line: [ignoring nonexistent directory "/home/tselvam/build_tools/riscv64-unknown-elf-toolchain-10.2.0-2020.12.8-x86_64-linux-ubuntu14/bin/../riscv64-unknown-elf/usr/local/include"]
  ignore line: [ignoring duplicate directory "/home/tselvam/build_tools/riscv64-unknown-elf-toolchain-10.2.0-2020.12.8-x86_64-linux-ubuntu14/bin/../lib/gcc/../../lib/gcc/riscv64-unknown-elf/10.2.0/include-fixed"]
  ignore line: [ignoring duplicate directory "/home/tselvam/build_tools/riscv64-unknown-elf-toolchain-10.2.0-2020.12.8-x86_64-linux-ubuntu14/bin/../lib/gcc/../../lib/gcc/riscv64-unknown-elf/10.2.0/../../../../riscv64-unknown-elf/include"]
  ignore line: [ignoring duplicate directory "/home/tselvam/build_tools/riscv64-unknown-elf-toolchain-10.2.0-2020.12.8-x86_64-linux-ubuntu14/bin/../riscv64-unknown-elf/include"]
  ignore line: [#include "..." search starts here:]
  ignore line: [#include <...> search starts here:]
  ignore line: [ /home/tselvam/build_tools/riscv64-unknown-elf-toolchain-10.2.0-2020.12.8-x86_64-linux-ubuntu14/bin/../lib/gcc/riscv64-unknown-elf/10.2.0/include]
  ignore line: [ /home/tselvam/build_tools/riscv64-unknown-elf-toolchain-10.2.0-2020.12.8-x86_64-linux-ubuntu14/bin/../lib/gcc/riscv64-unknown-elf/10.2.0/include-fixed]
  ignore line: [ /home/tselvam/build_tools/riscv64-unknown-elf-toolchain-10.2.0-2020.12.8-x86_64-linux-ubuntu14/bin/../lib/gcc/riscv64-unknown-elf/10.2.0/../../../../riscv64-unknown-elf/include]
  ignore line: [End of search list.]
  ignore line: [GNU C11 (SiFive GCC-Metal 10.2.0-2020.12.8) version 10.2.0 (riscv64-unknown-elf)]
  ignore line: [	compiled by GNU C version 5.4.0 20160609  GMP version 6.1.0  MPFR version 3.1.4  MPC version 1.0.3  isl version isl-0.18-GMP]
  ignore line: []
  ignore line: [GGC heuristics: --param ggc-min-expand=30 --param ggc-min-heapsize=4096]
  ignore line: [Compiler executable checksum: 60d252ed314f9b710cd503352129ad1f]
  ignore line: [COLLECT_GCC_OPTIONS='-march=rv32imac' '-mabi=ilp32' '-mno-relax' '-std=c11' '-fno-builtin' '-fdata-sections' '-ffunction-sections' '-Wall' '-Wextra' '-Wno-pedantic' '-v' '-o' 'CMakeFiles/cmTC_a438a.dir/CMakeCCompilerABI.c.obj' '-c' '-march=rv32imac']
  ignore line: [ /home/tselvam/build_tools/riscv64-unknown-elf-toolchain-10.2.0-2020.12.8-x86_64-linux-ubuntu14/bin/../lib/gcc/riscv64-unknown-elf/10.2.0/../../../../riscv64-unknown-elf/bin/as -v --traditional-format -march=rv32imac -march=rv32imac -mabi=ilp32 -o CMakeFiles/cmTC_a438a.dir/CMakeCCompilerABI.c.obj /tmp/ccOoisL2.s]
  ignore line: [GNU assembler version 2.35 (riscv64-unknown-elf) using BFD version (SiFive Binutils-Metal 2.35.0-2020.12.8) 2.35]
  ignore line: [COMPILER_PATH=/home/tselvam/build_tools/riscv64-unknown-elf-toolchain-10.2.0-2020.12.8-x86_64-linux-ubuntu14/bin/../libexec/gcc/riscv64-unknown-elf/10.2.0/:/home/tselvam/build_tools/riscv64-unknown-elf-toolchain-10.2.0-2020.12.8-x86_64-linux-ubuntu14/bin/../libexec/gcc/:/home/tselvam/build_tools/riscv64-unknown-elf-toolchain-10.2.0-2020.12.8-x86_64-linux-ubuntu14/bin/../lib/gcc/riscv64-unknown-elf/10.2.0/../../../../riscv64-unknown-elf/bin/]
  ignore line: [LIBRARY_PATH=/home/tselvam/build_tools/riscv64-unknown-elf-toolchain-10.2.0-2020.12.8-x86_64-linux-ubuntu14/bin/../lib/gcc/riscv64-unknown-elf/10.2.0/rv32imac/ilp32/:/home/tselvam/build_tools/riscv64-unknown-elf-toolchain-10.2.0-2020.12.8-x86_64-linux-ubuntu14/bin/../lib/gcc/riscv64-unknown-elf/10.2.0/../../../../riscv64-unknown-elf/lib/rv32imac/ilp32/:/home/tselvam/build_tools/riscv64-unknown-elf-toolchain-10.2.0-2020.12.8-x86_64-linux-ubuntu14/bin/../riscv64-unknown-elf/lib/rv32imac/ilp32/:/home/tselvam/build_tools/riscv64-unknown-elf-toolchain-10.2.0-2020.12.8-x86_64-linux-ubuntu14/bin/../lib/gcc/riscv64-unknown-elf/10.2.0/:/home/tselvam/build_tools/riscv64-unknown-elf-toolchain-10.2.0-2020.12.8-x86_64-linux-ubuntu14/bin/../lib/gcc/:/home/tselvam/build_tools/riscv64-unknown-elf-toolchain-10.2.0-2020.12.8-x86_64-linux-ubuntu14/bin/../lib/gcc/riscv64-unknown-elf/10.2.0/../../../../riscv64-unknown-elf/lib/:/home/tselvam/build_tools/riscv64-unknown-elf-toolchain-10.2.0-2020.12.8-x86_64-linux-ubuntu14/bin/../riscv64-unknown-elf/lib/]
  ignore line: [COLLECT_GCC_OPTIONS='-march=rv32imac' '-mabi=ilp32' '-mno-relax' '-std=c11' '-fno-builtin' '-fdata-sections' '-ffunction-sections' '-Wall' '-Wextra' '-Wno-pedantic' '-v' '-o' 'CMakeFiles/cmTC_a438a.dir/CMakeCCompilerABI.c.obj' '-c' '-march=rv32imac']
  ignore line: [[2/2] Linking C static library libcmTC_a438a.a]
  ignore line: []
  ignore line: []
  implicit libs: []
  implicit objs: []
  implicit dirs: []
  implicit fwks: []


The target system is: Generic - 1 - riscv32
The host system is: Linux - 6.6.87.2-microsoft-standard-WSL2 - x86_64
Compiling the C compiler identification source file "CMakeCCompilerId.c" succeeded.
Compiler: /home/tselvam/build_tools/riscv64-unknown-elf-toolchain-10.2.0-2020.12.8-x86_64-linux-ubuntu14/bin/riscv64-unknown-elf-gcc 
Build flags: -march=rv32imac;-mabi=ilp32;-mno-relax;-std=c11;-fno-builtin;-fdata-sections;-ffunction-sections;-Wall;-Wextra;-pedantic;-Werror;-g;-Wno-pedantic
Id flags:  

The output was:
0


Compilation of the C compiler identification source "CMakeCCompilerId.c" produced "a.out"

The C compiler identification is GNU, found in "/home/tselvam/oss-release/azihsm-fw/projects/microsoft/hsp/manticore/sp/build-prod/CMakeFiles/3.22.1/CompilerIdC/a.out"

Checking whether the ASM compiler is GNU using "--version" matched "(GNU assembler)|(GCC)|(Free Software Foundation)":
riscv64-unknown-elf-gcc (SiFive GCC-Metal 10.2.0-2020.12.8) 10.2.0
Copyright (C) 2020 Free Software Foundation, Inc.
This is free software; see the source for copying conditions.  There is NO
warranty; not even for MERCHANTABILITY or FITNESS FOR A PARTICULAR PURPOSE.

Detecting C compiler ABI info compiled with the following output:
Change Dir: /home/tselvam/oss-release/azihsm-fw/projects/microsoft/hsp/manticore/sp/build-prod/CMakeFiles/CMakeTmp

Run Build Command(s):/usr/bin/ninja cmTC_4bf50 && [1/2] Building C object CMakeFiles/cmTC_4bf50.dir/CMakeCCompilerABI.c.obj
Using built-in specs.
COLLECT_GCC=/home/tselvam/build_tools/riscv64-unknown-elf-toolchain-10.2.0-2020.12.8-x86_64-linux-ubuntu14/bin/riscv64-unknown-elf-gcc
Target: riscv64-unknown-elf
Configured with: /scratch/jenkins/workspace/tpp-freedom-tools/tpp03--build-binary-packages--parameterized/obj/x86_64-linux-ubuntu14/build/riscv64-unknown-elf-gcc/riscv-gcc/configure --target=riscv64-unknown-elf --host=x86_64-linux-gnu --prefix=/scratch/jenkins/workspace/tpp-freedom-tools/tpp03--build-binary-packages--parameterized/obj/x86_64-linux-ubuntu14/install/riscv64-unknown-elf-gcc-10.2.0-2020.12.8-x86_64-linux-ubuntu14 --with-pkgversion='SiFive GCC-Metal 10.2.0-2020.12.8' --with-bugurl=https://github.com/sifive/freedom-tools/issues --disable-shared --disable-threads --enable-languages=c,c++ --enable-tls --with-newlib --with-sysroot=/scratch/jenkins/workspace/tpp-freedom-tools/tpp03--build-binary-packages--parameterized/obj/x86_64-linux-ubuntu14/install/riscv64-unknown-elf-gcc-10.2.0-2020.12.8-x86_64-linux-ubuntu14/riscv64-unknown-elf --with-native-system-header-dir=/include --disable-libmudflap --disable-libssp --disable-libquadmath --disable-libgomp --disable-nls --disable-tm-clone-registry --src=../riscv-gcc --with-system-zlib --enable-checking=yes --enable-multilib --with-abi=lp64d --with-arch=rv64imafdc CFLAGS=-O2 CXXFLAGS=-O2 'CFLAGS_FOR_TARGET=-Os -mcmodel=medany' 'CXXFLAGS_FOR_TARGET=-Os -mcmodel=medany'
Thread model: single
Supported LTO compression algorithms: zlib
gcc version 10.2.0 (SiFive GCC-Metal 10.2.0-2020.12.8) 
COLLECT_GCC_OPTIONS='-march=rv32imac' '-mabi=ilp32' '-mno-relax' '-std=c11' '-fno-builtin' '-fdata-sections' '-ffunction-sections' '-Wall' '-Wextra' '-Wno-pedantic' '-v' '-o' 'CMakeFiles/cmTC_4bf50.dir/CMakeCCompilerABI.c.obj' '-c' '-march=rv32imac'
 /home/tselvam/build_tools/riscv64-unknown-elf-toolchain-10.2.0-2020.12.8-x86_64-linux-ubuntu14/bin/../libexec/gcc/riscv64-unknown-elf/10.2.0/cc1 -quiet -v -imultilib rv32imac/ilp32 -iprefix /home/tselvam/build_tools/riscv64-unknown-elf-toolchain-10.2.0-2020.12.8-x86_64-linux-ubuntu14/bin/../lib/gcc/riscv64-unknown-elf/10.2.0/ -isysroot /home/tselvam/build_tools/riscv64-unknown-elf-toolchain-10.2.0-2020.12.8-x86_64-linux-ubuntu14/bin/../riscv64-unknown-elf /usr/share/cmake-3.22/Modules/CMakeCCompilerABI.c -quiet -dumpbase CMakeCCompilerABI.c -march=rv32imac -mabi=ilp32 -mno-relax -march=rv32imac -auxbase-strip CMakeFiles/cmTC_4bf50.dir/CMakeCCompilerABI.c.obj -Wall -Wextra -Wno-pedantic -std=c11 -version -fno-builtin -fdata-sections -ffunction-sections -o /tmp/ccjjIN1l.s
GNU C11 (SiFive GCC-Metal 10.2.0-2020.12.8) version 10.2.0 (riscv64-unknown-elf)
	compiled by GNU C version 5.4.0 20160609, GMP version 6.1.0, MPFR version 3.1.4, MPC version 1.0.3, isl version isl-0.18-GMP

GGC heuristics: --param ggc-min-expand=30 --param ggc-min-heapsize=4096
ignoring duplicate directory "/home/tselvam/build_tools/riscv64-unknown-elf-toolchain-10.2.0-2020.12.8-x86_64-linux-ubuntu14/bin/../lib/gcc/../../lib/gcc/riscv64-unknown-elf/10.2.0/include"
ignoring nonexistent directory "/home/tselvam/build_tools/riscv64-unknown-elf-toolchain-10.2.0-2020.12.8-x86_64-linux-ubuntu14/bin/../riscv64-unknown-elf/usr/local/include"
ignoring duplicate directory "/home/tselvam/build_tools/riscv64-unknown-elf-toolchain-10.2.0-2020.12.8-x86_64-linux-ubuntu14/bin/../lib/gcc/../../lib/gcc/riscv64-unknown-elf/10.2.0/include-fixed"
ignoring duplicate directory "/home/tselvam/build_tools/riscv64-unknown-elf-toolchain-10.2.0-2020.12.8-x86_64-linux-ubuntu14/bin/../lib/gcc/../../lib/gcc/riscv64-unknown-elf/10.2.0/../../../../riscv64-unknown-elf/include"
ignoring duplicate directory "/home/tselvam/build_tools/riscv64-unknown-elf-toolchain-10.2.0-2020.12.8-x86_64-linux-ubuntu14/bin/../riscv64-unknown-elf/include"
#include "..." search starts here:
#include <...> search starts here:
 /home/tselvam/build_tools/riscv64-unknown-elf-toolchain-10.2.0-2020.12.8-x86_64-linux-ubuntu14/bin/../lib/gcc/riscv64-unknown-elf/10.2.0/include
 /home/tselvam/build_tools/riscv64-unknown-elf-toolchain-10.2.0-2020.12.8-x86_64-linux-ubuntu14/bin/../lib/gcc/riscv64-unknown-elf/10.2.0/include-fixed
 /home/tselvam/build_tools/riscv64-unknown-elf-toolchain-10.2.0-2020.12.8-x86_64-linux-ubuntu14/bin/../lib/gcc/riscv64-unknown-elf/10.2.0/../../../../riscv64-unknown-elf/include
End of search list.
GNU C11 (SiFive GCC-Metal 10.2.0-2020.12.8) version 10.2.0 (riscv64-unknown-elf)
	compiled by GNU C version 5.4.0 20160609, GMP version 6.1.0, MPFR version 3.1.4, MPC version 1.0.3, isl version isl-0.18-GMP

GGC heuristics: --param ggc-min-expand=30 --param ggc-min-heapsize=4096
Compiler executable checksum: 60d252ed314f9b710cd503352129ad1f
COLLECT_GCC_OPTIONS='-march=rv32imac' '-mabi=ilp32' '-mno-relax' '-std=c11' '-fno-builtin' '-fdata-sections' '-ffunction-sections' '-Wall' '-Wextra' '-Wno-pedantic' '-v' '-o' 'CMakeFiles/cmTC_4bf50.dir/CMakeCCompilerABI.c.obj' '-c' '-march=rv32imac'
 /home/tselvam/build_tools/riscv64-unknown-elf-toolchain-10.2.0-2020.12.8-x86_64-linux-ubuntu14/bin/../lib/gcc/riscv64-unknown-elf/10.2.0/../../../../riscv64-unknown-elf/bin/as -v --traditional-format -march=rv32imac -march=rv32imac -mabi=ilp32 -o CMakeFiles/cmTC_4bf50.dir/CMakeCCompilerABI.c.obj /tmp/ccjjIN1l.s
GNU assembler version 2.35 (riscv64-unknown-elf) using BFD version (SiFive Binutils-Metal 2.35.0-2020.12.8) 2.35
COMPILER_PATH=/home/tselvam/build_tools/riscv64-unknown-elf-toolchain-10.2.0-2020.12.8-x86_64-linux-ubuntu14/bin/../libexec/gcc/riscv64-unknown-elf/10.2.0/:/home/tselvam/build_tools/riscv64-unknown-elf-toolchain-10.2.0-2020.12.8-x86_64-linux-ubuntu14/bin/../libexec/gcc/:/home/tselvam/build_tools/riscv64-unknown-elf-toolchain-10.2.0-2020.12.8-x86_64-linux-ubuntu14/bin/../lib/gcc/riscv64-unknown-elf/10.2.0/../../../../riscv64-unknown-elf/bin/
LIBRARY_PATH=/home/tselvam/build_tools/riscv64-unknown-elf-toolchain-10.2.0-2020.12.8-x86_64-linux-ubuntu14/bin/../lib/gcc/riscv64-unknown-elf/10.2.0/rv32imac/ilp32/:/home/tselvam/build_tools/riscv64-unknown-elf-toolchain-10.2.0-2020.12.8-x86_64-linux-ubuntu14/bin/../lib/gcc/riscv64-unknown-elf/10.2.0/../../../../riscv64-unknown-elf/lib/rv32imac/ilp32/:/home/tselvam/build_tools/riscv64-unknown-elf-toolchain-10.2.0-2020.12.8-x86_64-linux-ubuntu14/bin/../riscv64-unknown-elf/lib/rv32imac/ilp32/:/home/tselvam/build_tools/riscv64-unknown-elf-toolchain-10.2.0-2020.12.8-x86_64-linux-ubuntu14/bin/../lib/gcc/riscv64-unknown-elf/10.2.0/:/home/tselvam/build_tools/riscv64-unknown-elf-toolchain-10.2.0-2020.12.8-x86_64-linux-ubuntu14/bin/../lib/gcc/:/home/tselvam/build_tools/riscv64-unknown-elf-toolchain-10.2.0-2020.12.8-x86_64-linux-ubuntu14/bin/../lib/gcc/riscv64-unknown-elf/10.2.0/../../../../riscv64-unknown-elf/lib/:/home/tselvam/build_tools/riscv64-unknown-elf-toolchain-10.2.0-2020.12.8-x86_64-linux-ubuntu14/bin/../riscv64-unknown-elf/lib/
COLLECT_GCC_OPTIONS='-march=rv32imac' '-mabi=ilp32' '-mno-relax' '-std=c11' '-fno-builtin' '-fdata-sections' '-ffunction-sections' '-Wall' '-Wextra' '-Wno-pedantic' '-v' '-o' 'CMakeFiles/cmTC_4bf50.dir/CMakeCCompilerABI.c.obj' '-c' '-march=rv32imac'
[2/2] Linking C static library libcmTC_4bf50.a



Parsed C implicit include dir info from above output: rv=done
  found start of include info
  found start of implicit include info
    add: [/home/tselvam/build_tools/riscv64-unknown-elf-toolchain-10.2.0-2020.12.8-x86_64-linux-ubuntu14/bin/../lib/gcc/riscv64-unknown-elf/10.2.0/include]
    add: [/home/tselvam/build_tools/riscv64-unknown-elf-toolchain-10.2.0-2020.12.8-x86_64-linux-ubuntu14/bin/../lib/gcc/riscv64-unknown-elf/10.2.0/include-fixed]
    add: [/home/tselvam/build_tools/riscv64-unknown-elf-toolchain-10.2.0-2020.12.8-x86_64-linux-ubuntu14/bin/../lib/gcc/riscv64-unknown-elf/10.2.0/../../../../riscv64-unknown-elf/include]
  end of search list found
  collapse include dir [/home/tselvam/build_tools/riscv64-unknown-elf-toolchain-10.2.0-2020.12.8-x86_64-linux-ubuntu14/bin/../lib/gcc/riscv64-unknown-elf/10.2.0/include] ==> [/home/tselvam/build_tools/riscv64-unknown-elf-toolchain-10.2.0-2020.12.8-x86_64-linux-ubuntu14/lib/gcc/riscv64-unknown-elf/10.2.0/include]
  collapse include dir [/home/tselvam/build_tools/riscv64-unknown-elf-toolchain-10.2.0-2020.12.8-x86_64-linux-ubuntu14/bin/../lib/gcc/riscv64-unknown-elf/10.2.0/include-fixed] ==> [/home/tselvam/build_tools/riscv64-unknown-elf-toolchain-10.2.0-2020.12.8-x86_64-linux-ubuntu14/lib/gcc/riscv64-unknown-elf/10.2.0/include-fixed]
  collapse include dir [/home/tselvam/build_tools/riscv64-unknown-elf-toolchain-10.2.0-2020.12.8-x86_64-linux-ubuntu14/bin/../lib/gcc/riscv64-unknown-elf/10.2.0/../../../../riscv64-unknown-elf/include] ==> [/home/tselvam/build_tools/riscv64-unknown-elf-toolchain-10.2.0-2020.12.8-x86_64-linux-ubuntu14/riscv64-unknown-elf/include]
  implicit include dirs: [/home/tselvam/build_tools/riscv64-unknown-elf-toolchain-10.2.0-2020.12.8-x86_64-linux-ubuntu14/lib/gcc/riscv64-unknown-elf/10.2.0/include;/home/tselvam/build_tools/riscv64-unknown-elf-toolchain-10.2.0-2020.12.8-x86_64-linux-ubuntu14/lib/gcc/riscv64-unknown-elf/10.2.0/include-fixed;/home/tselvam/build_tools/riscv64-unknown-elf-toolchain-10.2.0-2020.12.8-x86_64-linux-ubuntu14/riscv64-unknown-elf/include]


Parsed C implicit link information from above output:
  link line regex: [^( *|.*[/\])(riscv64-unknown-elf-ld|CMAKE_LINK_STARTFILE-NOTFOUND|([^/\]+-)?ld|collect2)[^/\]*( |$)]
  ignore line: [Change Dir: /home/tselvam/oss-release/azihsm-fw/projects/microsoft/hsp/manticore/sp/build-prod/CMakeFiles/CMakeTmp]
  ignore line: []
  ignore line: [Run Build Command(s):/usr/bin/ninja cmTC_4bf50 && [1/2] Building C object CMakeFiles/cmTC_4bf50.dir/CMakeCCompilerABI.c.obj]
  ignore line: [Using built-in specs.]
  ignore line: [COLLECT_GCC=/home/tselvam/build_tools/riscv64-unknown-elf-toolchain-10.2.0-2020.12.8-x86_64-linux-ubuntu14/bin/riscv64-unknown-elf-gcc]
  ignore line: [Target: riscv64-unknown-elf]
  ignore line: [Configured with: /scratch/jenkins/workspace/tpp-freedom-tools/tpp03--build-binary-packages--parameterized/obj/x86_64-linux-ubuntu14/build/riscv64-unknown-elf-gcc/riscv-gcc/configure --target=riscv64-unknown-elf --host=x86_64-linux-gnu --prefix=/scratch/jenkins/workspace/tpp-freedom-tools/tpp03--build-binary-packages--parameterized/obj/x86_64-linux-ubuntu14/install/riscv64-unknown-elf-gcc-10.2.0-2020.12.8-x86_64-linux-ubuntu14 --with-pkgversion='SiFive GCC-Metal 10.2.0-2020.12.8' --with-bugurl=https://github.com/sifive/freedom-tools/issues --disable-shared --disable-threads --enable-languages=c c++ --enable-tls --with-newlib --with-sysroot=/scratch/jenkins/workspace/tpp-freedom-tools/tpp03--build-binary-packages--parameterized/obj/x86_64-linux-ubuntu14/install/riscv64-unknown-elf-gcc-10.2.0-2020.12.8-x86_64-linux-ubuntu14/riscv64-unknown-elf --with-native-system-header-dir=/include --disable-libmudflap --disable-libssp --disable-libquadmath --disable-libgomp --disable-nls --disable-tm-clone-registry --src=../riscv-gcc --with-system-zlib --enable-checking=yes --enable-multilib --with-abi=lp64d --with-arch=rv64imafdc CFLAGS=-O2 CXXFLAGS=-O2 'CFLAGS_FOR_TARGET=-Os -mcmodel=medany' 'CXXFLAGS_FOR_TARGET=-Os -mcmodel=medany']
  ignore line: [Thread model: single]
  ignore line: [Supported LTO compression algorithms: zlib]
  ignore line: [gcc version 10.2.0 (SiFive GCC-Metal 10.2.0-2020.12.8) ]
  ignore line: [COLLECT_GCC_OPTIONS='-march=rv32imac' '-mabi=ilp32' '-mno-relax' '-std=c11' '-fno-builtin' '-fdata-sections' '-ffunction-sections' '-Wall' '-Wextra' '-Wno-pedantic' '-v' '-o' 'CMakeFiles/cmTC_4bf50.dir/CMakeCCompilerABI.c.obj' '-c' '-march=rv32imac']
  ignore line: [ /home/tselvam/build_tools/riscv64-unknown-elf-toolchain-10.2.0-2020.12.8-x86_64-linux-ubuntu14/bin/../libexec/gcc/riscv64-unknown-elf/10.2.0/cc1 -quiet -v -imultilib rv32imac/ilp32 -iprefix /home/tselvam/build_tools/riscv64-unknown-elf-toolchain-10.2.0-2020.12.8-x86_64-linux-ubuntu14/bin/../lib/gcc/riscv64-unknown-elf/10.2.0/ -isysroot /home/tselvam/build_tools/riscv64-unknown-elf-toolchain-10.2.0-2020.12.8-x86_64-linux-ubuntu14/bin/../riscv64-unknown-elf /usr/share/cmake-3.22/Modules/CMakeCCompilerABI.c -quiet -dumpbase CMakeCCompilerABI.c -march=rv32imac -mabi=ilp32 -mno-relax -march=rv32imac -auxbase-strip CMakeFiles/cmTC_4bf50.dir/CMakeCCompilerABI.c.obj -Wall -Wextra -Wno-pedantic -std=c11 -version -fno-builtin -fdata-sections -ffunction-sections -o /tmp/ccjjIN1l.s]
  ignore line: [GNU C11 (SiFive GCC-Metal 10.2.0-2020.12.8) version 10.2.0 (riscv64-unknown-elf)]
  ignore line: [	compiled by GNU C version 5.4.0 20160609  GMP version 6.1.0  MPFR version 3.1.4  MPC version 1.0.3  isl version isl-0.18-GMP]
  ignore line: []
  ignore line: [GGC heuristics: --param ggc-min-expand=30 --param ggc-min-heapsize=4096]
  ignore line: [ignoring duplicate directory "/home/tselvam/build_tools/riscv64-unknown-elf-toolchain-10.2.0-2020.12.8-x86_64-linux-ubuntu14/bin/../lib/gcc/../../lib/gcc/riscv64-unknown-elf/10.2.0/include"]
  ignore line: [ignoring nonexistent directory "/home/tselvam/build_tools/riscv64-unknown-elf-toolchain-10.2.0-2020.12.8-x86_64-linux-ubuntu14/bin/../riscv64-unknown-elf/usr/local/include"]
  ignore line: [ignoring duplicate directory "/home/tselvam/build_tools/riscv64-unknown-elf-toolchain-10.2.0-2020.12.8-x86_64-linux-ubuntu14/bin/../lib/gcc/../../lib/gcc/riscv64-unknown-elf/10.2.0/include-fixed"]
  ignore line: [ignoring duplicate directory "/home/tselvam/build_tools/riscv64-unknown-elf-toolchain-10.2.0-2020.12.8-x86_64-linux-ubuntu14/bin/../lib/gcc/../../lib/gcc/riscv64-unknown-elf/10.2.0/../../../../riscv64-unknown-elf/include"]
  ignore line: [ignoring duplicate directory "/home/tselvam/build_tools/riscv64-unknown-elf-toolchain-10.2.0-2020.12.8-x86_64-linux-ubuntu14/bin/../riscv64-unknown-elf/include"]
  ignore line: [#include "..." search starts here:]
  ignore line: [#include <...> search starts here:]
  ignore line: [ /home/tselvam/build_tools/riscv64-unknown-elf-toolchain-10.2.0-2020.12.8-x86_64-linux-ubuntu14/bin/../lib/gcc/riscv64-unknown-elf/10.2.0/include]
  ignore line: [ /home/tselvam/build_tools/riscv64-unknown-elf-toolchain-10.2.0-2020.12.8-x86_64-linux-ubuntu14/bin/../lib/gcc/riscv64-unknown-elf/10.2.0/include-fixed]
  ignore line: [ /home/tselvam/build_tools/riscv64-unknown-elf-toolchain-10.2.0-2020.12.8-x86_64-linux-ubuntu14/bin/../lib/gcc/riscv64-unknown-elf/10.2.0/../../../../riscv64-unknown-elf/include]
  ignore line: [End of search list.]
  ignore line: [GNU C11 (SiFive GCC-Metal 10.2.0-2020.12.8) version 10.2.0 (riscv64-unknown-elf)]
  ignore line: [	compiled by GNU C version 5.4.0 20160609  GMP version 6.1.0  MPFR version 3.1.4  MPC version 1.0.3  isl version isl-0.18-GMP]
  ignore line: []
  ignore line: [GGC heuristics: --param ggc-min-expand=30 --param ggc-min-heapsize=4096]
  ignore line: [Compiler executable checksum: 60d252ed314f9b710cd503352129ad1f]
  ignore line: [COLLECT_GCC_OPTIONS='-march=rv32imac' '-mabi=ilp32' '-mno-relax' '-std=c11' '-fno-builtin' '-fdata-sections' '-ffunction-sections' '-Wall' '-Wextra' '-Wno-pedantic' '-v' '-o' 'CMakeFiles/cmTC_4bf50.dir/CMakeCCompilerABI.c.obj' '-c' '-march=rv32imac']
  ignore line: [ /home/tselvam/build_tools/riscv64-unknown-elf-toolchain-10.2.0-2020.12.8-x86_64-linux-ubuntu14/bin/../lib/gcc/riscv64-unknown-elf/10.2.0/../../../../riscv64-unknown-elf/bin/as -v --traditional-format -march=rv32imac -march=rv32imac -mabi=ilp32 -o CMakeFiles/cmTC_4bf50.dir/CMakeCCompilerABI.c.obj /tmp/ccjjIN1l.s]
  ignore line: [GNU assembler version 2.35 (riscv64-unknown-elf) using BFD version (SiFive Binutils-Metal 2.35.0-2020.12.8) 2.35]
  ignore line: [COMPILER_PATH=/home/tselvam/build_tools/riscv64-unknown-elf-toolchain-10.2.0-2020.12.8-x86_64-linux-ubuntu14/bin/../libexec/gcc/riscv64-unknown-elf/10.2.0/:/home/tselvam/build_tools/riscv64-unknown-elf-toolchain-10.2.0-2020.12.8-x86_64-linux-ubuntu14/bin/../libexec/gcc/:/home/tselvam/build_tools/riscv64-unknown-elf-toolchain-10.2.0-2020.12.8-x86_64-linux-ubuntu14/bin/../lib/gcc/riscv64-unknown-elf/10.2.0/../../../../riscv64-unknown-elf/bin/]
  ignore line: [LIBRARY_PATH=/home/tselvam/build_tools/riscv64-unknown-elf-toolchain-10.2.0-2020.12.8-x86_64-linux-ubuntu14/bin/../lib/gcc/riscv64-unknown-elf/10.2.0/rv32imac/ilp32/:/home/tselvam/build_tools/riscv64-unknown-elf-toolchain-10.2.0-2020.12.8-x86_64-linux-ubuntu14/bin/../lib/gcc/riscv64-unknown-elf/10.2.0/../../../../riscv64-unknown-elf/lib/rv32imac/ilp32/:/home/tselvam/build_tools/riscv64-unknown-elf-toolchain-10.2.0-2020.12.8-x86_64-linux-ubuntu14/bin/../riscv64-unknown-elf/lib/rv32imac/ilp32/:/home/tselvam/build_tools/riscv64-unknown-elf-toolchain-10.2.0-2020.12.8-x86_64-linux-ubuntu14/bin/../lib/gcc/riscv64-unknown-elf/10.2.0/:/home/tselvam/build_tools/riscv64-unknown-elf-toolchain-10.2.0-2020.12.8-x86_64-linux-ubuntu14/bin/../lib/gcc/:/home/tselvam/build_tools/riscv64-unknown-elf-toolchain-10.2.0-2020.12.8-x86_64-linux-ubuntu14/bin/../lib/gcc/riscv64-unknown-elf/10.2.0/../../../../riscv64-unknown-elf/lib/:/home/tselvam/build_tools/riscv64-unknown-elf-toolchain-10.2.0-2020.12.8-x86_64-linux-ubuntu14/bin/../riscv64-unknown-elf/lib/]
  ignore line: [COLLECT_GCC_OPTIONS='-march=rv32imac' '-mabi=ilp32' '-mno-relax' '-std=c11' '-fno-builtin' '-fdata-sections' '-ffunction-sections' '-Wall' '-Wextra' '-Wno-pedantic' '-v' '-o' 'CMakeFiles/cmTC_4bf50.dir/CMakeCCompilerABI.c.obj' '-c' '-march=rv32imac']
  ignore line: [[2/2] Linking C static library libcmTC_4bf50.a]
  ignore line: []
  ignore line: []
  implicit libs: []
  implicit objs: []
  implicit dirs: []
  implicit fwks: []


The target system is: Generic - 1 - riscv32
The host system is: Linux - 6.6.87.2-microsoft-standard-WSL2 - x86_64
Compiling the C compiler identification source file "CMakeCCompilerId.c" succeeded.
Compiler: /home/tselvam/build_tools/riscv64-unknown-elf-toolchain-10.2.0-2020.12.8-x86_64-linux-ubuntu14/bin/riscv64-unknown-elf-gcc 
Build flags: -march=rv32imac;-mabi=ilp32;-mno-relax;-std=c11;-fno-builtin;-fdata-sections;-ffunction-sections;-Wall;-Wextra;-pedantic;-Werror;-g;-Wno-pedantic
Id flags:  

The output was:
0


Compilation of the C compiler identification source "CMakeCCompilerId.c" produced "a.out"

The C compiler identification is GNU, found in "/home/tselvam/oss-release/azihsm-fw/projects/microsoft/hsp/manticore/sp/build-prod/CMakeFiles/3.22.1/CompilerIdC/a.out"

Checking whether the ASM compiler is GNU using "--version" matched "(GNU assembler)|(GCC)|(Free Software Foundation)":
riscv64-unknown-elf-gcc (SiFive GCC-Metal 10.2.0-2020.12.8) 10.2.0
Copyright (C) 2020 Free Software Foundation, Inc.
This is free software; see the source for copying conditions.  There is NO
warranty; not even for MERCHANTABILITY or FITNESS FOR A PARTICULAR PURPOSE.

Detecting C compiler ABI info compiled with the following output:
Change Dir: /home/tselvam/oss-release/azihsm-fw/projects/microsoft/hsp/manticore/sp/build-prod/CMakeFiles/CMakeTmp

Run Build Command(s):/usr/bin/ninja cmTC_f6be2 && [1/2] Building C object CMakeFiles/cmTC_f6be2.dir/CMakeCCompilerABI.c.obj
Using built-in specs.
COLLECT_GCC=/home/tselvam/build_tools/riscv64-unknown-elf-toolchain-10.2.0-2020.12.8-x86_64-linux-ubuntu14/bin/riscv64-unknown-elf-gcc
Target: riscv64-unknown-elf
Configured with: /scratch/jenkins/workspace/tpp-freedom-tools/tpp03--build-binary-packages--parameterized/obj/x86_64-linux-ubuntu14/build/riscv64-unknown-elf-gcc/riscv-gcc/configure --target=riscv64-unknown-elf --host=x86_64-linux-gnu --prefix=/scratch/jenkins/workspace/tpp-freedom-tools/tpp03--build-binary-packages--parameterized/obj/x86_64-linux-ubuntu14/install/riscv64-unknown-elf-gcc-10.2.0-2020.12.8-x86_64-linux-ubuntu14 --with-pkgversion='SiFive GCC-Metal 10.2.0-2020.12.8' --with-bugurl=https://github.com/sifive/freedom-tools/issues --disable-shared --disable-threads --enable-languages=c,c++ --enable-tls --with-newlib --with-sysroot=/scratch/jenkins/workspace/tpp-freedom-tools/tpp03--build-binary-packages--parameterized/obj/x86_64-linux-ubuntu14/install/riscv64-unknown-elf-gcc-10.2.0-2020.12.8-x86_64-linux-ubuntu14/riscv64-unknown-elf --with-native-system-header-dir=/include --disable-libmudflap --disable-libssp --disable-libquadmath --disable-libgomp --disable-nls --disable-tm-clone-registry --src=../riscv-gcc --with-system-zlib --enable-checking=yes --enable-multilib --with-abi=lp64d --with-arch=rv64imafdc CFLAGS=-O2 CXXFLAGS=-O2 'CFLAGS_FOR_TARGET=-Os -mcmodel=medany' 'CXXFLAGS_FOR_TARGET=-Os -mcmodel=medany'
Thread model: single
Supported LTO compression algorithms: zlib
gcc version 10.2.0 (SiFive GCC-Metal 10.2.0-2020.12.8) 
COLLECT_GCC_OPTIONS='-march=rv32imac' '-mabi=ilp32' '-mno-relax' '-std=c11' '-fno-builtin' '-fdata-sections' '-ffunction-sections' '-Wall' '-Wextra' '-Wno-pedantic' '-v' '-o' 'CMakeFiles/cmTC_f6be2.dir/CMakeCCompilerABI.c.obj' '-c' '-march=rv32imac'
 /home/tselvam/build_tools/riscv64-unknown-elf-toolchain-10.2.0-2020.12.8-x86_64-linux-ubuntu14/bin/../libexec/gcc/riscv64-unknown-elf/10.2.0/cc1 -quiet -v -imultilib rv32imac/ilp32 -iprefix /home/tselvam/build_tools/riscv64-unknown-elf-toolchain-10.2.0-2020.12.8-x86_64-linux-ubuntu14/bin/../lib/gcc/riscv64-unknown-elf/10.2.0/ -isysroot /home/tselvam/build_tools/riscv64-unknown-elf-toolchain-10.2.0-2020.12.8-x86_64-linux-ubuntu14/bin/../riscv64-unknown-elf /usr/share/cmake-3.22/Modules/CMakeCCompilerABI.c -quiet -dumpbase CMakeCCompilerABI.c -march=rv32imac -mabi=ilp32 -mno-relax -march=rv32imac -auxbase-strip CMakeFiles/cmTC_f6be2.dir/CMakeCCompilerABI.c.obj -Wall -Wextra -Wno-pedantic -std=c11 -version -fno-builtin -fdata-sections -ffunction-sections -o /tmp/ccpd8uGH.s
GNU C11 (SiFive GCC-Metal 10.2.0-2020.12.8) version 10.2.0 (riscv64-unknown-elf)
	compiled by GNU C version 5.4.0 20160609, GMP version 6.1.0, MPFR version 3.1.4, MPC version 1.0.3, isl version isl-0.18-GMP

GGC heuristics: --param ggc-min-expand=30 --param ggc-min-heapsize=4096
ignoring duplicate directory "/home/tselvam/build_tools/riscv64-unknown-elf-toolchain-10.2.0-2020.12.8-x86_64-linux-ubuntu14/bin/../lib/gcc/../../lib/gcc/riscv64-unknown-elf/10.2.0/include"
ignoring nonexistent directory "/home/tselvam/build_tools/riscv64-unknown-elf-toolchain-10.2.0-2020.12.8-x86_64-linux-ubuntu14/bin/../riscv64-unknown-elf/usr/local/include"
ignoring duplicate directory "/home/tselvam/build_tools/riscv64-unknown-elf-toolchain-10.2.0-2020.12.8-x86_64-linux-ubuntu14/bin/../lib/gcc/../../lib/gcc/riscv64-unknown-elf/10.2.0/include-fixed"
ignoring duplicate directory "/home/tselvam/build_tools/riscv64-unknown-elf-toolchain-10.2.0-2020.12.8-x86_64-linux-ubuntu14/bin/../lib/gcc/../../lib/gcc/riscv64-unknown-elf/10.2.0/../../../../riscv64-unknown-elf/include"
ignoring duplicate directory "/home/tselvam/build_tools/riscv64-unknown-elf-toolchain-10.2.0-2020.12.8-x86_64-linux-ubuntu14/bin/../riscv64-unknown-elf/include"
#include "..." search starts here:
#include <...> search starts here:
 /home/tselvam/build_tools/riscv64-unknown-elf-toolchain-10.2.0-2020.12.8-x86_64-linux-ubuntu14/bin/../lib/gcc/riscv64-unknown-elf/10.2.0/include
 /home/tselvam/build_tools/riscv64-unknown-elf-toolchain-10.2.0-2020.12.8-x86_64-linux-ubuntu14/bin/../lib/gcc/riscv64-unknown-elf/10.2.0/include-fixed
 /home/tselvam/build_tools/riscv64-unknown-elf-toolchain-10.2.0-2020.12.8-x86_64-linux-ubuntu14/bin/../lib/gcc/riscv64-unknown-elf/10.2.0/../../../../riscv64-unknown-elf/include
End of search list.
GNU C11 (SiFive GCC-Metal 10.2.0-2020.12.8) version 10.2.0 (riscv64-unknown-elf)
	compiled by GNU C version 5.4.0 20160609, GMP version 6.1.0, MPFR version 3.1.4, MPC version 1.0.3, isl version isl-0.18-GMP

GGC heuristics: --param ggc-min-expand=30 --param ggc-min-heapsize=4096
Compiler executable checksum: 60d252ed314f9b710cd503352129ad1f
COLLECT_GCC_OPTIONS='-march=rv32imac' '-mabi=ilp32' '-mno-relax' '-std=c11' '-fno-builtin' '-fdata-sections' '-ffunction-sections' '-Wall' '-Wextra' '-Wno-pedantic' '-v' '-o' 'CMakeFiles/cmTC_f6be2.dir/CMakeCCompilerABI.c.obj' '-c' '-march=rv32imac'
 /home/tselvam/build_tools/riscv64-unknown-elf-toolchain-10.2.0-2020.12.8-x86_64-linux-ubuntu14/bin/../lib/gcc/riscv64-unknown-elf/10.2.0/../../../../riscv64-unknown-elf/bin/as -v --traditional-format -march=rv32imac -march=rv32imac -mabi=ilp32 -o CMakeFiles/cmTC_f6be2.dir/CMakeCCompilerABI.c.obj /tmp/ccpd8uGH.s
GNU assembler version 2.35 (riscv64-unknown-elf) using BFD version (SiFive Binutils-Metal 2.35.0-2020.12.8) 2.35
COMPILER_PATH=/home/tselvam/build_tools/riscv64-unknown-elf-toolchain-10.2.0-2020.12.8-x86_64-linux-ubuntu14/bin/../libexec/gcc/riscv64-unknown-elf/10.2.0/:/home/tselvam/build_tools/riscv64-unknown-elf-toolchain-10.2.0-2020.12.8-x86_64-linux-ubuntu14/bin/../libexec/gcc/:/home/tselvam/build_tools/riscv64-unknown-elf-toolchain-10.2.0-2020.12.8-x86_64-linux-ubuntu14/bin/../lib/gcc/riscv64-unknown-elf/10.2.0/../../../../riscv64-unknown-elf/bin/
LIBRARY_PATH=/home/tselvam/build_tools/riscv64-unknown-elf-toolchain-10.2.0-2020.12.8-x86_64-linux-ubuntu14/bin/../lib/gcc/riscv64-unknown-elf/10.2.0/rv32imac/ilp32/:/home/tselvam/build_tools/riscv64-unknown-elf-toolchain-10.2.0-2020.12.8-x86_64-linux-ubuntu14/bin/../lib/gcc/riscv64-unknown-elf/10.2.0/../../../../riscv64-unknown-elf/lib/rv32imac/ilp32/:/home/tselvam/build_tools/riscv64-unknown-elf-toolchain-10.2.0-2020.12.8-x86_64-linux-ubuntu14/bin/../riscv64-unknown-elf/lib/rv32imac/ilp32/:/home/tselvam/build_tools/riscv64-unknown-elf-toolchain-10.2.0-2020.12.8-x86_64-linux-ubuntu14/bin/../lib/gcc/riscv64-unknown-elf/10.2.0/:/home/tselvam/build_tools/riscv64-unknown-elf-toolchain-10.2.0-2020.12.8-x86_64-linux-ubuntu14/bin/../lib/gcc/:/home/tselvam/build_tools/riscv64-unknown-elf-toolchain-10.2.0-2020.12.8-x86_64-linux-ubuntu14/bin/../lib/gcc/riscv64-unknown-elf/10.2.0/../../../../riscv64-unknown-elf/lib/:/home/tselvam/build_tools/riscv64-unknown-elf-toolchain-10.2.0-2020.12.8-x86_64-linux-ubuntu14/bin/../riscv64-unknown-elf/lib/
COLLECT_GCC_OPTIONS='-march=rv32imac' '-mabi=ilp32' '-mno-relax' '-std=c11' '-fno-builtin' '-fdata-sections' '-ffunction-sections' '-Wall' '-Wextra' '-Wno-pedantic' '-v' '-o' 'CMakeFiles/cmTC_f6be2.dir/CMakeCCompilerABI.c.obj' '-c' '-march=rv32imac'
[2/2] Linking C static library libcmTC_f6be2.a



Parsed C implicit include dir info from above output: rv=done
  found start of include info
  found start of implicit include info
    add: [/home/tselvam/build_tools/riscv64-unknown-elf-toolchain-10.2.0-2020.12.8-x86_64-linux-ubuntu14/bin/../lib/gcc/riscv64-unknown-elf/10.2.0/include]
    add: [/home/tselvam/build_tools/riscv64-unknown-elf-toolchain-10.2.0-2020.12.8-x86_64-linux-ubuntu14/bin/../lib/gcc/riscv64-unknown-elf/10.2.0/include-fixed]
    add: [/home/tselvam/build_tools/riscv64-unknown-elf-toolchain-10.2.0-2020.12.8-x86_64-linux-ubuntu14/bin/../lib/gcc/riscv64-unknown-elf/10.2.0/../../../../riscv64-unknown-elf/include]
  end of search list found
  collapse include dir [/home/tselvam/build_tools/riscv64-unknown-elf-toolchain-10.2.0-2020.12.8-x86_64-linux-ubuntu14/bin/../lib/gcc/riscv64-unknown-elf/10.2.0/include] ==> [/home/tselvam/build_tools/riscv64-unknown-elf-toolchain-10.2.0-2020.12.8-x86_64-linux-ubuntu14/lib/gcc/riscv64-unknown-elf/10.2.0/include]
  collapse include dir [/home/tselvam/build_tools/riscv64-unknown-elf-toolchain-10.2.0-2020.12.8-x86_64-linux-ubuntu14/bin/../lib/gcc/riscv64-unknown-elf/10.2.0/include-fixed] ==> [/home/tselvam/build_tools/riscv64-unknown-elf-toolchain-10.2.0-2020.12.8-x86_64-linux-ubuntu14/lib/gcc/riscv64-unknown-elf/10.2.0/include-fixed]
  collapse include dir [/home/tselvam/build_tools/riscv64-unknown-elf-toolchain-10.2.0-2020.12.8-x86_64-linux-ubuntu14/bin/../lib/gcc/riscv64-unknown-elf/10.2.0/../../../../riscv64-unknown-elf/include] ==> [/home/tselvam/build_tools/riscv64-unknown-elf-toolchain-10.2.0-2020.12.8-x86_64-linux-ubuntu14/riscv64-unknown-elf/include]
  implicit include dirs: [/home/tselvam/build_tools/riscv64-unknown-elf-toolchain-10.2.0-2020.12.8-x86_64-linux-ubuntu14/lib/gcc/riscv64-unknown-elf/10.2.0/include;/home/tselvam/build_tools/riscv64-unknown-elf-toolchain-10.2.0-2020.12.8-x86_64-linux-ubuntu14/lib/gcc/riscv64-unknown-elf/10.2.0/include-fixed;/home/tselvam/build_tools/riscv64-unknown-elf-toolchain-10.2.0-2020.12.8-x86_64-linux-ubuntu14/riscv64-unknown-elf/include]


Parsed C implicit link information from above output:
  link line regex: [^( *|.*[/\])(riscv64-unknown-elf-ld|CMAKE_LINK_STARTFILE-NOTFOUND|([^/\]+-)?ld|collect2)[^/\]*( |$)]
  ignore line: [Change Dir: /home/tselvam/oss-release/azihsm-fw/projects/microsoft/hsp/manticore/sp/build-prod/CMakeFiles/CMakeTmp]
  ignore line: []
  ignore line: [Run Build Command(s):/usr/bin/ninja cmTC_f6be2 && [1/2] Building C object CMakeFiles/cmTC_f6be2.dir/CMakeCCompilerABI.c.obj]
  ignore line: [Using built-in specs.]
  ignore line: [COLLECT_GCC=/home/tselvam/build_tools/riscv64-unknown-elf-toolchain-10.2.0-2020.12.8-x86_64-linux-ubuntu14/bin/riscv64-unknown-elf-gcc]
  ignore line: [Target: riscv64-unknown-elf]
  ignore line: [Configured with: /scratch/jenkins/workspace/tpp-freedom-tools/tpp03--build-binary-packages--parameterized/obj/x86_64-linux-ubuntu14/build/riscv64-unknown-elf-gcc/riscv-gcc/configure --target=riscv64-unknown-elf --host=x86_64-linux-gnu --prefix=/scratch/jenkins/workspace/tpp-freedom-tools/tpp03--build-binary-packages--parameterized/obj/x86_64-linux-ubuntu14/install/riscv64-unknown-elf-gcc-10.2.0-2020.12.8-x86_64-linux-ubuntu14 --with-pkgversion='SiFive GCC-Metal 10.2.0-2020.12.8' --with-bugurl=https://github.com/sifive/freedom-tools/issues --disable-shared --disable-threads --enable-languages=c c++ --enable-tls --with-newlib --with-sysroot=/scratch/jenkins/workspace/tpp-freedom-tools/tpp03--build-binary-packages--parameterized/obj/x86_64-linux-ubuntu14/install/riscv64-unknown-elf-gcc-10.2.0-2020.12.8-x86_64-linux-ubuntu14/riscv64-unknown-elf --with-native-system-header-dir=/include --disable-libmudflap --disable-libssp --disable-libquadmath --disable-libgomp --disable-nls --disable-tm-clone-registry --src=../riscv-gcc --with-system-zlib --enable-checking=yes --enable-multilib --with-abi=lp64d --with-arch=rv64imafdc CFLAGS=-O2 CXXFLAGS=-O2 'CFLAGS_FOR_TARGET=-Os -mcmodel=medany' 'CXXFLAGS_FOR_TARGET=-Os -mcmodel=medany']
  ignore line: [Thread model: single]
  ignore line: [Supported LTO compression algorithms: zlib]
  ignore line: [gcc version 10.2.0 (SiFive GCC-Metal 10.2.0-2020.12.8) ]
  ignore line: [COLLECT_GCC_OPTIONS='-march=rv32imac' '-mabi=ilp32' '-mno-relax' '-std=c11' '-fno-builtin' '-fdata-sections' '-ffunction-sections' '-Wall' '-Wextra' '-Wno-pedantic' '-v' '-o' 'CMakeFiles/cmTC_f6be2.dir/CMakeCCompilerABI.c.obj' '-c' '-march=rv32imac']
  ignore line: [ /home/tselvam/build_tools/riscv64-unknown-elf-toolchain-10.2.0-2020.12.8-x86_64-linux-ubuntu14/bin/../libexec/gcc/riscv64-unknown-elf/10.2.0/cc1 -quiet -v -imultilib rv32imac/ilp32 -iprefix /home/tselvam/build_tools/riscv64-unknown-elf-toolchain-10.2.0-2020.12.8-x86_64-linux-ubuntu14/bin/../lib/gcc/riscv64-unknown-elf/10.2.0/ -isysroot /home/tselvam/build_tools/riscv64-unknown-elf-toolchain-10.2.0-2020.12.8-x86_64-linux-ubuntu14/bin/../riscv64-unknown-elf /usr/share/cmake-3.22/Modules/CMakeCCompilerABI.c -quiet -dumpbase CMakeCCompilerABI.c -march=rv32imac -mabi=ilp32 -mno-relax -march=rv32imac -auxbase-strip CMakeFiles/cmTC_f6be2.dir/CMakeCCompilerABI.c.obj -Wall -Wextra -Wno-pedantic -std=c11 -version -fno-builtin -fdata-sections -ffunction-sections -o /tmp/ccpd8uGH.s]
  ignore line: [GNU C11 (SiFive GCC-Metal 10.2.0-2020.12.8) version 10.2.0 (riscv64-unknown-elf)]
  ignore line: [	compiled by GNU C version 5.4.0 20160609  GMP version 6.1.0  MPFR version 3.1.4  MPC version 1.0.3  isl version isl-0.18-GMP]
  ignore line: []
  ignore line: [GGC heuristics: --param ggc-min-expand=30 --param ggc-min-heapsize=4096]
  ignore line: [ignoring duplicate directory "/home/tselvam/build_tools/riscv64-unknown-elf-toolchain-10.2.0-2020.12.8-x86_64-linux-ubuntu14/bin/../lib/gcc/../../lib/gcc/riscv64-unknown-elf/10.2.0/include"]
  ignore line: [ignoring nonexistent directory "/home/tselvam/build_tools/riscv64-unknown-elf-toolchain-10.2.0-2020.12.8-x86_64-linux-ubuntu14/bin/../riscv64-unknown-elf/usr/local/include"]
  ignore line: [ignoring duplicate directory "/home/tselvam/build_tools/riscv64-unknown-elf-toolchain-10.2.0-2020.12.8-x86_64-linux-ubuntu14/bin/../lib/gcc/../../lib/gcc/riscv64-unknown-elf/10.2.0/include-fixed"]
  ignore line: [ignoring duplicate directory "/home/tselvam/build_tools/riscv64-unknown-elf-toolchain-10.2.0-2020.12.8-x86_64-linux-ubuntu14/bin/../lib/gcc/../../lib/gcc/riscv64-unknown-elf/10.2.0/../../../../riscv64-unknown-elf/include"]
  ignore line: [ignoring duplicate directory "/home/tselvam/build_tools/riscv64-unknown-elf-toolchain-10.2.0-2020.12.8-x86_64-linux-ubuntu14/bin/../riscv64-unknown-elf/include"]
  ignore line: [#include "..." search starts here:]
  ignore line: [#include <...> search starts here:]
  ignore line: [ /home/tselvam/build_tools/riscv64-unknown-elf-toolchain-10.2.0-2020.12.8-x86_64-linux-ubuntu14/bin/../lib/gcc/riscv64-unknown-elf/10.2.0/include]
  ignore line: [ /home/tselvam/build_tools/riscv64-unknown-elf-toolchain-10.2.0-2020.12.8-x86_64-linux-ubuntu14/bin/../lib/gcc/riscv64-unknown-elf/10.2.0/include-fixed]
  ignore line: [ /home/tselvam/build_tools/riscv64-unknown-elf-toolchain-10.2.0-2020.12.8-x86_64-linux-ubuntu14/bin/../lib/gcc/riscv64-unknown-elf/10.2.0/../../../../riscv64-unknown-elf/include]
  ignore line: [End of search list.]
  ignore line: [GNU C11 (SiFive GCC-Metal 10.2.0-2020.12.8) version 10.2.0 (riscv64-unknown-elf)]
  ignore line: [	compiled by GNU C version 5.4.0 20160609  GMP version 6.1.0  MPFR version 3.1.4  MPC version 1.0.3  isl version isl-0.18-GMP]
  ignore line: []
  ignore line: [GGC heuristics: --param ggc-min-expand=30 --param ggc-min-heapsize=4096]
  ignore line: [Compiler executable checksum: 60d252ed314f9b710cd503352129ad1f]
  ignore line: [COLLECT_GCC_OPTIONS='-march=rv32imac' '-mabi=ilp32' '-mno-relax' '-std=c11' '-fno-builtin' '-fdata-sections' '-ffunction-sections' '-Wall' '-Wextra' '-Wno-pedantic' '-v' '-o' 'CMakeFiles/cmTC_f6be2.dir/CMakeCCompilerABI.c.obj' '-c' '-march=rv32imac']
  ignore line: [ /home/tselvam/build_tools/riscv64-unknown-elf-toolchain-10.2.0-2020.12.8-x86_64-linux-ubuntu14/bin/../lib/gcc/riscv64-unknown-elf/10.2.0/../../../../riscv64-unknown-elf/bin/as -v --traditional-format -march=rv32imac -march=rv32imac -mabi=ilp32 -o CMakeFiles/cmTC_f6be2.dir/CMakeCCompilerABI.c.obj /tmp/ccpd8uGH.s]
  ignore line: [GNU assembler version 2.35 (riscv64-unknown-elf) using BFD version (SiFive Binutils-Metal 2.35.0-2020.12.8) 2.35]
  ignore line: [COMPILER_PATH=/home/tselvam/build_tools/riscv64-unknown-elf-toolchain-10.2.0-2020.12.8-x86_64-linux-ubuntu14/bin/../libexec/gcc/riscv64-unknown-elf/10.2.0/:/home/tselvam/build_tools/riscv64-unknown-elf-toolchain-10.2.0-2020.12.8-x86_64-linux-ubuntu14/bin/../libexec/gcc/:/home/tselvam/build_tools/riscv64-unknown-elf-toolchain-10.2.0-2020.12.8-x86_64-linux-ubuntu14/bin/../lib/gcc/riscv64-unknown-elf/10.2.0/../../../../riscv64-unknown-elf/bin/]
  ignore line: [LIBRARY_PATH=/home/tselvam/build_tools/riscv64-unknown-elf-toolchain-10.2.0-2020.12.8-x86_64-linux-ubuntu14/bin/../lib/gcc/riscv64-unknown-elf/10.2.0/rv32imac/ilp32/:/home/tselvam/build_tools/riscv64-unknown-elf-toolchain-10.2.0-2020.12.8-x86_64-linux-ubuntu14/bin/../lib/gcc/riscv64-unknown-elf/10.2.0/../../../../riscv64-unknown-elf/lib/rv32imac/ilp32/:/home/tselvam/build_tools/riscv64-unknown-elf-toolchain-10.2.0-2020.12.8-x86_64-linux-ubuntu14/bin/../riscv64-unknown-elf/lib/rv32imac/ilp32/:/home/tselvam/build_tools/riscv64-unknown-elf-toolchain-10.2.0-2020.12.8-x86_64-linux-ubuntu14/bin/../lib/gcc/riscv64-unknown-elf/10.2.0/:/home/tselvam/build_tools/riscv64-unknown-elf-toolchain-10.2.0-2020.12.8-x86_64-linux-ubuntu14/bin/../lib/gcc/:/home/tselvam/build_tools/riscv64-unknown-elf-toolchain-10.2.0-2020.12.8-x86_64-linux-ubuntu14/bin/../lib/gcc/riscv64-unknown-elf/10.2.0/../../../../riscv64-unknown-elf/lib/:/home/tselvam/build_tools/riscv64-unknown-elf-toolchain-10.2.0-2020.12.8-x86_64-linux-ubuntu14/bin/../riscv64-unknown-elf/lib/]
  ignore line: [COLLECT_GCC_OPTIONS='-march=rv32imac' '-mabi=ilp32' '-mno-relax' '-std=c11' '-fno-builtin' '-fdata-sections' '-ffunction-sections' '-Wall' '-Wextra' '-Wno-pedantic' '-v' '-o' 'CMakeFiles/cmTC_f6be2.dir/CMakeCCompilerABI.c.obj' '-c' '-march=rv32imac']
  ignore line: [[2/2] Linking C static library libcmTC_f6be2.a]
  ignore line: []
  ignore line: []
  implicit libs: []
  implicit objs: []
  implicit dirs: []
  implicit fwks: []


The target system is: Generic - 1 - riscv32
The host system is: Linux - 6.6.87.2-microsoft-standard-WSL2 - x86_64
Compiling the C compiler identification source file "CMakeCCompilerId.c" succeeded.
Compiler: /home/tselvam/build_tools/riscv64-unknown-elf-toolchain-10.2.0-2020.12.8-x86_64-linux-ubuntu14/bin/riscv64-unknown-elf-gcc 
Build flags: -march=rv32imac;-mabi=ilp32;-mno-relax;-std=c11;-fno-builtin;-fdata-sections;-ffunction-sections;-Wall;-Wextra;-pedantic;-Werror;-g;-Wno-pedantic
Id flags:  

The output was:
0


Compilation of the C compiler identification source "CMakeCCompilerId.c" produced "a.out"

The C compiler identification is GNU, found in "/home/tselvam/oss-release/azihsm-fw/projects/microsoft/hsp/manticore/sp/build-prod/CMakeFiles/3.22.1/CompilerIdC/a.out"

Checking whether the ASM compiler is GNU using "--version" matched "(GNU assembler)|(GCC)|(Free Software Foundation)":
riscv64-unknown-elf-gcc (SiFive GCC-Metal 10.2.0-2020.12.8) 10.2.0
Copyright (C) 2020 Free Software Foundation, Inc.
This is free software; see the source for copying conditions.  There is NO
warranty; not even for MERCHANTABILITY or FITNESS FOR A PARTICULAR PURPOSE.

Detecting C compiler ABI info compiled with the following output:
Change Dir: /home/tselvam/oss-release/azihsm-fw/projects/microsoft/hsp/manticore/sp/build-prod/CMakeFiles/CMakeTmp

Run Build Command(s):/usr/bin/ninja cmTC_b4ef0 && [1/2] Building C object CMakeFiles/cmTC_b4ef0.dir/CMakeCCompilerABI.c.obj
Using built-in specs.
COLLECT_GCC=/home/tselvam/build_tools/riscv64-unknown-elf-toolchain-10.2.0-2020.12.8-x86_64-linux-ubuntu14/bin/riscv64-unknown-elf-gcc
Target: riscv64-unknown-elf
Configured with: /scratch/jenkins/workspace/tpp-freedom-tools/tpp03--build-binary-packages--parameterized/obj/x86_64-linux-ubuntu14/build/riscv64-unknown-elf-gcc/riscv-gcc/configure --target=riscv64-unknown-elf --host=x86_64-linux-gnu --prefix=/scratch/jenkins/workspace/tpp-freedom-tools/tpp03--build-binary-packages--parameterized/obj/x86_64-linux-ubuntu14/install/riscv64-unknown-elf-gcc-10.2.0-2020.12.8-x86_64-linux-ubuntu14 --with-pkgversion='SiFive GCC-Metal 10.2.0-2020.12.8' --with-bugurl=https://github.com/sifive/freedom-tools/issues --disable-shared --disable-threads --enable-languages=c,c++ --enable-tls --with-newlib --with-sysroot=/scratch/jenkins/workspace/tpp-freedom-tools/tpp03--build-binary-packages--parameterized/obj/x86_64-linux-ubuntu14/install/riscv64-unknown-elf-gcc-10.2.0-2020.12.8-x86_64-linux-ubuntu14/riscv64-unknown-elf --with-native-system-header-dir=/include --disable-libmudflap --disable-libssp --disable-libquadmath --disable-libgomp --disable-nls --disable-tm-clone-registry --src=../riscv-gcc --with-system-zlib --enable-checking=yes --enable-multilib --with-abi=lp64d --with-arch=rv64imafdc CFLAGS=-O2 CXXFLAGS=-O2 'CFLAGS_FOR_TARGET=-Os -mcmodel=medany' 'CXXFLAGS_FOR_TARGET=-Os -mcmodel=medany'
Thread model: single
Supported LTO compression algorithms: zlib
gcc version 10.2.0 (SiFive GCC-Metal 10.2.0-2020.12.8) 
COLLECT_GCC_OPTIONS='-march=rv32imac' '-mabi=ilp32' '-mno-relax' '-std=c11' '-fno-builtin' '-fdata-sections' '-ffunction-sections' '-Wall' '-Wextra' '-Wno-pedantic' '-v' '-o' 'CMakeFiles/cmTC_b4ef0.dir/CMakeCCompilerABI.c.obj' '-c' '-march=rv32imac'
 /home/tselvam/build_tools/riscv64-unknown-elf-toolchain-10.2.0-2020.12.8-x86_64-linux-ubuntu14/bin/../libexec/gcc/riscv64-unknown-elf/10.2.0/cc1 -quiet -v -imultilib rv32imac/ilp32 -iprefix /home/tselvam/build_tools/riscv64-unknown-elf-toolchain-10.2.0-2020.12.8-x86_64-linux-ubuntu14/bin/../lib/gcc/riscv64-unknown-elf/10.2.0/ -isysroot /home/tselvam/build_tools/riscv64-unknown-elf-toolchain-10.2.0-2020.12.8-x86_64-linux-ubuntu14/bin/../riscv64-unknown-elf /usr/share/cmake-3.22/Modules/CMakeCCompilerABI.c -quiet -dumpbase CMakeCCompilerABI.c -march=rv32imac -mabi=ilp32 -mno-relax -march=rv32imac -auxbase-strip CMakeFiles/cmTC_b4ef0.dir/CMakeCCompilerABI.c.obj -Wall -Wextra -Wno-pedantic -std=c11 -version -fno-builtin -fdata-sections -ffunction-sections -o /tmp/ccPhJQpr.s
GNU C11 (SiFive GCC-Metal 10.2.0-2020.12.8) version 10.2.0 (riscv64-unknown-elf)
	compiled by GNU C version 5.4.0 20160609, GMP version 6.1.0, MPFR version 3.1.4, MPC version 1.0.3, isl version isl-0.18-GMP

GGC heuristics: --param ggc-min-expand=30 --param ggc-min-heapsize=4096
ignoring duplicate directory "/home/tselvam/build_tools/riscv64-unknown-elf-toolchain-10.2.0-2020.12.8-x86_64-linux-ubuntu14/bin/../lib/gcc/../../lib/gcc/riscv64-unknown-elf/10.2.0/include"
ignoring nonexistent directory "/home/tselvam/build_tools/riscv64-unknown-elf-toolchain-10.2.0-2020.12.8-x86_64-linux-ubuntu14/bin/../riscv64-unknown-elf/usr/local/include"
ignoring duplicate directory "/home/tselvam/build_tools/riscv64-unknown-elf-toolchain-10.2.0-2020.12.8-x86_64-linux-ubuntu14/bin/../lib/gcc/../../lib/gcc/riscv64-unknown-elf/10.2.0/include-fixed"
ignoring duplicate directory "/home/tselvam/build_tools/riscv64-unknown-elf-toolchain-10.2.0-2020.12.8-x86_64-linux-ubuntu14/bin/../lib/gcc/../../lib/gcc/riscv64-unknown-elf/10.2.0/../../../../riscv64-unknown-elf/include"
ignoring duplicate directory "/home/tselvam/build_tools/riscv64-unknown-elf-toolchain-10.2.0-2020.12.8-x86_64-linux-ubuntu14/bin/../riscv64-unknown-elf/include"
#include "..." search starts here:
#include <...> search starts here:
 /home/tselvam/build_tools/riscv64-unknown-elf-toolchain-10.2.0-2020.12.8-x86_64-linux-ubuntu14/bin/../lib/gcc/riscv64-unknown-elf/10.2.0/include
 /home/tselvam/build_tools/riscv64-unknown-elf-toolchain-10.2.0-2020.12.8-x86_64-linux-ubuntu14/bin/../lib/gcc/riscv64-unknown-elf/10.2.0/include-fixed
 /home/tselvam/build_tools/riscv64-unknown-elf-toolchain-10.2.0-2020.12.8-x86_64-linux-ubuntu14/bin/../lib/gcc/riscv64-unknown-elf/10.2.0/../../../../riscv64-unknown-elf/include
End of search list.
GNU C11 (SiFive GCC-Metal 10.2.0-2020.12.8) version 10.2.0 (riscv64-unknown-elf)
	compiled by GNU C version 5.4.0 20160609, GMP version 6.1.0, MPFR version 3.1.4, MPC version 1.0.3, isl version isl-0.18-GMP

GGC heuristics: --param ggc-min-expand=30 --param ggc-min-heapsize=4096
Compiler executable checksum: 60d252ed314f9b710cd503352129ad1f
COLLECT_GCC_OPTIONS='-march=rv32imac' '-mabi=ilp32' '-mno-relax' '-std=c11' '-fno-builtin' '-fdata-sections' '-ffunction-sections' '-Wall' '-Wextra' '-Wno-pedantic' '-v' '-o' 'CMakeFiles/cmTC_b4ef0.dir/CMakeCCompilerABI.c.obj' '-c' '-march=rv32imac'
 /home/tselvam/build_tools/riscv64-unknown-elf-toolchain-10.2.0-2020.12.8-x86_64-linux-ubuntu14/bin/../lib/gcc/riscv64-unknown-elf/10.2.0/../../../../riscv64-unknown-elf/bin/as -v --traditional-format -march=rv32imac -march=rv32imac -mabi=ilp32 -o CMakeFiles/cmTC_b4ef0.dir/CMakeCCompilerABI.c.obj /tmp/ccPhJQpr.s
GNU assembler version 2.35 (riscv64-unknown-elf) using BFD version (SiFive Binutils-Metal 2.35.0-2020.12.8) 2.35
COMPILER_PATH=/home/tselvam/build_tools/riscv64-unknown-elf-toolchain-10.2.0-2020.12.8-x86_64-linux-ubuntu14/bin/../libexec/gcc/riscv64-unknown-elf/10.2.0/:/home/tselvam/build_tools/riscv64-unknown-elf-toolchain-10.2.0-2020.12.8-x86_64-linux-ubuntu14/bin/../libexec/gcc/:/home/tselvam/build_tools/riscv64-unknown-elf-toolchain-10.2.0-2020.12.8-x86_64-linux-ubuntu14/bin/../lib/gcc/riscv64-unknown-elf/10.2.0/../../../../riscv64-unknown-elf/bin/
LIBRARY_PATH=/home/tselvam/build_tools/riscv64-unknown-elf-toolchain-10.2.0-2020.12.8-x86_64-linux-ubuntu14/bin/../lib/gcc/riscv64-unknown-elf/10.2.0/rv32imac/ilp32/:/home/tselvam/build_tools/riscv64-unknown-elf-toolchain-10.2.0-2020.12.8-x86_64-linux-ubuntu14/bin/../lib/gcc/riscv64-unknown-elf/10.2.0/../../../../riscv64-unknown-elf/lib/rv32imac/ilp32/:/home/tselvam/build_tools/riscv64-unknown-elf-toolchain-10.2.0-2020.12.8-x86_64-linux-ubuntu14/bin/../riscv64-unknown-elf/lib/rv32imac/ilp32/:/home/tselvam/build_tools/riscv64-unknown-elf-toolchain-10.2.0-2020.12.8-x86_64-linux-ubuntu14/bin/../lib/gcc/riscv64-unknown-elf/10.2.0/:/home/tselvam/build_tools/riscv64-unknown-elf-toolchain-10.2.0-2020.12.8-x86_64-linux-ubuntu14/bin/../lib/gcc/:/home/tselvam/build_tools/riscv64-unknown-elf-toolchain-10.2.0-2020.12.8-x86_64-linux-ubuntu14/bin/../lib/gcc/riscv64-unknown-elf/10.2.0/../../../../riscv64-unknown-elf/lib/:/home/tselvam/build_tools/riscv64-unknown-elf-toolchain-10.2.0-2020.12.8-x86_64-linux-ubuntu14/bin/../riscv64-unknown-elf/lib/
COLLECT_GCC_OPTIONS='-march=rv32imac' '-mabi=ilp32' '-mno-relax' '-std=c11' '-fno-builtin' '-fdata-sections' '-ffunction-sections' '-Wall' '-Wextra' '-Wno-pedantic' '-v' '-o' 'CMakeFiles/cmTC_b4ef0.dir/CMakeCCompilerABI.c.obj' '-c' '-march=rv32imac'
[2/2] Linking C static library libcmTC_b4ef0.a



Parsed C implicit include dir info from above output: rv=done
  found start of include info
  found start of implicit include info
    add: [/home/tselvam/build_tools/riscv64-unknown-elf-toolchain-10.2.0-2020.12.8-x86_64-linux-ubuntu14/bin/../lib/gcc/riscv64-unknown-elf/10.2.0/include]
    add: [/home/tselvam/build_tools/riscv64-unknown-elf-toolchain-10.2.0-2020.12.8-x86_64-linux-ubuntu14/bin/../lib/gcc/riscv64-unknown-elf/10.2.0/include-fixed]
    add: [/home/tselvam/build_tools/riscv64-unknown-elf-toolchain-10.2.0-2020.12.8-x86_64-linux-ubuntu14/bin/../lib/gcc/riscv64-unknown-elf/10.2.0/../../../../riscv64-unknown-elf/include]
  end of search list found
  collapse include dir [/home/tselvam/build_tools/riscv64-unknown-elf-toolchain-10.2.0-2020.12.8-x86_64-linux-ubuntu14/bin/../lib/gcc/riscv64-unknown-elf/10.2.0/include] ==> [/home/tselvam/build_tools/riscv64-unknown-elf-toolchain-10.2.0-2020.12.8-x86_64-linux-ubuntu14/lib/gcc/riscv64-unknown-elf/10.2.0/include]
  collapse include dir [/home/tselvam/build_tools/riscv64-unknown-elf-toolchain-10.2.0-2020.12.8-x86_64-linux-ubuntu14/bin/../lib/gcc/riscv64-unknown-elf/10.2.0/include-fixed] ==> [/home/tselvam/build_tools/riscv64-unknown-elf-toolchain-10.2.0-2020.12.8-x86_64-linux-ubuntu14/lib/gcc/riscv64-unknown-elf/10.2.0/include-fixed]
  collapse include dir [/home/tselvam/build_tools/riscv64-unknown-elf-toolchain-10.2.0-2020.12.8-x86_64-linux-ubuntu14/bin/../lib/gcc/riscv64-unknown-elf/10.2.0/../../../../riscv64-unknown-elf/include] ==> [/home/tselvam/build_tools/riscv64-unknown-elf-toolchain-10.2.0-2020.12.8-x86_64-linux-ubuntu14/riscv64-unknown-elf/include]
  implicit include dirs: [/home/tselvam/build_tools/riscv64-unknown-elf-toolchain-10.2.0-2020.12.8-x86_64-linux-ubuntu14/lib/gcc/riscv64-unknown-elf/10.2.0/include;/home/tselvam/build_tools/riscv64-unknown-elf-toolchain-10.2.0-2020.12.8-x86_64-linux-ubuntu14/lib/gcc/riscv64-unknown-elf/10.2.0/include-fixed;/home/tselvam/build_tools/riscv64-unknown-elf-toolchain-10.2.0-2020.12.8-x86_64-linux-ubuntu14/riscv64-unknown-elf/include]


Parsed C implicit link information from above output:
  link line regex: [^( *|.*[/\])(riscv64-unknown-elf-ld|CMAKE_LINK_STARTFILE-NOTFOUND|([^/\]+-)?ld|collect2)[^/\]*( |$)]
  ignore line: [Change Dir: /home/tselvam/oss-release/azihsm-fw/projects/microsoft/hsp/manticore/sp/build-prod/CMakeFiles/CMakeTmp]
  ignore line: []
  ignore line: [Run Build Command(s):/usr/bin/ninja cmTC_b4ef0 && [1/2] Building C object CMakeFiles/cmTC_b4ef0.dir/CMakeCCompilerABI.c.obj]
  ignore line: [Using built-in specs.]
  ignore line: [COLLECT_GCC=/home/tselvam/build_tools/riscv64-unknown-elf-toolchain-10.2.0-2020.12.8-x86_64-linux-ubuntu14/bin/riscv64-unknown-elf-gcc]
  ignore line: [Target: riscv64-unknown-elf]
  ignore line: [Configured with: /scratch/jenkins/workspace/tpp-freedom-tools/tpp03--build-binary-packages--parameterized/obj/x86_64-linux-ubuntu14/build/riscv64-unknown-elf-gcc/riscv-gcc/configure --target=riscv64-unknown-elf --host=x86_64-linux-gnu --prefix=/scratch/jenkins/workspace/tpp-freedom-tools/tpp03--build-binary-packages--parameterized/obj/x86_64-linux-ubuntu14/install/riscv64-unknown-elf-gcc-10.2.0-2020.12.8-x86_64-linux-ubuntu14 --with-pkgversion='SiFive GCC-Metal 10.2.0-2020.12.8' --with-bugurl=https://github.com/sifive/freedom-tools/issues --disable-shared --disable-threads --enable-languages=c c++ --enable-tls --with-newlib --with-sysroot=/scratch/jenkins/workspace/tpp-freedom-tools/tpp03--build-binary-packages--parameterized/obj/x86_64-linux-ubuntu14/install/riscv64-unknown-elf-gcc-10.2.0-2020.12.8-x86_64-linux-ubuntu14/riscv64-unknown-elf --with-native-system-header-dir=/include --disable-libmudflap --disable-libssp --disable-libquadmath --disable-libgomp --disable-nls --disable-tm-clone-registry --src=../riscv-gcc --with-system-zlib --enable-checking=yes --enable-multilib --with-abi=lp64d --with-arch=rv64imafdc CFLAGS=-O2 CXXFLAGS=-O2 'CFLAGS_FOR_TARGET=-Os -mcmodel=medany' 'CXXFLAGS_FOR_TARGET=-Os -mcmodel=medany']
  ignore line: [Thread model: single]
  ignore line: [Supported LTO compression algorithms: zlib]
  ignore line: [gcc version 10.2.0 (SiFive GCC-Metal 10.2.0-2020.12.8) ]
  ignore line: [COLLECT_GCC_OPTIONS='-march=rv32imac' '-mabi=ilp32' '-mno-relax' '-std=c11' '-fno-builtin' '-fdata-sections' '-ffunction-sections' '-Wall' '-Wextra' '-Wno-pedantic' '-v' '-o' 'CMakeFiles/cmTC_b4ef0.dir/CMakeCCompilerABI.c.obj' '-c' '-march=rv32imac']
  ignore line: [ /home/tselvam/build_tools/riscv64-unknown-elf-toolchain-10.2.0-2020.12.8-x86_64-linux-ubuntu14/bin/../libexec/gcc/riscv64-unknown-elf/10.2.0/cc1 -quiet -v -imultilib rv32imac/ilp32 -iprefix /home/tselvam/build_tools/riscv64-unknown-elf-toolchain-10.2.0-2020.12.8-x86_64-linux-ubuntu14/bin/../lib/gcc/riscv64-unknown-elf/10.2.0/ -isysroot /home/tselvam/build_tools/riscv64-unknown-elf-toolchain-10.2.0-2020.12.8-x86_64-linux-ubuntu14/bin/../riscv64-unknown-elf /usr/share/cmake-3.22/Modules/CMakeCCompilerABI.c -quiet -dumpbase CMakeCCompilerABI.c -march=rv32imac -mabi=ilp32 -mno-relax -march=rv32imac -auxbase-strip CMakeFiles/cmTC_b4ef0.dir/CMakeCCompilerABI.c.obj -Wall -Wextra -Wno-pedantic -std=c11 -version -fno-builtin -fdata-sections -ffunction-sections -o /tmp/ccPhJQpr.s]
  ignore line: [GNU C11 (SiFive GCC-Metal 10.2.0-2020.12.8) version 10.2.0 (riscv64-unknown-elf)]
  ignore line: [	compiled by GNU C version 5.4.0 20160609  GMP version 6.1.0  MPFR version 3.1.4  MPC version 1.0.3  isl version isl-0.18-GMP]
  ignore line: []
  ignore line: [GGC heuristics: --param ggc-min-expand=30 --param ggc-min-heapsize=4096]
  ignore line: [ignoring duplicate directory "/home/tselvam/build_tools/riscv64-unknown-elf-toolchain-10.2.0-2020.12.8-x86_64-linux-ubuntu14/bin/../lib/gcc/../../lib/gcc/riscv64-unknown-elf/10.2.0/include"]
  ignore line: [ignoring nonexistent directory "/home/tselvam/build_tools/riscv64-unknown-elf-toolchain-10.2.0-2020.12.8-x86_64-linux-ubuntu14/bin/../riscv64-unknown-elf/usr/local/include"]
  ignore line: [ignoring duplicate directory "/home/tselvam/build_tools/riscv64-unknown-elf-toolchain-10.2.0-2020.12.8-x86_64-linux-ubuntu14/bin/../lib/gcc/../../lib/gcc/riscv64-unknown-elf/10.2.0/include-fixed"]
  ignore line: [ignoring duplicate directory "/home/tselvam/build_tools/riscv64-unknown-elf-toolchain-10.2.0-2020.12.8-x86_64-linux-ubuntu14/bin/../lib/gcc/../../lib/gcc/riscv64-unknown-elf/10.2.0/../../../../riscv64-unknown-elf/include"]
  ignore line: [ignoring duplicate directory "/home/tselvam/build_tools/riscv64-unknown-elf-toolchain-10.2.0-2020.12.8-x86_64-linux-ubuntu14/bin/../riscv64-unknown-elf/include"]
  ignore line: [#include "..." search starts here:]
  ignore line: [#include <...> search starts here:]
  ignore line: [ /home/tselvam/build_tools/riscv64-unknown-elf-toolchain-10.2.0-2020.12.8-x86_64-linux-ubuntu14/bin/../lib/gcc/riscv64-unknown-elf/10.2.0/include]
  ignore line: [ /home/tselvam/build_tools/riscv64-unknown-elf-toolchain-10.2.0-2020.12.8-x86_64-linux-ubuntu14/bin/../lib/gcc/riscv64-unknown-elf/10.2.0/include-fixed]
  ignore line: [ /home/tselvam/build_tools/riscv64-unknown-elf-toolchain-10.2.0-2020.12.8-x86_64-linux-ubuntu14/bin/../lib/gcc/riscv64-unknown-elf/10.2.0/../../../../riscv64-unknown-elf/include]
  ignore line: [End of search list.]
  ignore line: [GNU C11 (SiFive GCC-Metal 10.2.0-2020.12.8) version 10.2.0 (riscv64-unknown-elf)]
  ignore line: [	compiled by GNU C version 5.4.0 20160609  GMP version 6.1.0  MPFR version 3.1.4  MPC version 1.0.3  isl version isl-0.18-GMP]
  ignore line: []
  ignore line: [GGC heuristics: --param ggc-min-expand=30 --param ggc-min-heapsize=4096]
  ignore line: [Compiler executable checksum: 60d252ed314f9b710cd503352129ad1f]
  ignore line: [COLLECT_GCC_OPTIONS='-march=rv32imac' '-mabi=ilp32' '-mno-relax' '-std=c11' '-fno-builtin' '-fdata-sections' '-ffunction-sections' '-Wall' '-Wextra' '-Wno-pedantic' '-v' '-o' 'CMakeFiles/cmTC_b4ef0.dir/CMakeCCompilerABI.c.obj' '-c' '-march=rv32imac']
  ignore line: [ /home/tselvam/build_tools/riscv64-unknown-elf-toolchain-10.2.0-2020.12.8-x86_64-linux-ubuntu14/bin/../lib/gcc/riscv64-unknown-elf/10.2.0/../../../../riscv64-unknown-elf/bin/as -v --traditional-format -march=rv32imac -march=rv32imac -mabi=ilp32 -o CMakeFiles/cmTC_b4ef0.dir/CMakeCCompilerABI.c.obj /tmp/ccPhJQpr.s]
  ignore line: [GNU assembler version 2.35 (riscv64-unknown-elf) using BFD version (SiFive Binutils-Metal 2.35.0-2020.12.8) 2.35]
  ignore line: [COMPILER_PATH=/home/tselvam/build_tools/riscv64-unknown-elf-toolchain-10.2.0-2020.12.8-x86_64-linux-ubuntu14/bin/../libexec/gcc/riscv64-unknown-elf/10.2.0/:/home/tselvam/build_tools/riscv64-unknown-elf-toolchain-10.2.0-2020.12.8-x86_64-linux-ubuntu14/bin/../libexec/gcc/:/home/tselvam/build_tools/riscv64-unknown-elf-toolchain-10.2.0-2020.12.8-x86_64-linux-ubuntu14/bin/../lib/gcc/riscv64-unknown-elf/10.2.0/../../../../riscv64-unknown-elf/bin/]
  ignore line: [LIBRARY_PATH=/home/tselvam/build_tools/riscv64-unknown-elf-toolchain-10.2.0-2020.12.8-x86_64-linux-ubuntu14/bin/../lib/gcc/riscv64-unknown-elf/10.2.0/rv32imac/ilp32/:/home/tselvam/build_tools/riscv64-unknown-elf-toolchain-10.2.0-2020.12.8-x86_64-linux-ubuntu14/bin/../lib/gcc/riscv64-unknown-elf/10.2.0/../../../../riscv64-unknown-elf/lib/rv32imac/ilp32/:/home/tselvam/build_tools/riscv64-unknown-elf-toolchain-10.2.0-2020.12.8-x86_64-linux-ubuntu14/bin/../riscv64-unknown-elf/lib/rv32imac/ilp32/:/home/tselvam/build_tools/riscv64-unknown-elf-toolchain-10.2.0-2020.12.8-x86_64-linux-ubuntu14/bin/../lib/gcc/riscv64-unknown-elf/10.2.0/:/home/tselvam/build_tools/riscv64-unknown-elf-toolchain-10.2.0-2020.12.8-x86_64-linux-ubuntu14/bin/../lib/gcc/:/home/tselvam/build_tools/riscv64-unknown-elf-toolchain-10.2.0-2020.12.8-x86_64-linux-ubuntu14/bin/../lib/gcc/riscv64-unknown-elf/10.2.0/../../../../riscv64-unknown-elf/lib/:/home/tselvam/build_tools/riscv64-unknown-elf-toolchain-10.2.0-2020.12.8-x86_64-linux-ubuntu14/bin/../riscv64-unknown-elf/lib/]
  ignore line: [COLLECT_GCC_OPTIONS='-march=rv32imac' '-mabi=ilp32' '-mno-relax' '-std=c11' '-fno-builtin' '-fdata-sections' '-ffunction-sections' '-Wall' '-Wextra' '-Wno-pedantic' '-v' '-o' 'CMakeFiles/cmTC_b4ef0.dir/CMakeCCompilerABI.c.obj' '-c' '-march=rv32imac']
  ignore line: [[2/2] Linking C static library libcmTC_b4ef0.a]
  ignore line: []
  ignore line: []
  implicit libs: []
  implicit objs: []
  implicit dirs: []
  implicit fwks: []


The target system is: Generic - 1 - riscv32
The host system is: Linux - 6.6.87.2-microsoft-standard-WSL2 - x86_64
Compiling the C compiler identification source file "CMakeCCompilerId.c" succeeded.
Compiler: /home/tselvam/build_tools/riscv64-unknown-elf-toolchain-10.2.0-2020.12.8-x86_64-linux-ubuntu14/bin/riscv64-unknown-elf-gcc 
Build flags: -march=rv32imac;-mabi=ilp32;-mno-relax;-std=c11;-fno-builtin;-fdata-sections;-ffunction-sections;-Wall;-Wextra;-pedantic;-Werror;-g;-Wno-pedantic
Id flags:  

The output was:
0


Compilation of the C compiler identification source "CMakeCCompilerId.c" produced "a.out"

The C compiler identification is GNU, found in "/home/tselvam/oss-release/azihsm-fw/projects/microsoft/hsp/manticore/sp/build-prod/CMakeFiles/3.22.1/CompilerIdC/a.out"

Checking whether the ASM compiler is GNU using "--version" matched "(GNU assembler)|(GCC)|(Free Software Foundation)":
riscv64-unknown-elf-gcc (SiFive GCC-Metal 10.2.0-2020.12.8) 10.2.0
Copyright (C) 2020 Free Software Foundation, Inc.
This is free software; see the source for copying conditions.  There is NO
warranty; not even for MERCHANTABILITY or FITNESS FOR A PARTICULAR PURPOSE.

Detecting C compiler ABI info compiled with the following output:
Change Dir: /home/tselvam/oss-release/azihsm-fw/projects/microsoft/hsp/manticore/sp/build-prod/CMakeFiles/CMakeTmp

Run Build Command(s):/usr/bin/ninja cmTC_48814 && [1/2] Building C object CMakeFiles/cmTC_48814.dir/CMakeCCompilerABI.c.obj
Using built-in specs.
COLLECT_GCC=/home/tselvam/build_tools/riscv64-unknown-elf-toolchain-10.2.0-2020.12.8-x86_64-linux-ubuntu14/bin/riscv64-unknown-elf-gcc
Target: riscv64-unknown-elf
Configured with: /scratch/jenkins/workspace/tpp-freedom-tools/tpp03--build-binary-packages--parameterized/obj/x86_64-linux-ubuntu14/build/riscv64-unknown-elf-gcc/riscv-gcc/configure --target=riscv64-unknown-elf --host=x86_64-linux-gnu --prefix=/scratch/jenkins/workspace/tpp-freedom-tools/tpp03--build-binary-packages--parameterized/obj/x86_64-linux-ubuntu14/install/riscv64-unknown-elf-gcc-10.2.0-2020.12.8-x86_64-linux-ubuntu14 --with-pkgversion='SiFive GCC-Metal 10.2.0-2020.12.8' --with-bugurl=https://github.com/sifive/freedom-tools/issues --disable-shared --disable-threads --enable-languages=c,c++ --enable-tls --with-newlib --with-sysroot=/scratch/jenkins/workspace/tpp-freedom-tools/tpp03--build-binary-packages--parameterized/obj/x86_64-linux-ubuntu14/install/riscv64-unknown-elf-gcc-10.2.0-2020.12.8-x86_64-linux-ubuntu14/riscv64-unknown-elf --with-native-system-header-dir=/include --disable-libmudflap --disable-libssp --disable-libquadmath --disable-libgomp --disable-nls --disable-tm-clone-registry --src=../riscv-gcc --with-system-zlib --enable-checking=yes --enable-multilib --with-abi=lp64d --with-arch=rv64imafdc CFLAGS=-O2 CXXFLAGS=-O2 'CFLAGS_FOR_TARGET=-Os -mcmodel=medany' 'CXXFLAGS_FOR_TARGET=-Os -mcmodel=medany'
Thread model: single
Supported LTO compression algorithms: zlib
gcc version 10.2.0 (SiFive GCC-Metal 10.2.0-2020.12.8) 
COLLECT_GCC_OPTIONS='-march=rv32imac' '-mabi=ilp32' '-mno-relax' '-std=c11' '-fno-builtin' '-fdata-sections' '-ffunction-sections' '-Wall' '-Wextra' '-Wno-pedantic' '-v' '-o' 'CMakeFiles/cmTC_48814.dir/CMakeCCompilerABI.c.obj' '-c' '-march=rv32imac'
 /home/tselvam/build_tools/riscv64-unknown-elf-toolchain-10.2.0-2020.12.8-x86_64-linux-ubuntu14/bin/../libexec/gcc/riscv64-unknown-elf/10.2.0/cc1 -quiet -v -imultilib rv32imac/ilp32 -iprefix /home/tselvam/build_tools/riscv64-unknown-elf-toolchain-10.2.0-2020.12.8-x86_64-linux-ubuntu14/bin/../lib/gcc/riscv64-unknown-elf/10.2.0/ -isysroot /home/tselvam/build_tools/riscv64-unknown-elf-toolchain-10.2.0-2020.12.8-x86_64-linux-ubuntu14/bin/../riscv64-unknown-elf /usr/share/cmake-3.22/Modules/CMakeCCompilerABI.c -quiet -dumpbase CMakeCCompilerABI.c -march=rv32imac -mabi=ilp32 -mno-relax -march=rv32imac -auxbase-strip CMakeFiles/cmTC_48814.dir/CMakeCCompilerABI.c.obj -Wall -Wextra -Wno-pedantic -std=c11 -version -fno-builtin -fdata-sections -ffunction-sections -o /tmp/ccXzjgxx.s
GNU C11 (SiFive GCC-Metal 10.2.0-2020.12.8) version 10.2.0 (riscv64-unknown-elf)
	compiled by GNU C version 5.4.0 20160609, GMP version 6.1.0, MPFR version 3.1.4, MPC version 1.0.3, isl version isl-0.18-GMP

GGC heuristics: --param ggc-min-expand=30 --param ggc-min-heapsize=4096
ignoring duplicate directory "/home/tselvam/build_tools/riscv64-unknown-elf-toolchain-10.2.0-2020.12.8-x86_64-linux-ubuntu14/bin/../lib/gcc/../../lib/gcc/riscv64-unknown-elf/10.2.0/include"
ignoring nonexistent directory "/home/tselvam/build_tools/riscv64-unknown-elf-toolchain-10.2.0-2020.12.8-x86_64-linux-ubuntu14/bin/../riscv64-unknown-elf/usr/local/include"
ignoring duplicate directory "/home/tselvam/build_tools/riscv64-unknown-elf-toolchain-10.2.0-2020.12.8-x86_64-linux-ubuntu14/bin/../lib/gcc/../../lib/gcc/riscv64-unknown-elf/10.2.0/include-fixed"
ignoring duplicate directory "/home/tselvam/build_tools/riscv64-unknown-elf-toolchain-10.2.0-2020.12.8-x86_64-linux-ubuntu14/bin/../lib/gcc/../../lib/gcc/riscv64-unknown-elf/10.2.0/../../../../riscv64-unknown-elf/include"
ignoring duplicate directory "/home/tselvam/build_tools/riscv64-unknown-elf-toolchain-10.2.0-2020.12.8-x86_64-linux-ubuntu14/bin/../riscv64-unknown-elf/include"
#include "..." search starts here:
#include <...> search starts here:
 /home/tselvam/build_tools/riscv64-unknown-elf-toolchain-10.2.0-2020.12.8-x86_64-linux-ubuntu14/bin/../lib/gcc/riscv64-unknown-elf/10.2.0/include
 /home/tselvam/build_tools/riscv64-unknown-elf-toolchain-10.2.0-2020.12.8-x86_64-linux-ubuntu14/bin/../lib/gcc/riscv64-unknown-elf/10.2.0/include-fixed
 /home/tselvam/build_tools/riscv64-unknown-elf-toolchain-10.2.0-2020.12.8-x86_64-linux-ubuntu14/bin/../lib/gcc/riscv64-unknown-elf/10.2.0/../../../../riscv64-unknown-elf/include
End of search list.
GNU C11 (SiFive GCC-Metal 10.2.0-2020.12.8) version 10.2.0 (riscv64-unknown-elf)
	compiled by GNU C version 5.4.0 20160609, GMP version 6.1.0, MPFR version 3.1.4, MPC version 1.0.3, isl version isl-0.18-GMP

GGC heuristics: --param ggc-min-expand=30 --param ggc-min-heapsize=4096
Compiler executable checksum: 60d252ed314f9b710cd503352129ad1f
COLLECT_GCC_OPTIONS='-march=rv32imac' '-mabi=ilp32' '-mno-relax' '-std=c11' '-fno-builtin' '-fdata-sections' '-ffunction-sections' '-Wall' '-Wextra' '-Wno-pedantic' '-v' '-o' 'CMakeFiles/cmTC_48814.dir/CMakeCCompilerABI.c.obj' '-c' '-march=rv32imac'
 /home/tselvam/build_tools/riscv64-unknown-elf-toolchain-10.2.0-2020.12.8-x86_64-linux-ubuntu14/bin/../lib/gcc/riscv64-unknown-elf/10.2.0/../../../../riscv64-unknown-elf/bin/as -v --traditional-format -march=rv32imac -march=rv32imac -mabi=ilp32 -o CMakeFiles/cmTC_48814.dir/CMakeCCompilerABI.c.obj /tmp/ccXzjgxx.s
GNU assembler version 2.35 (riscv64-unknown-elf) using BFD version (SiFive Binutils-Metal 2.35.0-2020.12.8) 2.35
COMPILER_PATH=/home/tselvam/build_tools/riscv64-unknown-elf-toolchain-10.2.0-2020.12.8-x86_64-linux-ubuntu14/bin/../libexec/gcc/riscv64-unknown-elf/10.2.0/:/home/tselvam/build_tools/riscv64-unknown-elf-toolchain-10.2.0-2020.12.8-x86_64-linux-ubuntu14/bin/../libexec/gcc/:/home/tselvam/build_tools/riscv64-unknown-elf-toolchain-10.2.0-2020.12.8-x86_64-linux-ubuntu14/bin/../lib/gcc/riscv64-unknown-elf/10.2.0/../../../../riscv64-unknown-elf/bin/
LIBRARY_PATH=/home/tselvam/build_tools/riscv64-unknown-elf-toolchain-10.2.0-2020.12.8-x86_64-linux-ubuntu14/bin/../lib/gcc/riscv64-unknown-elf/10.2.0/rv32imac/ilp32/:/home/tselvam/build_tools/riscv64-unknown-elf-toolchain-10.2.0-2020.12.8-x86_64-linux-ubuntu14/bin/../lib/gcc/riscv64-unknown-elf/10.2.0/../../../../riscv64-unknown-elf/lib/rv32imac/ilp32/:/home/tselvam/build_tools/riscv64-unknown-elf-toolchain-10.2.0-2020.12.8-x86_64-linux-ubuntu14/bin/../riscv64-unknown-elf/lib/rv32imac/ilp32/:/home/tselvam/build_tools/riscv64-unknown-elf-toolchain-10.2.0-2020.12.8-x86_64-linux-ubuntu14/bin/../lib/gcc/riscv64-unknown-elf/10.2.0/:/home/tselvam/build_tools/riscv64-unknown-elf-toolchain-10.2.0-2020.12.8-x86_64-linux-ubuntu14/bin/../lib/gcc/:/home/tselvam/build_tools/riscv64-unknown-elf-toolchain-10.2.0-2020.12.8-x86_64-linux-ubuntu14/bin/../lib/gcc/riscv64-unknown-elf/10.2.0/../../../../riscv64-unknown-elf/lib/:/home/tselvam/build_tools/riscv64-unknown-elf-toolchain-10.2.0-2020.12.8-x86_64-linux-ubuntu14/bin/../riscv64-unknown-elf/lib/
COLLECT_GCC_OPTIONS='-march=rv32imac' '-mabi=ilp32' '-mno-relax' '-std=c11' '-fno-builtin' '-fdata-sections' '-ffunction-sections' '-Wall' '-Wextra' '-Wno-pedantic' '-v' '-o' 'CMakeFiles/cmTC_48814.dir/CMakeCCompilerABI.c.obj' '-c' '-march=rv32imac'
[2/2] Linking C static library libcmTC_48814.a



Parsed C implicit include dir info from above output: rv=done
  found start of include info
  found start of implicit include info
    add: [/home/tselvam/build_tools/riscv64-unknown-elf-toolchain-10.2.0-2020.12.8-x86_64-linux-ubuntu14/bin/../lib/gcc/riscv64-unknown-elf/10.2.0/include]
    add: [/home/tselvam/build_tools/riscv64-unknown-elf-toolchain-10.2.0-2020.12.8-x86_64-linux-ubuntu14/bin/../lib/gcc/riscv64-unknown-elf/10.2.0/include-fixed]
    add: [/home/tselvam/build_tools/riscv64-unknown-elf-toolchain-10.2.0-2020.12.8-x86_64-linux-ubuntu14/bin/../lib/gcc/riscv64-unknown-elf/10.2.0/../../../../riscv64-unknown-elf/include]
  end of search list found
  collapse include dir [/home/tselvam/build_tools/riscv64-unknown-elf-toolchain-10.2.0-2020.12.8-x86_64-linux-ubuntu14/bin/../lib/gcc/riscv64-unknown-elf/10.2.0/include] ==> [/home/tselvam/build_tools/riscv64-unknown-elf-toolchain-10.2.0-2020.12.8-x86_64-linux-ubuntu14/lib/gcc/riscv64-unknown-elf/10.2.0/include]
  collapse include dir [/home/tselvam/build_tools/riscv64-unknown-elf-toolchain-10.2.0-2020.12.8-x86_64-linux-ubuntu14/bin/../lib/gcc/riscv64-unknown-elf/10.2.0/include-fixed] ==> [/home/tselvam/build_tools/riscv64-unknown-elf-toolchain-10.2.0-2020.12.8-x86_64-linux-ubuntu14/lib/gcc/riscv64-unknown-elf/10.2.0/include-fixed]
  collapse include dir [/home/tselvam/build_tools/riscv64-unknown-elf-toolchain-10.2.0-2020.12.8-x86_64-linux-ubuntu14/bin/../lib/gcc/riscv64-unknown-elf/10.2.0/../../../../riscv64-unknown-elf/include] ==> [/home/tselvam/build_tools/riscv64-unknown-elf-toolchain-10.2.0-2020.12.8-x86_64-linux-ubuntu14/riscv64-unknown-elf/include]
  implicit include dirs: [/home/tselvam/build_tools/riscv64-unknown-elf-toolchain-10.2.0-2020.12.8-x86_64-linux-ubuntu14/lib/gcc/riscv64-unknown-elf/10.2.0/include;/home/tselvam/build_tools/riscv64-unknown-elf-toolchain-10.2.0-2020.12.8-x86_64-linux-ubuntu14/lib/gcc/riscv64-unknown-elf/10.2.0/include-fixed;/home/tselvam/build_tools/riscv64-unknown-elf-toolchain-10.2.0-2020.12.8-x86_64-linux-ubuntu14/riscv64-unknown-elf/include]


Parsed C implicit link information from above output:
  link line regex: [^( *|.*[/\])(riscv64-unknown-elf-ld|CMAKE_LINK_STARTFILE-NOTFOUND|([^/\]+-)?ld|collect2)[^/\]*( |$)]
  ignore line: [Change Dir: /home/tselvam/oss-release/azihsm-fw/projects/microsoft/hsp/manticore/sp/build-prod/CMakeFiles/CMakeTmp]
  ignore line: []
  ignore line: [Run Build Command(s):/usr/bin/ninja cmTC_48814 && [1/2] Building C object CMakeFiles/cmTC_48814.dir/CMakeCCompilerABI.c.obj]
  ignore line: [Using built-in specs.]
  ignore line: [COLLECT_GCC=/home/tselvam/build_tools/riscv64-unknown-elf-toolchain-10.2.0-2020.12.8-x86_64-linux-ubuntu14/bin/riscv64-unknown-elf-gcc]
  ignore line: [Target: riscv64-unknown-elf]
  ignore line: [Configured with: /scratch/jenkins/workspace/tpp-freedom-tools/tpp03--build-binary-packages--parameterized/obj/x86_64-linux-ubuntu14/build/riscv64-unknown-elf-gcc/riscv-gcc/configure --target=riscv64-unknown-elf --host=x86_64-linux-gnu --prefix=/scratch/jenkins/workspace/tpp-freedom-tools/tpp03--build-binary-packages--parameterized/obj/x86_64-linux-ubuntu14/install/riscv64-unknown-elf-gcc-10.2.0-2020.12.8-x86_64-linux-ubuntu14 --with-pkgversion='SiFive GCC-Metal 10.2.0-2020.12.8' --with-bugurl=https://github.com/sifive/freedom-tools/issues --disable-shared --disable-threads --enable-languages=c c++ --enable-tls --with-newlib --with-sysroot=/scratch/jenkins/workspace/tpp-freedom-tools/tpp03--build-binary-packages--parameterized/obj/x86_64-linux-ubuntu14/install/riscv64-unknown-elf-gcc-10.2.0-2020.12.8-x86_64-linux-ubuntu14/riscv64-unknown-elf --with-native-system-header-dir=/include --disable-libmudflap --disable-libssp --disable-libquadmath --disable-libgomp --disable-nls --disable-tm-clone-registry --src=../riscv-gcc --with-system-zlib --enable-checking=yes --enable-multilib --with-abi=lp64d --with-arch=rv64imafdc CFLAGS=-O2 CXXFLAGS=-O2 'CFLAGS_FOR_TARGET=-Os -mcmodel=medany' 'CXXFLAGS_FOR_TARGET=-Os -mcmodel=medany']
  ignore line: [Thread model: single]
  ignore line: [Supported LTO compression algorithms: zlib]
  ignore line: [gcc version 10.2.0 (SiFive GCC-Metal 10.2.0-2020.12.8) ]
  ignore line: [COLLECT_GCC_OPTIONS='-march=rv32imac' '-mabi=ilp32' '-mno-relax' '-std=c11' '-fno-builtin' '-fdata-sections' '-ffunction-sections' '-Wall' '-Wextra' '-Wno-pedantic' '-v' '-o' 'CMakeFiles/cmTC_48814.dir/CMakeCCompilerABI.c.obj' '-c' '-march=rv32imac']
  ignore line: [ /home/tselvam/build_tools/riscv64-unknown-elf-toolchain-10.2.0-2020.12.8-x86_64-linux-ubuntu14/bin/../libexec/gcc/riscv64-unknown-elf/10.2.0/cc1 -quiet -v -imultilib rv32imac/ilp32 -iprefix /home/tselvam/build_tools/riscv64-unknown-elf-toolchain-10.2.0-2020.12.8-x86_64-linux-ubuntu14/bin/../lib/gcc/riscv64-unknown-elf/10.2.0/ -isysroot /home/tselvam/build_tools/riscv64-unknown-elf-toolchain-10.2.0-2020.12.8-x86_64-linux-ubuntu14/bin/../riscv64-unknown-elf /usr/share/cmake-3.22/Modules/CMakeCCompilerABI.c -quiet -dumpbase CMakeCCompilerABI.c -march=rv32imac -mabi=ilp32 -mno-relax -march=rv32imac -auxbase-strip CMakeFiles/cmTC_48814.dir/CMakeCCompilerABI.c.obj -Wall -Wextra -Wno-pedantic -std=c11 -version -fno-builtin -fdata-sections -ffunction-sections -o /tmp/ccXzjgxx.s]
  ignore line: [GNU C11 (SiFive GCC-Metal 10.2.0-2020.12.8) version 10.2.0 (riscv64-unknown-elf)]
  ignore line: [	compiled by GNU C version 5.4.0 20160609  GMP version 6.1.0  MPFR version 3.1.4  MPC version 1.0.3  isl version isl-0.18-GMP]
  ignore line: []
  ignore line: [GGC heuristics: --param ggc-min-expand=30 --param ggc-min-heapsize=4096]
  ignore line: [ignoring duplicate directory "/home/tselvam/build_tools/riscv64-unknown-elf-toolchain-10.2.0-2020.12.8-x86_64-linux-ubuntu14/bin/../lib/gcc/../../lib/gcc/riscv64-unknown-elf/10.2.0/include"]
  ignore line: [ignoring nonexistent directory "/home/tselvam/build_tools/riscv64-unknown-elf-toolchain-10.2.0-2020.12.8-x86_64-linux-ubuntu14/bin/../riscv64-unknown-elf/usr/local/include"]
  ignore line: [ignoring duplicate directory "/home/tselvam/build_tools/riscv64-unknown-elf-toolchain-10.2.0-2020.12.8-x86_64-linux-ubuntu14/bin/../lib/gcc/../../lib/gcc/riscv64-unknown-elf/10.2.0/include-fixed"]
  ignore line: [ignoring duplicate directory "/home/tselvam/build_tools/riscv64-unknown-elf-toolchain-10.2.0-2020.12.8-x86_64-linux-ubuntu14/bin/../lib/gcc/../../lib/gcc/riscv64-unknown-elf/10.2.0/../../../../riscv64-unknown-elf/include"]
  ignore line: [ignoring duplicate directory "/home/tselvam/build_tools/riscv64-unknown-elf-toolchain-10.2.0-2020.12.8-x86_64-linux-ubuntu14/bin/../riscv64-unknown-elf/include"]
  ignore line: [#include "..." search starts here:]
  ignore line: [#include <...> search starts here:]
  ignore line: [ /home/tselvam/build_tools/riscv64-unknown-elf-toolchain-10.2.0-2020.12.8-x86_64-linux-ubuntu14/bin/../lib/gcc/riscv64-unknown-elf/10.2.0/include]
  ignore line: [ /home/tselvam/build_tools/riscv64-unknown-elf-toolchain-10.2.0-2020.12.8-x86_64-linux-ubuntu14/bin/../lib/gcc/riscv64-unknown-elf/10.2.0/include-fixed]
  ignore line: [ /home/tselvam/build_tools/riscv64-unknown-elf-toolchain-10.2.0-2020.12.8-x86_64-linux-ubuntu14/bin/../lib/gcc/riscv64-unknown-elf/10.2.0/../../../../riscv64-unknown-elf/include]
  ignore line: [End of search list.]
  ignore line: [GNU C11 (SiFive GCC-Metal 10.2.0-2020.12.8) version 10.2.0 (riscv64-unknown-elf)]
  ignore line: [	compiled by GNU C version 5.4.0 20160609  GMP version 6.1.0  MPFR version 3.1.4  MPC version 1.0.3  isl version isl-0.18-GMP]
  ignore line: []
  ignore line: [GGC heuristics: --param ggc-min-expand=30 --param ggc-min-heapsize=4096]
  ignore line: [Compiler executable checksum: 60d252ed314f9b710cd503352129ad1f]
  ignore line: [COLLECT_GCC_OPTIONS='-march=rv32imac' '-mabi=ilp32' '-mno-relax' '-std=c11' '-fno-builtin' '-fdata-sections' '-ffunction-sections' '-Wall' '-Wextra' '-Wno-pedantic' '-v' '-o' 'CMakeFiles/cmTC_48814.dir/CMakeCCompilerABI.c.obj' '-c' '-march=rv32imac']
  ignore line: [ /home/tselvam/build_tools/riscv64-unknown-elf-toolchain-10.2.0-2020.12.8-x86_64-linux-ubuntu14/bin/../lib/gcc/riscv64-unknown-elf/10.2.0/../../../../riscv64-unknown-elf/bin/as -v --traditional-format -march=rv32imac -march=rv32imac -mabi=ilp32 -o CMakeFiles/cmTC_48814.dir/CMakeCCompilerABI.c.obj /tmp/ccXzjgxx.s]
  ignore line: [GNU assembler version 2.35 (riscv64-unknown-elf) using BFD version (SiFive Binutils-Metal 2.35.0-2020.12.8) 2.35]
  ignore line: [COMPILER_PATH=/home/tselvam/build_tools/riscv64-unknown-elf-toolchain-10.2.0-2020.12.8-x86_64-linux-ubuntu14/bin/../libexec/gcc/riscv64-unknown-elf/10.2.0/:/home/tselvam/build_tools/riscv64-unknown-elf-toolchain-10.2.0-2020.12.8-x86_64-linux-ubuntu14/bin/../libexec/gcc/:/home/tselvam/build_tools/riscv64-unknown-elf-toolchain-10.2.0-2020.12.8-x86_64-linux-ubuntu14/bin/../lib/gcc/riscv64-unknown-elf/10.2.0/../../../../riscv64-unknown-elf/bin/]
  ignore line: [LIBRARY_PATH=/home/tselvam/build_tools/riscv64-unknown-elf-toolchain-10.2.0-2020.12.8-x86_64-linux-ubuntu14/bin/../lib/gcc/riscv64-unknown-elf/10.2.0/rv32imac/ilp32/:/home/tselvam/build_tools/riscv64-unknown-elf-toolchain-10.2.0-2020.12.8-x86_64-linux-ubuntu14/bin/../lib/gcc/riscv64-unknown-elf/10.2.0/../../../../riscv64-unknown-elf/lib/rv32imac/ilp32/:/home/tselvam/build_tools/riscv64-unknown-elf-toolchain-10.2.0-2020.12.8-x86_64-linux-ubuntu14/bin/../riscv64-unknown-elf/lib/rv32imac/ilp32/:/home/tselvam/build_tools/riscv64-unknown-elf-toolchain-10.2.0-2020.12.8-x86_64-linux-ubuntu14/bin/../lib/gcc/riscv64-unknown-elf/10.2.0/:/home/tselvam/build_tools/riscv64-unknown-elf-toolchain-10.2.0-2020.12.8-x86_64-linux-ubuntu14/bin/../lib/gcc/:/home/tselvam/build_tools/riscv64-unknown-elf-toolchain-10.2.0-2020.12.8-x86_64-linux-ubuntu14/bin/../lib/gcc/riscv64-unknown-elf/10.2.0/../../../../riscv64-unknown-elf/lib/:/home/tselvam/build_tools/riscv64-unknown-elf-toolchain-10.2.0-2020.12.8-x86_64-linux-ubuntu14/bin/../riscv64-unknown-elf/lib/]
  ignore line: [COLLECT_GCC_OPTIONS='-march=rv32imac' '-mabi=ilp32' '-mno-relax' '-std=c11' '-fno-builtin' '-fdata-sections' '-ffunction-sections' '-Wall' '-Wextra' '-Wno-pedantic' '-v' '-o' 'CMakeFiles/cmTC_48814.dir/CMakeCCompilerABI.c.obj' '-c' '-march=rv32imac']
  ignore line: [[2/2] Linking C static library libcmTC_48814.a]
  ignore line: []
  ignore line: []
  implicit libs: []
  implicit objs: []
  implicit dirs: []
  implicit fwks: []


The target system is: Generic - 1 - riscv32
The host system is: Linux - 6.6.87.2-microsoft-standard-WSL2 - x86_64
Compiling the C compiler identification source file "CMakeCCompilerId.c" succeeded.
Compiler: /home/tselvam/build_tools/riscv64-unknown-elf-toolchain-10.2.0-2020.12.8-x86_64-linux-ubuntu14/bin/riscv64-unknown-elf-gcc 
Build flags: -march=rv32imac;-mabi=ilp32;-mno-relax;-std=c11;-fno-builtin;-fdata-sections;-ffunction-sections;-Wall;-Wextra;-pedantic;-Werror;-g;-Wno-pedantic
Id flags:  

The output was:
0


Compilation of the C compiler identification source "CMakeCCompilerId.c" produced "a.out"

The C compiler identification is GNU, found in "/home/tselvam/oss-release/azihsm-fw/projects/microsoft/hsp/manticore/sp/build-prod/CMakeFiles/3.22.1/CompilerIdC/a.out"

Checking whether the ASM compiler is GNU using "--version" matched "(GNU assembler)|(GCC)|(Free Software Foundation)":
riscv64-unknown-elf-gcc (SiFive GCC-Metal 10.2.0-2020.12.8) 10.2.0
Copyright (C) 2020 Free Software Foundation, Inc.
This is free software; see the source for copying conditions.  There is NO
warranty; not even for MERCHANTABILITY or FITNESS FOR A PARTICULAR PURPOSE.

Detecting C compiler ABI info compiled with the following output:
Change Dir: /home/tselvam/oss-release/azihsm-fw/projects/microsoft/hsp/manticore/sp/build-prod/CMakeFiles/CMakeTmp

Run Build Command(s):/usr/bin/ninja cmTC_cc55f && [1/2] Building C object CMakeFiles/cmTC_cc55f.dir/CMakeCCompilerABI.c.obj
Using built-in specs.
COLLECT_GCC=/home/tselvam/build_tools/riscv64-unknown-elf-toolchain-10.2.0-2020.12.8-x86_64-linux-ubuntu14/bin/riscv64-unknown-elf-gcc
Target: riscv64-unknown-elf
Configured with: /scratch/jenkins/workspace/tpp-freedom-tools/tpp03--build-binary-packages--parameterized/obj/x86_64-linux-ubuntu14/build/riscv64-unknown-elf-gcc/riscv-gcc/configure --target=riscv64-unknown-elf --host=x86_64-linux-gnu --prefix=/scratch/jenkins/workspace/tpp-freedom-tools/tpp03--build-binary-packages--parameterized/obj/x86_64-linux-ubuntu14/install/riscv64-unknown-elf-gcc-10.2.0-2020.12.8-x86_64-linux-ubuntu14 --with-pkgversion='SiFive GCC-Metal 10.2.0-2020.12.8' --with-bugurl=https://github.com/sifive/freedom-tools/issues --disable-shared --disable-threads --enable-languages=c,c++ --enable-tls --with-newlib --with-sysroot=/scratch/jenkins/workspace/tpp-freedom-tools/tpp03--build-binary-packages--parameterized/obj/x86_64-linux-ubuntu14/install/riscv64-unknown-elf-gcc-10.2.0-2020.12.8-x86_64-linux-ubuntu14/riscv64-unknown-elf --with-native-system-header-dir=/include --disable-libmudflap --disable-libssp --disable-libquadmath --disable-libgomp --disable-nls --disable-tm-clone-registry --src=../riscv-gcc --with-system-zlib --enable-checking=yes --enable-multilib --with-abi=lp64d --with-arch=rv64imafdc CFLAGS=-O2 CXXFLAGS=-O2 'CFLAGS_FOR_TARGET=-Os -mcmodel=medany' 'CXXFLAGS_FOR_TARGET=-Os -mcmodel=medany'
Thread model: single
Supported LTO compression algorithms: zlib
gcc version 10.2.0 (SiFive GCC-Metal 10.2.0-2020.12.8) 
COLLECT_GCC_OPTIONS='-march=rv32imac' '-mabi=ilp32' '-mno-relax' '-std=c11' '-fno-builtin' '-fdata-sections' '-ffunction-sections' '-Wall' '-Wextra' '-Wno-pedantic' '-v' '-o' 'CMakeFiles/cmTC_cc55f.dir/CMakeCCompilerABI.c.obj' '-c' '-march=rv32imac'
 /home/tselvam/build_tools/riscv64-unknown-elf-toolchain-10.2.0-2020.12.8-x86_64-linux-ubuntu14/bin/../libexec/gcc/riscv64-unknown-elf/10.2.0/cc1 -quiet -v -imultilib rv32imac/ilp32 -iprefix /home/tselvam/build_tools/riscv64-unknown-elf-toolchain-10.2.0-2020.12.8-x86_64-linux-ubuntu14/bin/../lib/gcc/riscv64-unknown-elf/10.2.0/ -isysroot /home/tselvam/build_tools/riscv64-unknown-elf-toolchain-10.2.0-2020.12.8-x86_64-linux-ubuntu14/bin/../riscv64-unknown-elf /usr/share/cmake-3.22/Modules/CMakeCCompilerABI.c -quiet -dumpbase CMakeCCompilerABI.c -march=rv32imac -mabi=ilp32 -mno-relax -march=rv32imac -auxbase-strip CMakeFiles/cmTC_cc55f.dir/CMakeCCompilerABI.c.obj -Wall -Wextra -Wno-pedantic -std=c11 -version -fno-builtin -fdata-sections -ffunction-sections -o /tmp/ccgQY6iF.s
GNU C11 (SiFive GCC-Metal 10.2.0-2020.12.8) version 10.2.0 (riscv64-unknown-elf)
	compiled by GNU C version 5.4.0 20160609, GMP version 6.1.0, MPFR version 3.1.4, MPC version 1.0.3, isl version isl-0.18-GMP

GGC heuristics: --param ggc-min-expand=30 --param ggc-min-heapsize=4096
ignoring duplicate directory "/home/tselvam/build_tools/riscv64-unknown-elf-toolchain-10.2.0-2020.12.8-x86_64-linux-ubuntu14/bin/../lib/gcc/../../lib/gcc/riscv64-unknown-elf/10.2.0/include"
ignoring nonexistent directory "/home/tselvam/build_tools/riscv64-unknown-elf-toolchain-10.2.0-2020.12.8-x86_64-linux-ubuntu14/bin/../riscv64-unknown-elf/usr/local/include"
ignoring duplicate directory "/home/tselvam/build_tools/riscv64-unknown-elf-toolchain-10.2.0-2020.12.8-x86_64-linux-ubuntu14/bin/../lib/gcc/../../lib/gcc/riscv64-unknown-elf/10.2.0/include-fixed"
ignoring duplicate directory "/home/tselvam/build_tools/riscv64-unknown-elf-toolchain-10.2.0-2020.12.8-x86_64-linux-ubuntu14/bin/../lib/gcc/../../lib/gcc/riscv64-unknown-elf/10.2.0/../../../../riscv64-unknown-elf/include"
ignoring duplicate directory "/home/tselvam/build_tools/riscv64-unknown-elf-toolchain-10.2.0-2020.12.8-x86_64-linux-ubuntu14/bin/../riscv64-unknown-elf/include"
#include "..." search starts here:
#include <...> search starts here:
 /home/tselvam/build_tools/riscv64-unknown-elf-toolchain-10.2.0-2020.12.8-x86_64-linux-ubuntu14/bin/../lib/gcc/riscv64-unknown-elf/10.2.0/include
 /home/tselvam/build_tools/riscv64-unknown-elf-toolchain-10.2.0-2020.12.8-x86_64-linux-ubuntu14/bin/../lib/gcc/riscv64-unknown-elf/10.2.0/include-fixed
 /home/tselvam/build_tools/riscv64-unknown-elf-toolchain-10.2.0-2020.12.8-x86_64-linux-ubuntu14/bin/../lib/gcc/riscv64-unknown-elf/10.2.0/../../../../riscv64-unknown-elf/include
End of search list.
GNU C11 (SiFive GCC-Metal 10.2.0-2020.12.8) version 10.2.0 (riscv64-unknown-elf)
	compiled by GNU C version 5.4.0 20160609, GMP version 6.1.0, MPFR version 3.1.4, MPC version 1.0.3, isl version isl-0.18-GMP

GGC heuristics: --param ggc-min-expand=30 --param ggc-min-heapsize=4096
Compiler executable checksum: 60d252ed314f9b710cd503352129ad1f
COLLECT_GCC_OPTIONS='-march=rv32imac' '-mabi=ilp32' '-mno-relax' '-std=c11' '-fno-builtin' '-fdata-sections' '-ffunction-sections' '-Wall' '-Wextra' '-Wno-pedantic' '-v' '-o' 'CMakeFiles/cmTC_cc55f.dir/CMakeCCompilerABI.c.obj' '-c' '-march=rv32imac'
 /home/tselvam/build_tools/riscv64-unknown-elf-toolchain-10.2.0-2020.12.8-x86_64-linux-ubuntu14/bin/../lib/gcc/riscv64-unknown-elf/10.2.0/../../../../riscv64-unknown-elf/bin/as -v --traditional-format -march=rv32imac -march=rv32imac -mabi=ilp32 -o CMakeFiles/cmTC_cc55f.dir/CMakeCCompilerABI.c.obj /tmp/ccgQY6iF.s
GNU assembler version 2.35 (riscv64-unknown-elf) using BFD version (SiFive Binutils-Metal 2.35.0-2020.12.8) 2.35
COMPILER_PATH=/home/tselvam/build_tools/riscv64-unknown-elf-toolchain-10.2.0-2020.12.8-x86_64-linux-ubuntu14/bin/../libexec/gcc/riscv64-unknown-elf/10.2.0/:/home/tselvam/build_tools/riscv64-unknown-elf-toolchain-10.2.0-2020.12.8-x86_64-linux-ubuntu14/bin/../libexec/gcc/:/home/tselvam/build_tools/riscv64-unknown-elf-toolchain-10.2.0-2020.12.8-x86_64-linux-ubuntu14/bin/../lib/gcc/riscv64-unknown-elf/10.2.0/../../../../riscv64-unknown-elf/bin/
LIBRARY_PATH=/home/tselvam/build_tools/riscv64-unknown-elf-toolchain-10.2.0-2020.12.8-x86_64-linux-ubuntu14/bin/../lib/gcc/riscv64-unknown-elf/10.2.0/rv32imac/ilp32/:/home/tselvam/build_tools/riscv64-unknown-elf-toolchain-10.2.0-2020.12.8-x86_64-linux-ubuntu14/bin/../lib/gcc/riscv64-unknown-elf/10.2.0/../../../../riscv64-unknown-elf/lib/rv32imac/ilp32/:/home/tselvam/build_tools/riscv64-unknown-elf-toolchain-10.2.0-2020.12.8-x86_64-linux-ubuntu14/bin/../riscv64-unknown-elf/lib/rv32imac/ilp32/:/home/tselvam/build_tools/riscv64-unknown-elf-toolchain-10.2.0-2020.12.8-x86_64-linux-ubuntu14/bin/../lib/gcc/riscv64-unknown-elf/10.2.0/:/home/tselvam/build_tools/riscv64-unknown-elf-toolchain-10.2.0-2020.12.8-x86_64-linux-ubuntu14/bin/../lib/gcc/:/home/tselvam/build_tools/riscv64-unknown-elf-toolchain-10.2.0-2020.12.8-x86_64-linux-ubuntu14/bin/../lib/gcc/riscv64-unknown-elf/10.2.0/../../../../riscv64-unknown-elf/lib/:/home/tselvam/build_tools/riscv64-unknown-elf-toolchain-10.2.0-2020.12.8-x86_64-linux-ubuntu14/bin/../riscv64-unknown-elf/lib/
COLLECT_GCC_OPTIONS='-march=rv32imac' '-mabi=ilp32' '-mno-relax' '-std=c11' '-fno-builtin' '-fdata-sections' '-ffunction-sections' '-Wall' '-Wextra' '-Wno-pedantic' '-v' '-o' 'CMakeFiles/cmTC_cc55f.dir/CMakeCCompilerABI.c.obj' '-c' '-march=rv32imac'
[2/2] Linking C static library libcmTC_cc55f.a



Parsed C implicit include dir info from above output: rv=done
  found start of include info
  found start of implicit include info
    add: [/home/tselvam/build_tools/riscv64-unknown-elf-toolchain-10.2.0-2020.12.8-x86_64-linux-ubuntu14/bin/../lib/gcc/riscv64-unknown-elf/10.2.0/include]
    add: [/home/tselvam/build_tools/riscv64-unknown-elf-toolchain-10.2.0-2020.12.8-x86_64-linux-ubuntu14/bin/../lib/gcc/riscv64-unknown-elf/10.2.0/include-fixed]
    add: [/home/tselvam/build_tools/riscv64-unknown-elf-toolchain-10.2.0-2020.12.8-x86_64-linux-ubuntu14/bin/../lib/gcc/riscv64-unknown-elf/10.2.0/../../../../riscv64-unknown-elf/include]
  end of search list found
  collapse include dir [/home/tselvam/build_tools/riscv64-unknown-elf-toolchain-10.2.0-2020.12.8-x86_64-linux-ubuntu14/bin/../lib/gcc/riscv64-unknown-elf/10.2.0/include] ==> [/home/tselvam/build_tools/riscv64-unknown-elf-toolchain-10.2.0-2020.12.8-x86_64-linux-ubuntu14/lib/gcc/riscv64-unknown-elf/10.2.0/include]
  collapse include dir [/home/tselvam/build_tools/riscv64-unknown-elf-toolchain-10.2.0-2020.12.8-x86_64-linux-ubuntu14/bin/../lib/gcc/riscv64-unknown-elf/10.2.0/include-fixed] ==> [/home/tselvam/build_tools/riscv64-unknown-elf-toolchain-10.2.0-2020.12.8-x86_64-linux-ubuntu14/lib/gcc/riscv64-unknown-elf/10.2.0/include-fixed]
  collapse include dir [/home/tselvam/build_tools/riscv64-unknown-elf-toolchain-10.2.0-2020.12.8-x86_64-linux-ubuntu14/bin/../lib/gcc/riscv64-unknown-elf/10.2.0/../../../../riscv64-unknown-elf/include] ==> [/home/tselvam/build_tools/riscv64-unknown-elf-toolchain-10.2.0-2020.12.8-x86_64-linux-ubuntu14/riscv64-unknown-elf/include]
  implicit include dirs: [/home/tselvam/build_tools/riscv64-unknown-elf-toolchain-10.2.0-2020.12.8-x86_64-linux-ubuntu14/lib/gcc/riscv64-unknown-elf/10.2.0/include;/home/tselvam/build_tools/riscv64-unknown-elf-toolchain-10.2.0-2020.12.8-x86_64-linux-ubuntu14/lib/gcc/riscv64-unknown-elf/10.2.0/include-fixed;/home/tselvam/build_tools/riscv64-unknown-elf-toolchain-10.2.0-2020.12.8-x86_64-linux-ubuntu14/riscv64-unknown-elf/include]


Parsed C implicit link information from above output:
  link line regex: [^( *|.*[/\])(riscv64-unknown-elf-ld|CMAKE_LINK_STARTFILE-NOTFOUND|([^/\]+-)?ld|collect2)[^/\]*( |$)]
  ignore line: [Change Dir: /home/tselvam/oss-release/azihsm-fw/projects/microsoft/hsp/manticore/sp/build-prod/CMakeFiles/CMakeTmp]
  ignore line: []
  ignore line: [Run Build Command(s):/usr/bin/ninja cmTC_cc55f && [1/2] Building C object CMakeFiles/cmTC_cc55f.dir/CMakeCCompilerABI.c.obj]
  ignore line: [Using built-in specs.]
  ignore line: [COLLECT_GCC=/home/tselvam/build_tools/riscv64-unknown-elf-toolchain-10.2.0-2020.12.8-x86_64-linux-ubuntu14/bin/riscv64-unknown-elf-gcc]
  ignore line: [Target: riscv64-unknown-elf]
  ignore line: [Configured with: /scratch/jenkins/workspace/tpp-freedom-tools/tpp03--build-binary-packages--parameterized/obj/x86_64-linux-ubuntu14/build/riscv64-unknown-elf-gcc/riscv-gcc/configure --target=riscv64-unknown-elf --host=x86_64-linux-gnu --prefix=/scratch/jenkins/workspace/tpp-freedom-tools/tpp03--build-binary-packages--parameterized/obj/x86_64-linux-ubuntu14/install/riscv64-unknown-elf-gcc-10.2.0-2020.12.8-x86_64-linux-ubuntu14 --with-pkgversion='SiFive GCC-Metal 10.2.0-2020.12.8' --with-bugurl=https://github.com/sifive/freedom-tools/issues --disable-shared --disable-threads --enable-languages=c c++ --enable-tls --with-newlib --with-sysroot=/scratch/jenkins/workspace/tpp-freedom-tools/tpp03--build-binary-packages--parameterized/obj/x86_64-linux-ubuntu14/install/riscv64-unknown-elf-gcc-10.2.0-2020.12.8-x86_64-linux-ubuntu14/riscv64-unknown-elf --with-native-system-header-dir=/include --disable-libmudflap --disable-libssp --disable-libquadmath --disable-libgomp --disable-nls --disable-tm-clone-registry --src=../riscv-gcc --with-system-zlib --enable-checking=yes --enable-multilib --with-abi=lp64d --with-arch=rv64imafdc CFLAGS=-O2 CXXFLAGS=-O2 'CFLAGS_FOR_TARGET=-Os -mcmodel=medany' 'CXXFLAGS_FOR_TARGET=-Os -mcmodel=medany']
  ignore line: [Thread model: single]
  ignore line: [Supported LTO compression algorithms: zlib]
  ignore line: [gcc version 10.2.0 (SiFive GCC-Metal 10.2.0-2020.12.8) ]
  ignore line: [COLLECT_GCC_OPTIONS='-march=rv32imac' '-mabi=ilp32' '-mno-relax' '-std=c11' '-fno-builtin' '-fdata-sections' '-ffunction-sections' '-Wall' '-Wextra' '-Wno-pedantic' '-v' '-o' 'CMakeFiles/cmTC_cc55f.dir/CMakeCCompilerABI.c.obj' '-c' '-march=rv32imac']
  ignore line: [ /home/tselvam/build_tools/riscv64-unknown-elf-toolchain-10.2.0-2020.12.8-x86_64-linux-ubuntu14/bin/../libexec/gcc/riscv64-unknown-elf/10.2.0/cc1 -quiet -v -imultilib rv32imac/ilp32 -iprefix /home/tselvam/build_tools/riscv64-unknown-elf-toolchain-10.2.0-2020.12.8-x86_64-linux-ubuntu14/bin/../lib/gcc/riscv64-unknown-elf/10.2.0/ -isysroot /home/tselvam/build_tools/riscv64-unknown-elf-toolchain-10.2.0-2020.12.8-x86_64-linux-ubuntu14/bin/../riscv64-unknown-elf /usr/share/cmake-3.22/Modules/CMakeCCompilerABI.c -quiet -dumpbase CMakeCCompilerABI.c -march=rv32imac -mabi=ilp32 -mno-relax -march=rv32imac -auxbase-strip CMakeFiles/cmTC_cc55f.dir/CMakeCCompilerABI.c.obj -Wall -Wextra -Wno-pedantic -std=c11 -version -fno-builtin -fdata-sections -ffunction-sections -o /tmp/ccgQY6iF.s]
  ignore line: [GNU C11 (SiFive GCC-Metal 10.2.0-2020.12.8) version 10.2.0 (riscv64-unknown-elf)]
  ignore line: [	compiled by GNU C version 5.4.0 20160609  GMP version 6.1.0  MPFR version 3.1.4  MPC version 1.0.3  isl version isl-0.18-GMP]
  ignore line: []
  ignore line: [GGC heuristics: --param ggc-min-expand=30 --param ggc-min-heapsize=4096]
  ignore line: [ignoring duplicate directory "/home/tselvam/build_tools/riscv64-unknown-elf-toolchain-10.2.0-2020.12.8-x86_64-linux-ubuntu14/bin/../lib/gcc/../../lib/gcc/riscv64-unknown-elf/10.2.0/include"]
  ignore line: [ignoring nonexistent directory "/home/tselvam/build_tools/riscv64-unknown-elf-toolchain-10.2.0-2020.12.8-x86_64-linux-ubuntu14/bin/../riscv64-unknown-elf/usr/local/include"]
  ignore line: [ignoring duplicate directory "/home/tselvam/build_tools/riscv64-unknown-elf-toolchain-10.2.0-2020.12.8-x86_64-linux-ubuntu14/bin/../lib/gcc/../../lib/gcc/riscv64-unknown-elf/10.2.0/include-fixed"]
  ignore line: [ignoring duplicate directory "/home/tselvam/build_tools/riscv64-unknown-elf-toolchain-10.2.0-2020.12.8-x86_64-linux-ubuntu14/bin/../lib/gcc/../../lib/gcc/riscv64-unknown-elf/10.2.0/../../../../riscv64-unknown-elf/include"]
  ignore line: [ignoring duplicate directory "/home/tselvam/build_tools/riscv64-unknown-elf-toolchain-10.2.0-2020.12.8-x86_64-linux-ubuntu14/bin/../riscv64-unknown-elf/include"]
  ignore line: [#include "..." search starts here:]
  ignore line: [#include <...> search starts here:]
  ignore line: [ /home/tselvam/build_tools/riscv64-unknown-elf-toolchain-10.2.0-2020.12.8-x86_64-linux-ubuntu14/bin/../lib/gcc/riscv64-unknown-elf/10.2.0/include]
  ignore line: [ /home/tselvam/build_tools/riscv64-unknown-elf-toolchain-10.2.0-2020.12.8-x86_64-linux-ubuntu14/bin/../lib/gcc/riscv64-unknown-elf/10.2.0/include-fixed]
  ignore line: [ /home/tselvam/build_tools/riscv64-unknown-elf-toolchain-10.2.0-2020.12.8-x86_64-linux-ubuntu14/bin/../lib/gcc/riscv64-unknown-elf/10.2.0/../../../../riscv64-unknown-elf/include]
  ignore line: [End of search list.]
  ignore line: [GNU C11 (SiFive GCC-Metal 10.2.0-2020.12.8) version 10.2.0 (riscv64-unknown-elf)]
  ignore line: [	compiled by GNU C version 5.4.0 20160609  GMP version 6.1.0  MPFR version 3.1.4  MPC version 1.0.3  isl version isl-0.18-GMP]
  ignore line: []
  ignore line: [GGC heuristics: --param ggc-min-expand=30 --param ggc-min-heapsize=4096]
  ignore line: [Compiler executable checksum: 60d252ed314f9b710cd503352129ad1f]
  ignore line: [COLLECT_GCC_OPTIONS='-march=rv32imac' '-mabi=ilp32' '-mno-relax' '-std=c11' '-fno-builtin' '-fdata-sections' '-ffunction-sections' '-Wall' '-Wextra' '-Wno-pedantic' '-v' '-o' 'CMakeFiles/cmTC_cc55f.dir/CMakeCCompilerABI.c.obj' '-c' '-march=rv32imac']
  ignore line: [ /home/tselvam/build_tools/riscv64-unknown-elf-toolchain-10.2.0-2020.12.8-x86_64-linux-ubuntu14/bin/../lib/gcc/riscv64-unknown-elf/10.2.0/../../../../riscv64-unknown-elf/bin/as -v --traditional-format -march=rv32imac -march=rv32imac -mabi=ilp32 -o CMakeFiles/cmTC_cc55f.dir/CMakeCCompilerABI.c.obj /tmp/ccgQY6iF.s]
  ignore line: [GNU assembler version 2.35 (riscv64-unknown-elf) using BFD version (SiFive Binutils-Metal 2.35.0-2020.12.8) 2.35]
  ignore line: [COMPILER_PATH=/home/tselvam/build_tools/riscv64-unknown-elf-toolchain-10.2.0-2020.12.8-x86_64-linux-ubuntu14/bin/../libexec/gcc/riscv64-unknown-elf/10.2.0/:/home/tselvam/build_tools/riscv64-unknown-elf-toolchain-10.2.0-2020.12.8-x86_64-linux-ubuntu14/bin/../libexec/gcc/:/home/tselvam/build_tools/riscv64-unknown-elf-toolchain-10.2.0-2020.12.8-x86_64-linux-ubuntu14/bin/../lib/gcc/riscv64-unknown-elf/10.2.0/../../../../riscv64-unknown-elf/bin/]
  ignore line: [LIBRARY_PATH=/home/tselvam/build_tools/riscv64-unknown-elf-toolchain-10.2.0-2020.12.8-x86_64-linux-ubuntu14/bin/../lib/gcc/riscv64-unknown-elf/10.2.0/rv32imac/ilp32/:/home/tselvam/build_tools/riscv64-unknown-elf-toolchain-10.2.0-2020.12.8-x86_64-linux-ubuntu14/bin/../lib/gcc/riscv64-unknown-elf/10.2.0/../../../../riscv64-unknown-elf/lib/rv32imac/ilp32/:/home/tselvam/build_tools/riscv64-unknown-elf-toolchain-10.2.0-2020.12.8-x86_64-linux-ubuntu14/bin/../riscv64-unknown-elf/lib/rv32imac/ilp32/:/home/tselvam/build_tools/riscv64-unknown-elf-toolchain-10.2.0-2020.12.8-x86_64-linux-ubuntu14/bin/../lib/gcc/riscv64-unknown-elf/10.2.0/:/home/tselvam/build_tools/riscv64-unknown-elf-toolchain-10.2.0-2020.12.8-x86_64-linux-ubuntu14/bin/../lib/gcc/:/home/tselvam/build_tools/riscv64-unknown-elf-toolchain-10.2.0-2020.12.8-x86_64-linux-ubuntu14/bin/../lib/gcc/riscv64-unknown-elf/10.2.0/../../../../riscv64-unknown-elf/lib/:/home/tselvam/build_tools/riscv64-unknown-elf-toolchain-10.2.0-2020.12.8-x86_64-linux-ubuntu14/bin/../riscv64-unknown-elf/lib/]
  ignore line: [COLLECT_GCC_OPTIONS='-march=rv32imac' '-mabi=ilp32' '-mno-relax' '-std=c11' '-fno-builtin' '-fdata-sections' '-ffunction-sections' '-Wall' '-Wextra' '-Wno-pedantic' '-v' '-o' 'CMakeFiles/cmTC_cc55f.dir/CMakeCCompilerABI.c.obj' '-c' '-march=rv32imac']
  ignore line: [[2/2] Linking C static library libcmTC_cc55f.a]
  ignore line: []
  ignore line: []
  implicit libs: []
  implicit objs: []
  implicit dirs: []
  implicit fwks: []


The target system is: Generic - 1 - riscv32
The host system is: Linux - 6.6.87.2-microsoft-standard-WSL2 - x86_64
Compiling the C compiler identification source file "CMakeCCompilerId.c" succeeded.
Compiler: /home/tselvam/build_tools/riscv64-unknown-elf-toolchain-10.2.0-2020.12.8-x86_64-linux-ubuntu14/bin/riscv64-unknown-elf-gcc 
Build flags: -march=rv32imac;-mabi=ilp32;-mno-relax;-std=c11;-fno-builtin;-fdata-sections;-ffunction-sections;-Wall;-Wextra;-pedantic;-Werror;-g;-Wno-pedantic
Id flags:  

The output was:
0


Compilation of the C compiler identification source "CMakeCCompilerId.c" produced "a.out"

The C compiler identification is GNU, found in "/home/tselvam/oss-release/azihsm-fw/projects/microsoft/hsp/manticore/sp/build-prod/CMakeFiles/3.22.1/CompilerIdC/a.out"

Checking whether the ASM compiler is GNU using "--version" matched "(GNU assembler)|(GCC)|(Free Software Foundation)":
riscv64-unknown-elf-gcc (SiFive GCC-Metal 10.2.0-2020.12.8) 10.2.0
Copyright (C) 2020 Free Software Foundation, Inc.
This is free software; see the source for copying conditions.  There is NO
warranty; not even for MERCHANTABILITY or FITNESS FOR A PARTICULAR PURPOSE.

Detecting C compiler ABI info compiled with the following output:
Change Dir: /home/tselvam/oss-release/azihsm-fw/projects/microsoft/hsp/manticore/sp/build-prod/CMakeFiles/CMakeTmp

Run Build Command(s):/usr/bin/ninja cmTC_5fdf5 && [1/2] Building C object CMakeFiles/cmTC_5fdf5.dir/CMakeCCompilerABI.c.obj
Using built-in specs.
COLLECT_GCC=/home/tselvam/build_tools/riscv64-unknown-elf-toolchain-10.2.0-2020.12.8-x86_64-linux-ubuntu14/bin/riscv64-unknown-elf-gcc
Target: riscv64-unknown-elf
Configured with: /scratch/jenkins/workspace/tpp-freedom-tools/tpp03--build-binary-packages--parameterized/obj/x86_64-linux-ubuntu14/build/riscv64-unknown-elf-gcc/riscv-gcc/configure --target=riscv64-unknown-elf --host=x86_64-linux-gnu --prefix=/scratch/jenkins/workspace/tpp-freedom-tools/tpp03--build-binary-packages--parameterized/obj/x86_64-linux-ubuntu14/install/riscv64-unknown-elf-gcc-10.2.0-2020.12.8-x86_64-linux-ubuntu14 --with-pkgversion='SiFive GCC-Metal 10.2.0-2020.12.8' --with-bugurl=https://github.com/sifive/freedom-tools/issues --disable-shared --disable-threads --enable-languages=c,c++ --enable-tls --with-newlib --with-sysroot=/scratch/jenkins/workspace/tpp-freedom-tools/tpp03--build-binary-packages--parameterized/obj/x86_64-linux-ubuntu14/install/riscv64-unknown-elf-gcc-10.2.0-2020.12.8-x86_64-linux-ubuntu14/riscv64-unknown-elf --with-native-system-header-dir=/include --disable-libmudflap --disable-libssp --disable-libquadmath --disable-libgomp --disable-nls --disable-tm-clone-registry --src=../riscv-gcc --with-system-zlib --enable-checking=yes --enable-multilib --with-abi=lp64d --with-arch=rv64imafdc CFLAGS=-O2 CXXFLAGS=-O2 'CFLAGS_FOR_TARGET=-Os -mcmodel=medany' 'CXXFLAGS_FOR_TARGET=-Os -mcmodel=medany'
Thread model: single
Supported LTO compression algorithms: zlib
gcc version 10.2.0 (SiFive GCC-Metal 10.2.0-2020.12.8) 
COLLECT_GCC_OPTIONS='-march=rv32imac' '-mabi=ilp32' '-mno-relax' '-std=c11' '-fno-builtin' '-fdata-sections' '-ffunction-sections' '-Wall' '-Wextra' '-Wno-pedantic' '-v' '-o' 'CMakeFiles/cmTC_5fdf5.dir/CMakeCCompilerABI.c.obj' '-c' '-march=rv32imac'
 /home/tselvam/build_tools/riscv64-unknown-elf-toolchain-10.2.0-2020.12.8-x86_64-linux-ubuntu14/bin/../libexec/gcc/riscv64-unknown-elf/10.2.0/cc1 -quiet -v -imultilib rv32imac/ilp32 -iprefix /home/tselvam/build_tools/riscv64-unknown-elf-toolchain-10.2.0-2020.12.8-x86_64-linux-ubuntu14/bin/../lib/gcc/riscv64-unknown-elf/10.2.0/ -isysroot /home/tselvam/build_tools/riscv64-unknown-elf-toolchain-10.2.0-2020.12.8-x86_64-linux-ubuntu14/bin/../riscv64-unknown-elf /usr/share/cmake-3.22/Modules/CMakeCCompilerABI.c -quiet -dumpbase CMakeCCompilerABI.c -march=rv32imac -mabi=ilp32 -mno-relax -march=rv32imac -auxbase-strip CMakeFiles/cmTC_5fdf5.dir/CMakeCCompilerABI.c.obj -Wall -Wextra -Wno-pedantic -std=c11 -version -fno-builtin -fdata-sections -ffunction-sections -o /tmp/ccam9nm6.s
GNU C11 (SiFive GCC-Metal 10.2.0-2020.12.8) version 10.2.0 (riscv64-unknown-elf)
	compiled by GNU C version 5.4.0 20160609, GMP version 6.1.0, MPFR version 3.1.4, MPC version 1.0.3, isl version isl-0.18-GMP

GGC heuristics: --param ggc-min-expand=30 --param ggc-min-heapsize=4096
ignoring duplicate directory "/home/tselvam/build_tools/riscv64-unknown-elf-toolchain-10.2.0-2020.12.8-x86_64-linux-ubuntu14/bin/../lib/gcc/../../lib/gcc/riscv64-unknown-elf/10.2.0/include"
ignoring nonexistent directory "/home/tselvam/build_tools/riscv64-unknown-elf-toolchain-10.2.0-2020.12.8-x86_64-linux-ubuntu14/bin/../riscv64-unknown-elf/usr/local/include"
ignoring duplicate directory "/home/tselvam/build_tools/riscv64-unknown-elf-toolchain-10.2.0-2020.12.8-x86_64-linux-ubuntu14/bin/../lib/gcc/../../lib/gcc/riscv64-unknown-elf/10.2.0/include-fixed"
ignoring duplicate directory "/home/tselvam/build_tools/riscv64-unknown-elf-toolchain-10.2.0-2020.12.8-x86_64-linux-ubuntu14/bin/../lib/gcc/../../lib/gcc/riscv64-unknown-elf/10.2.0/../../../../riscv64-unknown-elf/include"
ignoring duplicate directory "/home/tselvam/build_tools/riscv64-unknown-elf-toolchain-10.2.0-2020.12.8-x86_64-linux-ubuntu14/bin/../riscv64-unknown-elf/include"
#include "..." search starts here:
#include <...> search starts here:
 /home/tselvam/build_tools/riscv64-unknown-elf-toolchain-10.2.0-2020.12.8-x86_64-linux-ubuntu14/bin/../lib/gcc/riscv64-unknown-elf/10.2.0/include
 /home/tselvam/build_tools/riscv64-unknown-elf-toolchain-10.2.0-2020.12.8-x86_64-linux-ubuntu14/bin/../lib/gcc/riscv64-unknown-elf/10.2.0/include-fixed
 /home/tselvam/build_tools/riscv64-unknown-elf-toolchain-10.2.0-2020.12.8-x86_64-linux-ubuntu14/bin/../lib/gcc/riscv64-unknown-elf/10.2.0/../../../../riscv64-unknown-elf/include
End of search list.
GNU C11 (SiFive GCC-Metal 10.2.0-2020.12.8) version 10.2.0 (riscv64-unknown-elf)
	compiled by GNU C version 5.4.0 20160609, GMP version 6.1.0, MPFR version 3.1.4, MPC version 1.0.3, isl version isl-0.18-GMP

GGC heuristics: --param ggc-min-expand=30 --param ggc-min-heapsize=4096
Compiler executable checksum: 60d252ed314f9b710cd503352129ad1f
COLLECT_GCC_OPTIONS='-march=rv32imac' '-mabi=ilp32' '-mno-relax' '-std=c11' '-fno-builtin' '-fdata-sections' '-ffunction-sections' '-Wall' '-Wextra' '-Wno-pedantic' '-v' '-o' 'CMakeFiles/cmTC_5fdf5.dir/CMakeCCompilerABI.c.obj' '-c' '-march=rv32imac'
 /home/tselvam/build_tools/riscv64-unknown-elf-toolchain-10.2.0-2020.12.8-x86_64-linux-ubuntu14/bin/../lib/gcc/riscv64-unknown-elf/10.2.0/../../../../riscv64-unknown-elf/bin/as -v --traditional-format -march=rv32imac -march=rv32imac -mabi=ilp32 -o CMakeFiles/cmTC_5fdf5.dir/CMakeCCompilerABI.c.obj /tmp/ccam9nm6.s
GNU assembler version 2.35 (riscv64-unknown-elf) using BFD version (SiFive Binutils-Metal 2.35.0-2020.12.8) 2.35
COMPILER_PATH=/home/tselvam/build_tools/riscv64-unknown-elf-toolchain-10.2.0-2020.12.8-x86_64-linux-ubuntu14/bin/../libexec/gcc/riscv64-unknown-elf/10.2.0/:/home/tselvam/build_tools/riscv64-unknown-elf-toolchain-10.2.0-2020.12.8-x86_64-linux-ubuntu14/bin/../libexec/gcc/:/home/tselvam/build_tools/riscv64-unknown-elf-toolchain-10.2.0-2020.12.8-x86_64-linux-ubuntu14/bin/../lib/gcc/riscv64-unknown-elf/10.2.0/../../../../riscv64-unknown-elf/bin/
LIBRARY_PATH=/home/tselvam/build_tools/riscv64-unknown-elf-toolchain-10.2.0-2020.12.8-x86_64-linux-ubuntu14/bin/../lib/gcc/riscv64-unknown-elf/10.2.0/rv32imac/ilp32/:/home/tselvam/build_tools/riscv64-unknown-elf-toolchain-10.2.0-2020.12.8-x86_64-linux-ubuntu14/bin/../lib/gcc/riscv64-unknown-elf/10.2.0/../../../../riscv64-unknown-elf/lib/rv32imac/ilp32/:/home/tselvam/build_tools/riscv64-unknown-elf-toolchain-10.2.0-2020.12.8-x86_64-linux-ubuntu14/bin/../riscv64-unknown-elf/lib/rv32imac/ilp32/:/home/tselvam/build_tools/riscv64-unknown-elf-toolchain-10.2.0-2020.12.8-x86_64-linux-ubuntu14/bin/../lib/gcc/riscv64-unknown-elf/10.2.0/:/home/tselvam/build_tools/riscv64-unknown-elf-toolchain-10.2.0-2020.12.8-x86_64-linux-ubuntu14/bin/../lib/gcc/:/home/tselvam/build_tools/riscv64-unknown-elf-toolchain-10.2.0-2020.12.8-x86_64-linux-ubuntu14/bin/../lib/gcc/riscv64-unknown-elf/10.2.0/../../../../riscv64-unknown-elf/lib/:/home/tselvam/build_tools/riscv64-unknown-elf-toolchain-10.2.0-2020.12.8-x86_64-linux-ubuntu14/bin/../riscv64-unknown-elf/lib/
COLLECT_GCC_OPTIONS='-march=rv32imac' '-mabi=ilp32' '-mno-relax' '-std=c11' '-fno-builtin' '-fdata-sections' '-ffunction-sections' '-Wall' '-Wextra' '-Wno-pedantic' '-v' '-o' 'CMakeFiles/cmTC_5fdf5.dir/CMakeCCompilerABI.c.obj' '-c' '-march=rv32imac'
[2/2] Linking C static library libcmTC_5fdf5.a



Parsed C implicit include dir info from above output: rv=done
  found start of include info
  found start of implicit include info
    add: [/home/tselvam/build_tools/riscv64-unknown-elf-toolchain-10.2.0-2020.12.8-x86_64-linux-ubuntu14/bin/../lib/gcc/riscv64-unknown-elf/10.2.0/include]
    add: [/home/tselvam/build_tools/riscv64-unknown-elf-toolchain-10.2.0-2020.12.8-x86_64-linux-ubuntu14/bin/../lib/gcc/riscv64-unknown-elf/10.2.0/include-fixed]
    add: [/home/tselvam/build_tools/riscv64-unknown-elf-toolchain-10.2.0-2020.12.8-x86_64-linux-ubuntu14/bin/../lib/gcc/riscv64-unknown-elf/10.2.0/../../../../riscv64-unknown-elf/include]
  end of search list found
  collapse include dir [/home/tselvam/build_tools/riscv64-unknown-elf-toolchain-10.2.0-2020.12.8-x86_64-linux-ubuntu14/bin/../lib/gcc/riscv64-unknown-elf/10.2.0/include] ==> [/home/tselvam/build_tools/riscv64-unknown-elf-toolchain-10.2.0-2020.12.8-x86_64-linux-ubuntu14/lib/gcc/riscv64-unknown-elf/10.2.0/include]
  collapse include dir [/home/tselvam/build_tools/riscv64-unknown-elf-toolchain-10.2.0-2020.12.8-x86_64-linux-ubuntu14/bin/../lib/gcc/riscv64-unknown-elf/10.2.0/include-fixed] ==> [/home/tselvam/build_tools/riscv64-unknown-elf-toolchain-10.2.0-2020.12.8-x86_64-linux-ubuntu14/lib/gcc/riscv64-unknown-elf/10.2.0/include-fixed]
  collapse include dir [/home/tselvam/build_tools/riscv64-unknown-elf-toolchain-10.2.0-2020.12.8-x86_64-linux-ubuntu14/bin/../lib/gcc/riscv64-unknown-elf/10.2.0/../../../../riscv64-unknown-elf/include] ==> [/home/tselvam/build_tools/riscv64-unknown-elf-toolchain-10.2.0-2020.12.8-x86_64-linux-ubuntu14/riscv64-unknown-elf/include]
  implicit include dirs: [/home/tselvam/build_tools/riscv64-unknown-elf-toolchain-10.2.0-2020.12.8-x86_64-linux-ubuntu14/lib/gcc/riscv64-unknown-elf/10.2.0/include;/home/tselvam/build_tools/riscv64-unknown-elf-toolchain-10.2.0-2020.12.8-x86_64-linux-ubuntu14/lib/gcc/riscv64-unknown-elf/10.2.0/include-fixed;/home/tselvam/build_tools/riscv64-unknown-elf-toolchain-10.2.0-2020.12.8-x86_64-linux-ubuntu14/riscv64-unknown-elf/include]


Parsed C implicit link information from above output:
  link line regex: [^( *|.*[/\])(riscv64-unknown-elf-ld|CMAKE_LINK_STARTFILE-NOTFOUND|([^/\]+-)?ld|collect2)[^/\]*( |$)]
  ignore line: [Change Dir: /home/tselvam/oss-release/azihsm-fw/projects/microsoft/hsp/manticore/sp/build-prod/CMakeFiles/CMakeTmp]
  ignore line: []
  ignore line: [Run Build Command(s):/usr/bin/ninja cmTC_5fdf5 && [1/2] Building C object CMakeFiles/cmTC_5fdf5.dir/CMakeCCompilerABI.c.obj]
  ignore line: [Using built-in specs.]
  ignore line: [COLLECT_GCC=/home/tselvam/build_tools/riscv64-unknown-elf-toolchain-10.2.0-2020.12.8-x86_64-linux-ubuntu14/bin/riscv64-unknown-elf-gcc]
  ignore line: [Target: riscv64-unknown-elf]
  ignore line: [Configured with: /scratch/jenkins/workspace/tpp-freedom-tools/tpp03--build-binary-packages--parameterized/obj/x86_64-linux-ubuntu14/build/riscv64-unknown-elf-gcc/riscv-gcc/configure --target=riscv64-unknown-elf --host=x86_64-linux-gnu --prefix=/scratch/jenkins/workspace/tpp-freedom-tools/tpp03--build-binary-packages--parameterized/obj/x86_64-linux-ubuntu14/install/riscv64-unknown-elf-gcc-10.2.0-2020.12.8-x86_64-linux-ubuntu14 --with-pkgversion='SiFive GCC-Metal 10.2.0-2020.12.8' --with-bugurl=https://github.com/sifive/freedom-tools/issues --disable-shared --disable-threads --enable-languages=c c++ --enable-tls --with-newlib --with-sysroot=/scratch/jenkins/workspace/tpp-freedom-tools/tpp03--build-binary-packages--parameterized/obj/x86_64-linux-ubuntu14/install/riscv64-unknown-elf-gcc-10.2.0-2020.12.8-x86_64-linux-ubuntu14/riscv64-unknown-elf --with-native-system-header-dir=/include --disable-libmudflap --disable-libssp --disable-libquadmath --disable-libgomp --disable-nls --disable-tm-clone-registry --src=../riscv-gcc --with-system-zlib --enable-checking=yes --enable-multilib --with-abi=lp64d --with-arch=rv64imafdc CFLAGS=-O2 CXXFLAGS=-O2 'CFLAGS_FOR_TARGET=-Os -mcmodel=medany' 'CXXFLAGS_FOR_TARGET=-Os -mcmodel=medany']
  ignore line: [Thread model: single]
  ignore line: [Supported LTO compression algorithms: zlib]
  ignore line: [gcc version 10.2.0 (SiFive GCC-Metal 10.2.0-2020.12.8) ]
  ignore line: [COLLECT_GCC_OPTIONS='-march=rv32imac' '-mabi=ilp32' '-mno-relax' '-std=c11' '-fno-builtin' '-fdata-sections' '-ffunction-sections' '-Wall' '-Wextra' '-Wno-pedantic' '-v' '-o' 'CMakeFiles/cmTC_5fdf5.dir/CMakeCCompilerABI.c.obj' '-c' '-march=rv32imac']
  ignore line: [ /home/tselvam/build_tools/riscv64-unknown-elf-toolchain-10.2.0-2020.12.8-x86_64-linux-ubuntu14/bin/../libexec/gcc/riscv64-unknown-elf/10.2.0/cc1 -quiet -v -imultilib rv32imac/ilp32 -iprefix /home/tselvam/build_tools/riscv64-unknown-elf-toolchain-10.2.0-2020.12.8-x86_64-linux-ubuntu14/bin/../lib/gcc/riscv64-unknown-elf/10.2.0/ -isysroot /home/tselvam/build_tools/riscv64-unknown-elf-toolchain-10.2.0-2020.12.8-x86_64-linux-ubuntu14/bin/../riscv64-unknown-elf /usr/share/cmake-3.22/Modules/CMakeCCompilerABI.c -quiet -dumpbase CMakeCCompilerABI.c -march=rv32imac -mabi=ilp32 -mno-relax -march=rv32imac -auxbase-strip CMakeFiles/cmTC_5fdf5.dir/CMakeCCompilerABI.c.obj -Wall -Wextra -Wno-pedantic -std=c11 -version -fno-builtin -fdata-sections -ffunction-sections -o /tmp/ccam9nm6.s]
  ignore line: [GNU C11 (SiFive GCC-Metal 10.2.0-2020.12.8) version 10.2.0 (riscv64-unknown-elf)]
  ignore line: [	compiled by GNU C version 5.4.0 20160609  GMP version 6.1.0  MPFR version 3.1.4  MPC version 1.0.3  isl version isl-0.18-GMP]
  ignore line: []
  ignore line: [GGC heuristics: --param ggc-min-expand=30 --param ggc-min-heapsize=4096]
  ignore line: [ignoring duplicate directory "/home/tselvam/build_tools/riscv64-unknown-elf-toolchain-10.2.0-2020.12.8-x86_64-linux-ubuntu14/bin/../lib/gcc/../../lib/gcc/riscv64-unknown-elf/10.2.0/include"]
  ignore line: [ignoring nonexistent directory "/home/tselvam/build_tools/riscv64-unknown-elf-toolchain-10.2.0-2020.12.8-x86_64-linux-ubuntu14/bin/../riscv64-unknown-elf/usr/local/include"]
  ignore line: [ignoring duplicate directory "/home/tselvam/build_tools/riscv64-unknown-elf-toolchain-10.2.0-2020.12.8-x86_64-linux-ubuntu14/bin/../lib/gcc/../../lib/gcc/riscv64-unknown-elf/10.2.0/include-fixed"]
  ignore line: [ignoring duplicate directory "/home/tselvam/build_tools/riscv64-unknown-elf-toolchain-10.2.0-2020.12.8-x86_64-linux-ubuntu14/bin/../lib/gcc/../../lib/gcc/riscv64-unknown-elf/10.2.0/../../../../riscv64-unknown-elf/include"]
  ignore line: [ignoring duplicate directory "/home/tselvam/build_tools/riscv64-unknown-elf-toolchain-10.2.0-2020.12.8-x86_64-linux-ubuntu14/bin/../riscv64-unknown-elf/include"]
  ignore line: [#include "..." search starts here:]
  ignore line: [#include <...> search starts here:]
  ignore line: [ /home/tselvam/build_tools/riscv64-unknown-elf-toolchain-10.2.0-2020.12.8-x86_64-linux-ubuntu14/bin/../lib/gcc/riscv64-unknown-elf/10.2.0/include]
  ignore line: [ /home/tselvam/build_tools/riscv64-unknown-elf-toolchain-10.2.0-2020.12.8-x86_64-linux-ubuntu14/bin/../lib/gcc/riscv64-unknown-elf/10.2.0/include-fixed]
  ignore line: [ /home/tselvam/build_tools/riscv64-unknown-elf-toolchain-10.2.0-2020.12.8-x86_64-linux-ubuntu14/bin/../lib/gcc/riscv64-unknown-elf/10.2.0/../../../../riscv64-unknown-elf/include]
  ignore line: [End of search list.]
  ignore line: [GNU C11 (SiFive GCC-Metal 10.2.0-2020.12.8) version 10.2.0 (riscv64-unknown-elf)]
  ignore line: [	compiled by GNU C version 5.4.0 20160609  GMP version 6.1.0  MPFR version 3.1.4  MPC version 1.0.3  isl version isl-0.18-GMP]
  ignore line: []
  ignore line: [GGC heuristics: --param ggc-min-expand=30 --param ggc-min-heapsize=4096]
  ignore line: [Compiler executable checksum: 60d252ed314f9b710cd503352129ad1f]
  ignore line: [COLLECT_GCC_OPTIONS='-march=rv32imac' '-mabi=ilp32' '-mno-relax' '-std=c11' '-fno-builtin' '-fdata-sections' '-ffunction-sections' '-Wall' '-Wextra' '-Wno-pedantic' '-v' '-o' 'CMakeFiles/cmTC_5fdf5.dir/CMakeCCompilerABI.c.obj' '-c' '-march=rv32imac']
  ignore line: [ /home/tselvam/build_tools/riscv64-unknown-elf-toolchain-10.2.0-2020.12.8-x86_64-linux-ubuntu14/bin/../lib/gcc/riscv64-unknown-elf/10.2.0/../../../../riscv64-unknown-elf/bin/as -v --traditional-format -march=rv32imac -march=rv32imac -mabi=ilp32 -o CMakeFiles/cmTC_5fdf5.dir/CMakeCCompilerABI.c.obj /tmp/ccam9nm6.s]
  ignore line: [GNU assembler version 2.35 (riscv64-unknown-elf) using BFD version (SiFive Binutils-Metal 2.35.0-2020.12.8) 2.35]
  ignore line: [COMPILER_PATH=/home/tselvam/build_tools/riscv64-unknown-elf-toolchain-10.2.0-2020.12.8-x86_64-linux-ubuntu14/bin/../libexec/gcc/riscv64-unknown-elf/10.2.0/:/home/tselvam/build_tools/riscv64-unknown-elf-toolchain-10.2.0-2020.12.8-x86_64-linux-ubuntu14/bin/../libexec/gcc/:/home/tselvam/build_tools/riscv64-unknown-elf-toolchain-10.2.0-2020.12.8-x86_64-linux-ubuntu14/bin/../lib/gcc/riscv64-unknown-elf/10.2.0/../../../../riscv64-unknown-elf/bin/]
  ignore line: [LIBRARY_PATH=/home/tselvam/build_tools/riscv64-unknown-elf-toolchain-10.2.0-2020.12.8-x86_64-linux-ubuntu14/bin/../lib/gcc/riscv64-unknown-elf/10.2.0/rv32imac/ilp32/:/home/tselvam/build_tools/riscv64-unknown-elf-toolchain-10.2.0-2020.12.8-x86_64-linux-ubuntu14/bin/../lib/gcc/riscv64-unknown-elf/10.2.0/../../../../riscv64-unknown-elf/lib/rv32imac/ilp32/:/home/tselvam/build_tools/riscv64-unknown-elf-toolchain-10.2.0-2020.12.8-x86_64-linux-ubuntu14/bin/../riscv64-unknown-elf/lib/rv32imac/ilp32/:/home/tselvam/build_tools/riscv64-unknown-elf-toolchain-10.2.0-2020.12.8-x86_64-linux-ubuntu14/bin/../lib/gcc/riscv64-unknown-elf/10.2.0/:/home/tselvam/build_tools/riscv64-unknown-elf-toolchain-10.2.0-2020.12.8-x86_64-linux-ubuntu14/bin/../lib/gcc/:/home/tselvam/build_tools/riscv64-unknown-elf-toolchain-10.2.0-2020.12.8-x86_64-linux-ubuntu14/bin/../lib/gcc/riscv64-unknown-elf/10.2.0/../../../../riscv64-unknown-elf/lib/:/home/tselvam/build_tools/riscv64-unknown-elf-toolchain-10.2.0-2020.12.8-x86_64-linux-ubuntu14/bin/../riscv64-unknown-elf/lib/]
  ignore line: [COLLECT_GCC_OPTIONS='-march=rv32imac' '-mabi=ilp32' '-mno-relax' '-std=c11' '-fno-builtin' '-fdata-sections' '-ffunction-sections' '-Wall' '-Wextra' '-Wno-pedantic' '-v' '-o' 'CMakeFiles/cmTC_5fdf5.dir/CMakeCCompilerABI.c.obj' '-c' '-march=rv32imac']
  ignore line: [[2/2] Linking C static library libcmTC_5fdf5.a]
  ignore line: []
  ignore line: []
  implicit libs: []
  implicit objs: []
  implicit dirs: []
  implicit fwks: []


The target system is: Generic - 1 - riscv32
The host system is: Linux - 6.6.87.2-microsoft-standard-WSL2 - x86_64
Compiling the C compiler identification source file "CMakeCCompilerId.c" succeeded.
Compiler: /home/tselvam/build_tools/riscv64-unknown-elf-toolchain-10.2.0-2020.12.8-x86_64-linux-ubuntu14/bin/riscv64-unknown-elf-gcc 
Build flags: -march=rv32imac;-mabi=ilp32;-mno-relax;-std=c11;-fno-builtin;-fdata-sections;-ffunction-sections;-Wall;-Wextra;-pedantic;-Werror;-g;-Wno-pedantic
Id flags:  

The output was:
0


Compilation of the C compiler identification source "CMakeCCompilerId.c" produced "a.out"

The C compiler identification is GNU, found in "/home/tselvam/oss-release/azihsm-fw/projects/microsoft/hsp/manticore/sp/build-prod/CMakeFiles/3.22.1/CompilerIdC/a.out"

Checking whether the ASM compiler is GNU using "--version" matched "(GNU assembler)|(GCC)|(Free Software Foundation)":
riscv64-unknown-elf-gcc (SiFive GCC-Metal 10.2.0-2020.12.8) 10.2.0
Copyright (C) 2020 Free Software Foundation, Inc.
This is free software; see the source for copying conditions.  There is NO
warranty; not even for MERCHANTABILITY or FITNESS FOR A PARTICULAR PURPOSE.

Detecting C compiler ABI info compiled with the following output:
Change Dir: /home/tselvam/oss-release/azihsm-fw/projects/microsoft/hsp/manticore/sp/build-prod/CMakeFiles/CMakeTmp

Run Build Command(s):/usr/bin/ninja cmTC_1012e && [1/2] Building C object CMakeFiles/cmTC_1012e.dir/CMakeCCompilerABI.c.obj
Using built-in specs.
COLLECT_GCC=/home/tselvam/build_tools/riscv64-unknown-elf-toolchain-10.2.0-2020.12.8-x86_64-linux-ubuntu14/bin/riscv64-unknown-elf-gcc
Target: riscv64-unknown-elf
Configured with: /scratch/jenkins/workspace/tpp-freedom-tools/tpp03--build-binary-packages--parameterized/obj/x86_64-linux-ubuntu14/build/riscv64-unknown-elf-gcc/riscv-gcc/configure --target=riscv64-unknown-elf --host=x86_64-linux-gnu --prefix=/scratch/jenkins/workspace/tpp-freedom-tools/tpp03--build-binary-packages--parameterized/obj/x86_64-linux-ubuntu14/install/riscv64-unknown-elf-gcc-10.2.0-2020.12.8-x86_64-linux-ubuntu14 --with-pkgversion='SiFive GCC-Metal 10.2.0-2020.12.8' --with-bugurl=https://github.com/sifive/freedom-tools/issues --disable-shared --disable-threads --enable-languages=c,c++ --enable-tls --with-newlib --with-sysroot=/scratch/jenkins/workspace/tpp-freedom-tools/tpp03--build-binary-packages--parameterized/obj/x86_64-linux-ubuntu14/install/riscv64-unknown-elf-gcc-10.2.0-2020.12.8-x86_64-linux-ubuntu14/riscv64-unknown-elf --with-native-system-header-dir=/include --disable-libmudflap --disable-libssp --disable-libquadmath --disable-libgomp --disable-nls --disable-tm-clone-registry --src=../riscv-gcc --with-system-zlib --enable-checking=yes --enable-multilib --with-abi=lp64d --with-arch=rv64imafdc CFLAGS=-O2 CXXFLAGS=-O2 'CFLAGS_FOR_TARGET=-Os -mcmodel=medany' 'CXXFLAGS_FOR_TARGET=-Os -mcmodel=medany'
Thread model: single
Supported LTO compression algorithms: zlib
gcc version 10.2.0 (SiFive GCC-Metal 10.2.0-2020.12.8) 
COLLECT_GCC_OPTIONS='-march=rv32imac' '-mabi=ilp32' '-mno-relax' '-std=c11' '-fno-builtin' '-fdata-sections' '-ffunction-sections' '-Wall' '-Wextra' '-Wno-pedantic' '-v' '-o' 'CMakeFiles/cmTC_1012e.dir/CMakeCCompilerABI.c.obj' '-c' '-march=rv32imac'
 /home/tselvam/build_tools/riscv64-unknown-elf-toolchain-10.2.0-2020.12.8-x86_64-linux-ubuntu14/bin/../libexec/gcc/riscv64-unknown-elf/10.2.0/cc1 -quiet -v -imultilib rv32imac/ilp32 -iprefix /home/tselvam/build_tools/riscv64-unknown-elf-toolchain-10.2.0-2020.12.8-x86_64-linux-ubuntu14/bin/../lib/gcc/riscv64-unknown-elf/10.2.0/ -isysroot /home/tselvam/build_tools/riscv64-unknown-elf-toolchain-10.2.0-2020.12.8-x86_64-linux-ubuntu14/bin/../riscv64-unknown-elf /usr/share/cmake-3.22/Modules/CMakeCCompilerABI.c -quiet -dumpbase CMakeCCompilerABI.c -march=rv32imac -mabi=ilp32 -mno-relax -march=rv32imac -auxbase-strip CMakeFiles/cmTC_1012e.dir/CMakeCCompilerABI.c.obj -Wall -Wextra -Wno-pedantic -std=c11 -version -fno-builtin -fdata-sections -ffunction-sections -o /tmp/ccmpUL7C.s
GNU C11 (SiFive GCC-Metal 10.2.0-2020.12.8) version 10.2.0 (riscv64-unknown-elf)
	compiled by GNU C version 5.4.0 20160609, GMP version 6.1.0, MPFR version 3.1.4, MPC version 1.0.3, isl version isl-0.18-GMP

GGC heuristics: --param ggc-min-expand=30 --param ggc-min-heapsize=4096
ignoring duplicate directory "/home/tselvam/build_tools/riscv64-unknown-elf-toolchain-10.2.0-2020.12.8-x86_64-linux-ubuntu14/bin/../lib/gcc/../../lib/gcc/riscv64-unknown-elf/10.2.0/include"
ignoring nonexistent directory "/home/tselvam/build_tools/riscv64-unknown-elf-toolchain-10.2.0-2020.12.8-x86_64-linux-ubuntu14/bin/../riscv64-unknown-elf/usr/local/include"
ignoring duplicate directory "/home/tselvam/build_tools/riscv64-unknown-elf-toolchain-10.2.0-2020.12.8-x86_64-linux-ubuntu14/bin/../lib/gcc/../../lib/gcc/riscv64-unknown-elf/10.2.0/include-fixed"
ignoring duplicate directory "/home/tselvam/build_tools/riscv64-unknown-elf-toolchain-10.2.0-2020.12.8-x86_64-linux-ubuntu14/bin/../lib/gcc/../../lib/gcc/riscv64-unknown-elf/10.2.0/../../../../riscv64-unknown-elf/include"
ignoring duplicate directory "/home/tselvam/build_tools/riscv64-unknown-elf-toolchain-10.2.0-2020.12.8-x86_64-linux-ubuntu14/bin/../riscv64-unknown-elf/include"
#include "..." search starts here:
#include <...> search starts here:
 /home/tselvam/build_tools/riscv64-unknown-elf-toolchain-10.2.0-2020.12.8-x86_64-linux-ubuntu14/bin/../lib/gcc/riscv64-unknown-elf/10.2.0/include
 /home/tselvam/build_tools/riscv64-unknown-elf-toolchain-10.2.0-2020.12.8-x86_64-linux-ubuntu14/bin/../lib/gcc/riscv64-unknown-elf/10.2.0/include-fixed
 /home/tselvam/build_tools/riscv64-unknown-elf-toolchain-10.2.0-2020.12.8-x86_64-linux-ubuntu14/bin/../lib/gcc/riscv64-unknown-elf/10.2.0/../../../../riscv64-unknown-elf/include
End of search list.
GNU C11 (SiFive GCC-Metal 10.2.0-2020.12.8) version 10.2.0 (riscv64-unknown-elf)
	compiled by GNU C version 5.4.0 20160609, GMP version 6.1.0, MPFR version 3.1.4, MPC version 1.0.3, isl version isl-0.18-GMP

GGC heuristics: --param ggc-min-expand=30 --param ggc-min-heapsize=4096
Compiler executable checksum: 60d252ed314f9b710cd503352129ad1f
COLLECT_GCC_OPTIONS='-march=rv32imac' '-mabi=ilp32' '-mno-relax' '-std=c11' '-fno-builtin' '-fdata-sections' '-ffunction-sections' '-Wall' '-Wextra' '-Wno-pedantic' '-v' '-o' 'CMakeFiles/cmTC_1012e.dir/CMakeCCompilerABI.c.obj' '-c' '-march=rv32imac'
 /home/tselvam/build_tools/riscv64-unknown-elf-toolchain-10.2.0-2020.12.8-x86_64-linux-ubuntu14/bin/../lib/gcc/riscv64-unknown-elf/10.2.0/../../../../riscv64-unknown-elf/bin/as -v --traditional-format -march=rv32imac -march=rv32imac -mabi=ilp32 -o CMakeFiles/cmTC_1012e.dir/CMakeCCompilerABI.c.obj /tmp/ccmpUL7C.s
GNU assembler version 2.35 (riscv64-unknown-elf) using BFD version (SiFive Binutils-Metal 2.35.0-2020.12.8) 2.35
COMPILER_PATH=/home/tselvam/build_tools/riscv64-unknown-elf-toolchain-10.2.0-2020.12.8-x86_64-linux-ubuntu14/bin/../libexec/gcc/riscv64-unknown-elf/10.2.0/:/home/tselvam/build_tools/riscv64-unknown-elf-toolchain-10.2.0-2020.12.8-x86_64-linux-ubuntu14/bin/../libexec/gcc/:/home/tselvam/build_tools/riscv64-unknown-elf-toolchain-10.2.0-2020.12.8-x86_64-linux-ubuntu14/bin/../lib/gcc/riscv64-unknown-elf/10.2.0/../../../../riscv64-unknown-elf/bin/
LIBRARY_PATH=/home/tselvam/build_tools/riscv64-unknown-elf-toolchain-10.2.0-2020.12.8-x86_64-linux-ubuntu14/bin/../lib/gcc/riscv64-unknown-elf/10.2.0/rv32imac/ilp32/:/home/tselvam/build_tools/riscv64-unknown-elf-toolchain-10.2.0-2020.12.8-x86_64-linux-ubuntu14/bin/../lib/gcc/riscv64-unknown-elf/10.2.0/../../../../riscv64-unknown-elf/lib/rv32imac/ilp32/:/home/tselvam/build_tools/riscv64-unknown-elf-toolchain-10.2.0-2020.12.8-x86_64-linux-ubuntu14/bin/../riscv64-unknown-elf/lib/rv32imac/ilp32/:/home/tselvam/build_tools/riscv64-unknown-elf-toolchain-10.2.0-2020.12.8-x86_64-linux-ubuntu14/bin/../lib/gcc/riscv64-unknown-elf/10.2.0/:/home/tselvam/build_tools/riscv64-unknown-elf-toolchain-10.2.0-2020.12.8-x86_64-linux-ubuntu14/bin/../lib/gcc/:/home/tselvam/build_tools/riscv64-unknown-elf-toolchain-10.2.0-2020.12.8-x86_64-linux-ubuntu14/bin/../lib/gcc/riscv64-unknown-elf/10.2.0/../../../../riscv64-unknown-elf/lib/:/home/tselvam/build_tools/riscv64-unknown-elf-toolchain-10.2.0-2020.12.8-x86_64-linux-ubuntu14/bin/../riscv64-unknown-elf/lib/
COLLECT_GCC_OPTIONS='-march=rv32imac' '-mabi=ilp32' '-mno-relax' '-std=c11' '-fno-builtin' '-fdata-sections' '-ffunction-sections' '-Wall' '-Wextra' '-Wno-pedantic' '-v' '-o' 'CMakeFiles/cmTC_1012e.dir/CMakeCCompilerABI.c.obj' '-c' '-march=rv32imac'
[2/2] Linking C static library libcmTC_1012e.a



Parsed C implicit include dir info from above output: rv=done
  found start of include info
  found start of implicit include info
    add: [/home/tselvam/build_tools/riscv64-unknown-elf-toolchain-10.2.0-2020.12.8-x86_64-linux-ubuntu14/bin/../lib/gcc/riscv64-unknown-elf/10.2.0/include]
    add: [/home/tselvam/build_tools/riscv64-unknown-elf-toolchain-10.2.0-2020.12.8-x86_64-linux-ubuntu14/bin/../lib/gcc/riscv64-unknown-elf/10.2.0/include-fixed]
    add: [/home/tselvam/build_tools/riscv64-unknown-elf-toolchain-10.2.0-2020.12.8-x86_64-linux-ubuntu14/bin/../lib/gcc/riscv64-unknown-elf/10.2.0/../../../../riscv64-unknown-elf/include]
  end of search list found
  collapse include dir [/home/tselvam/build_tools/riscv64-unknown-elf-toolchain-10.2.0-2020.12.8-x86_64-linux-ubuntu14/bin/../lib/gcc/riscv64-unknown-elf/10.2.0/include] ==> [/home/tselvam/build_tools/riscv64-unknown-elf-toolchain-10.2.0-2020.12.8-x86_64-linux-ubuntu14/lib/gcc/riscv64-unknown-elf/10.2.0/include]
  collapse include dir [/home/tselvam/build_tools/riscv64-unknown-elf-toolchain-10.2.0-2020.12.8-x86_64-linux-ubuntu14/bin/../lib/gcc/riscv64-unknown-elf/10.2.0/include-fixed] ==> [/home/tselvam/build_tools/riscv64-unknown-elf-toolchain-10.2.0-2020.12.8-x86_64-linux-ubuntu14/lib/gcc/riscv64-unknown-elf/10.2.0/include-fixed]
  collapse include dir [/home/tselvam/build_tools/riscv64-unknown-elf-toolchain-10.2.0-2020.12.8-x86_64-linux-ubuntu14/bin/../lib/gcc/riscv64-unknown-elf/10.2.0/../../../../riscv64-unknown-elf/include] ==> [/home/tselvam/build_tools/riscv64-unknown-elf-toolchain-10.2.0-2020.12.8-x86_64-linux-ubuntu14/riscv64-unknown-elf/include]
  implicit include dirs: [/home/tselvam/build_tools/riscv64-unknown-elf-toolchain-10.2.0-2020.12.8-x86_64-linux-ubuntu14/lib/gcc/riscv64-unknown-elf/10.2.0/include;/home/tselvam/build_tools/riscv64-unknown-elf-toolchain-10.2.0-2020.12.8-x86_64-linux-ubuntu14/lib/gcc/riscv64-unknown-elf/10.2.0/include-fixed;/home/tselvam/build_tools/riscv64-unknown-elf-toolchain-10.2.0-2020.12.8-x86_64-linux-ubuntu14/riscv64-unknown-elf/include]


Parsed C implicit link information from above output:
  link line regex: [^( *|.*[/\])(riscv64-unknown-elf-ld|CMAKE_LINK_STARTFILE-NOTFOUND|([^/\]+-)?ld|collect2)[^/\]*( |$)]
  ignore line: [Change Dir: /home/tselvam/oss-release/azihsm-fw/projects/microsoft/hsp/manticore/sp/build-prod/CMakeFiles/CMakeTmp]
  ignore line: []
  ignore line: [Run Build Command(s):/usr/bin/ninja cmTC_1012e && [1/2] Building C object CMakeFiles/cmTC_1012e.dir/CMakeCCompilerABI.c.obj]
  ignore line: [Using built-in specs.]
  ignore line: [COLLECT_GCC=/home/tselvam/build_tools/riscv64-unknown-elf-toolchain-10.2.0-2020.12.8-x86_64-linux-ubuntu14/bin/riscv64-unknown-elf-gcc]
  ignore line: [Target: riscv64-unknown-elf]
  ignore line: [Configured with: /scratch/jenkins/workspace/tpp-freedom-tools/tpp03--build-binary-packages--parameterized/obj/x86_64-linux-ubuntu14/build/riscv64-unknown-elf-gcc/riscv-gcc/configure --target=riscv64-unknown-elf --host=x86_64-linux-gnu --prefix=/scratch/jenkins/workspace/tpp-freedom-tools/tpp03--build-binary-packages--parameterized/obj/x86_64-linux-ubuntu14/install/riscv64-unknown-elf-gcc-10.2.0-2020.12.8-x86_64-linux-ubuntu14 --with-pkgversion='SiFive GCC-Metal 10.2.0-2020.12.8' --with-bugurl=https://github.com/sifive/freedom-tools/issues --disable-shared --disable-threads --enable-languages=c c++ --enable-tls --with-newlib --with-sysroot=/scratch/jenkins/workspace/tpp-freedom-tools/tpp03--build-binary-packages--parameterized/obj/x86_64-linux-ubuntu14/install/riscv64-unknown-elf-gcc-10.2.0-2020.12.8-x86_64-linux-ubuntu14/riscv64-unknown-elf --with-native-system-header-dir=/include --disable-libmudflap --disable-libssp --disable-libquadmath --disable-libgomp --disable-nls --disable-tm-clone-registry --src=../riscv-gcc --with-system-zlib --enable-checking=yes --enable-multilib --with-abi=lp64d --with-arch=rv64imafdc CFLAGS=-O2 CXXFLAGS=-O2 'CFLAGS_FOR_TARGET=-Os -mcmodel=medany' 'CXXFLAGS_FOR_TARGET=-Os -mcmodel=medany']
  ignore line: [Thread model: single]
  ignore line: [Supported LTO compression algorithms: zlib]
  ignore line: [gcc version 10.2.0 (SiFive GCC-Metal 10.2.0-2020.12.8) ]
  ignore line: [COLLECT_GCC_OPTIONS='-march=rv32imac' '-mabi=ilp32' '-mno-relax' '-std=c11' '-fno-builtin' '-fdata-sections' '-ffunction-sections' '-Wall' '-Wextra' '-Wno-pedantic' '-v' '-o' 'CMakeFiles/cmTC_1012e.dir/CMakeCCompilerABI.c.obj' '-c' '-march=rv32imac']
  ignore line: [ /home/tselvam/build_tools/riscv64-unknown-elf-toolchain-10.2.0-2020.12.8-x86_64-linux-ubuntu14/bin/../libexec/gcc/riscv64-unknown-elf/10.2.0/cc1 -quiet -v -imultilib rv32imac/ilp32 -iprefix /home/tselvam/build_tools/riscv64-unknown-elf-toolchain-10.2.0-2020.12.8-x86_64-linux-ubuntu14/bin/../lib/gcc/riscv64-unknown-elf/10.2.0/ -isysroot /home/tselvam/build_tools/riscv64-unknown-elf-toolchain-10.2.0-2020.12.8-x86_64-linux-ubuntu14/bin/../riscv64-unknown-elf /usr/share/cmake-3.22/Modules/CMakeCCompilerABI.c -quiet -dumpbase CMakeCCompilerABI.c -march=rv32imac -mabi=ilp32 -mno-relax -march=rv32imac -auxbase-strip CMakeFiles/cmTC_1012e.dir/CMakeCCompilerABI.c.obj -Wall -Wextra -Wno-pedantic -std=c11 -version -fno-builtin -fdata-sections -ffunction-sections -o /tmp/ccmpUL7C.s]
  ignore line: [GNU C11 (SiFive GCC-Metal 10.2.0-2020.12.8) version 10.2.0 (riscv64-unknown-elf)]
  ignore line: [	compiled by GNU C version 5.4.0 20160609  GMP version 6.1.0  MPFR version 3.1.4  MPC version 1.0.3  isl version isl-0.18-GMP]
  ignore line: []
  ignore line: [GGC heuristics: --param ggc-min-expand=30 --param ggc-min-heapsize=4096]
  ignore line: [ignoring duplicate directory "/home/tselvam/build_tools/riscv64-unknown-elf-toolchain-10.2.0-2020.12.8-x86_64-linux-ubuntu14/bin/../lib/gcc/../../lib/gcc/riscv64-unknown-elf/10.2.0/include"]
  ignore line: [ignoring nonexistent directory "/home/tselvam/build_tools/riscv64-unknown-elf-toolchain-10.2.0-2020.12.8-x86_64-linux-ubuntu14/bin/../riscv64-unknown-elf/usr/local/include"]
  ignore line: [ignoring duplicate directory "/home/tselvam/build_tools/riscv64-unknown-elf-toolchain-10.2.0-2020.12.8-x86_64-linux-ubuntu14/bin/../lib/gcc/../../lib/gcc/riscv64-unknown-elf/10.2.0/include-fixed"]
  ignore line: [ignoring duplicate directory "/home/tselvam/build_tools/riscv64-unknown-elf-toolchain-10.2.0-2020.12.8-x86_64-linux-ubuntu14/bin/../lib/gcc/../../lib/gcc/riscv64-unknown-elf/10.2.0/../../../../riscv64-unknown-elf/include"]
  ignore line: [ignoring duplicate directory "/home/tselvam/build_tools/riscv64-unknown-elf-toolchain-10.2.0-2020.12.8-x86_64-linux-ubuntu14/bin/../riscv64-unknown-elf/include"]
  ignore line: [#include "..." search starts here:]
  ignore line: [#include <...> search starts here:]
  ignore line: [ /home/tselvam/build_tools/riscv64-unknown-elf-toolchain-10.2.0-2020.12.8-x86_64-linux-ubuntu14/bin/../lib/gcc/riscv64-unknown-elf/10.2.0/include]
  ignore line: [ /home/tselvam/build_tools/riscv64-unknown-elf-toolchain-10.2.0-2020.12.8-x86_64-linux-ubuntu14/bin/../lib/gcc/riscv64-unknown-elf/10.2.0/include-fixed]
  ignore line: [ /home/tselvam/build_tools/riscv64-unknown-elf-toolchain-10.2.0-2020.12.8-x86_64-linux-ubuntu14/bin/../lib/gcc/riscv64-unknown-elf/10.2.0/../../../../riscv64-unknown-elf/include]
  ignore line: [End of search list.]
  ignore line: [GNU C11 (SiFive GCC-Metal 10.2.0-2020.12.8) version 10.2.0 (riscv64-unknown-elf)]
  ignore line: [	compiled by GNU C version 5.4.0 20160609  GMP version 6.1.0  MPFR version 3.1.4  MPC version 1.0.3  isl version isl-0.18-GMP]
  ignore line: []
  ignore line: [GGC heuristics: --param ggc-min-expand=30 --param ggc-min-heapsize=4096]
  ignore line: [Compiler executable checksum: 60d252ed314f9b710cd503352129ad1f]
  ignore line: [COLLECT_GCC_OPTIONS='-march=rv32imac' '-mabi=ilp32' '-mno-relax' '-std=c11' '-fno-builtin' '-fdata-sections' '-ffunction-sections' '-Wall' '-Wextra' '-Wno-pedantic' '-v' '-o' 'CMakeFiles/cmTC_1012e.dir/CMakeCCompilerABI.c.obj' '-c' '-march=rv32imac']
  ignore line: [ /home/tselvam/build_tools/riscv64-unknown-elf-toolchain-10.2.0-2020.12.8-x86_64-linux-ubuntu14/bin/../lib/gcc/riscv64-unknown-elf/10.2.0/../../../../riscv64-unknown-elf/bin/as -v --traditional-format -march=rv32imac -march=rv32imac -mabi=ilp32 -o CMakeFiles/cmTC_1012e.dir/CMakeCCompilerABI.c.obj /tmp/ccmpUL7C.s]
  ignore line: [GNU assembler version 2.35 (riscv64-unknown-elf) using BFD version (SiFive Binutils-Metal 2.35.0-2020.12.8) 2.35]
  ignore line: [COMPILER_PATH=/home/tselvam/build_tools/riscv64-unknown-elf-toolchain-10.2.0-2020.12.8-x86_64-linux-ubuntu14/bin/../libexec/gcc/riscv64-unknown-elf/10.2.0/:/home/tselvam/build_tools/riscv64-unknown-elf-toolchain-10.2.0-2020.12.8-x86_64-linux-ubuntu14/bin/../libexec/gcc/:/home/tselvam/build_tools/riscv64-unknown-elf-toolchain-10.2.0-2020.12.8-x86_64-linux-ubuntu14/bin/../lib/gcc/riscv64-unknown-elf/10.2.0/../../../../riscv64-unknown-elf/bin/]
  ignore line: [LIBRARY_PATH=/home/tselvam/build_tools/riscv64-unknown-elf-toolchain-10.2.0-2020.12.8-x86_64-linux-ubuntu14/bin/../lib/gcc/riscv64-unknown-elf/10.2.0/rv32imac/ilp32/:/home/tselvam/build_tools/riscv64-unknown-elf-toolchain-10.2.0-2020.12.8-x86_64-linux-ubuntu14/bin/../lib/gcc/riscv64-unknown-elf/10.2.0/../../../../riscv64-unknown-elf/lib/rv32imac/ilp32/:/home/tselvam/build_tools/riscv64-unknown-elf-toolchain-10.2.0-2020.12.8-x86_64-linux-ubuntu14/bin/../riscv64-unknown-elf/lib/rv32imac/ilp32/:/home/tselvam/build_tools/riscv64-unknown-elf-toolchain-10.2.0-2020.12.8-x86_64-linux-ubuntu14/bin/../lib/gcc/riscv64-unknown-elf/10.2.0/:/home/tselvam/build_tools/riscv64-unknown-elf-toolchain-10.2.0-2020.12.8-x86_64-linux-ubuntu14/bin/../lib/gcc/:/home/tselvam/build_tools/riscv64-unknown-elf-toolchain-10.2.0-2020.12.8-x86_64-linux-ubuntu14/bin/../lib/gcc/riscv64-unknown-elf/10.2.0/../../../../riscv64-unknown-elf/lib/:/home/tselvam/build_tools/riscv64-unknown-elf-toolchain-10.2.0-2020.12.8-x86_64-linux-ubuntu14/bin/../riscv64-unknown-elf/lib/]
  ignore line: [COLLECT_GCC_OPTIONS='-march=rv32imac' '-mabi=ilp32' '-mno-relax' '-std=c11' '-fno-builtin' '-fdata-sections' '-ffunction-sections' '-Wall' '-Wextra' '-Wno-pedantic' '-v' '-o' 'CMakeFiles/cmTC_1012e.dir/CMakeCCompilerABI.c.obj' '-c' '-march=rv32imac']
  ignore line: [[2/2] Linking C static library libcmTC_1012e.a]
  ignore line: []
  ignore line: []
  implicit libs: []
  implicit objs: []
  implicit dirs: []
  implicit fwks: []


The target system is: Generic - 1 - riscv32
The host system is: Linux - 6.6.87.2-microsoft-standard-WSL2 - x86_64
Compiling the C compiler identification source file "CMakeCCompilerId.c" succeeded.
Compiler: /home/tselvam/build_tools/riscv64-unknown-elf-toolchain-10.2.0-2020.12.8-x86_64-linux-ubuntu14/bin/riscv64-unknown-elf-gcc 
Build flags: -march=rv32imac;-mabi=ilp32;-mno-relax;-std=c11;-fno-builtin;-fdata-sections;-ffunction-sections;-Wall;-Wextra;-pedantic;-Werror;-g;-Wno-pedantic
Id flags:  

The output was:
0


Compilation of the C compiler identification source "CMakeCCompilerId.c" produced "a.out"

The C compiler identification is GNU, found in "/home/tselvam/oss-release/azihsm-fw/projects/microsoft/hsp/manticore/sp/build-prod/CMakeFiles/3.22.1/CompilerIdC/a.out"

Checking whether the ASM compiler is GNU using "--version" matched "(GNU assembler)|(GCC)|(Free Software Foundation)":
riscv64-unknown-elf-gcc (SiFive GCC-Metal 10.2.0-2020.12.8) 10.2.0
Copyright (C) 2020 Free Software Foundation, Inc.
This is free software; see the source for copying conditions.  There is NO
warranty; not even for MERCHANTABILITY or FITNESS FOR A PARTICULAR PURPOSE.

Detecting C compiler ABI info compiled with the following output:
Change Dir: /home/tselvam/oss-release/azihsm-fw/projects/microsoft/hsp/manticore/sp/build-prod/CMakeFiles/CMakeTmp

Run Build Command(s):/usr/bin/ninja cmTC_8235b && [1/2] Building C object CMakeFiles/cmTC_8235b.dir/CMakeCCompilerABI.c.obj
Using built-in specs.
COLLECT_GCC=/home/tselvam/build_tools/riscv64-unknown-elf-toolchain-10.2.0-2020.12.8-x86_64-linux-ubuntu14/bin/riscv64-unknown-elf-gcc
Target: riscv64-unknown-elf
Configured with: /scratch/jenkins/workspace/tpp-freedom-tools/tpp03--build-binary-packages--parameterized/obj/x86_64-linux-ubuntu14/build/riscv64-unknown-elf-gcc/riscv-gcc/configure --target=riscv64-unknown-elf --host=x86_64-linux-gnu --prefix=/scratch/jenkins/workspace/tpp-freedom-tools/tpp03--build-binary-packages--parameterized/obj/x86_64-linux-ubuntu14/install/riscv64-unknown-elf-gcc-10.2.0-2020.12.8-x86_64-linux-ubuntu14 --with-pkgversion='SiFive GCC-Metal 10.2.0-2020.12.8' --with-bugurl=https://github.com/sifive/freedom-tools/issues --disable-shared --disable-threads --enable-languages=c,c++ --enable-tls --with-newlib --with-sysroot=/scratch/jenkins/workspace/tpp-freedom-tools/tpp03--build-binary-packages--parameterized/obj/x86_64-linux-ubuntu14/install/riscv64-unknown-elf-gcc-10.2.0-2020.12.8-x86_64-linux-ubuntu14/riscv64-unknown-elf --with-native-system-header-dir=/include --disable-libmudflap --disable-libssp --disable-libquadmath --disable-libgomp --disable-nls --disable-tm-clone-registry --src=../riscv-gcc --with-system-zlib --enable-checking=yes --enable-multilib --with-abi=lp64d --with-arch=rv64imafdc CFLAGS=-O2 CXXFLAGS=-O2 'CFLAGS_FOR_TARGET=-Os -mcmodel=medany' 'CXXFLAGS_FOR_TARGET=-Os -mcmodel=medany'
Thread model: single
Supported LTO compression algorithms: zlib
gcc version 10.2.0 (SiFive GCC-Metal 10.2.0-2020.12.8) 
COLLECT_GCC_OPTIONS='-march=rv32imac' '-mabi=ilp32' '-mno-relax' '-std=c11' '-fno-builtin' '-fdata-sections' '-ffunction-sections' '-Wall' '-Wextra' '-Wno-pedantic' '-v' '-o' 'CMakeFiles/cmTC_8235b.dir/CMakeCCompilerABI.c.obj' '-c' '-march=rv32imac'
 /home/tselvam/build_tools/riscv64-unknown-elf-toolchain-10.2.0-2020.12.8-x86_64-linux-ubuntu14/bin/../libexec/gcc/riscv64-unknown-elf/10.2.0/cc1 -quiet -v -imultilib rv32imac/ilp32 -iprefix /home/tselvam/build_tools/riscv64-unknown-elf-toolchain-10.2.0-2020.12.8-x86_64-linux-ubuntu14/bin/../lib/gcc/riscv64-unknown-elf/10.2.0/ -isysroot /home/tselvam/build_tools/riscv64-unknown-elf-toolchain-10.2.0-2020.12.8-x86_64-linux-ubuntu14/bin/../riscv64-unknown-elf /usr/share/cmake-3.22/Modules/CMakeCCompilerABI.c -quiet -dumpbase CMakeCCompilerABI.c -march=rv32imac -mabi=ilp32 -mno-relax -march=rv32imac -auxbase-strip CMakeFiles/cmTC_8235b.dir/CMakeCCompilerABI.c.obj -Wall -Wextra -Wno-pedantic -std=c11 -version -fno-builtin -fdata-sections -ffunction-sections -o /tmp/ccxGYKe6.s
GNU C11 (SiFive GCC-Metal 10.2.0-2020.12.8) version 10.2.0 (riscv64-unknown-elf)
	compiled by GNU C version 5.4.0 20160609, GMP version 6.1.0, MPFR version 3.1.4, MPC version 1.0.3, isl version isl-0.18-GMP

GGC heuristics: --param ggc-min-expand=30 --param ggc-min-heapsize=4096
ignoring duplicate directory "/home/tselvam/build_tools/riscv64-unknown-elf-toolchain-10.2.0-2020.12.8-x86_64-linux-ubuntu14/bin/../lib/gcc/../../lib/gcc/riscv64-unknown-elf/10.2.0/include"
ignoring nonexistent directory "/home/tselvam/build_tools/riscv64-unknown-elf-toolchain-10.2.0-2020.12.8-x86_64-linux-ubuntu14/bin/../riscv64-unknown-elf/usr/local/include"
ignoring duplicate directory "/home/tselvam/build_tools/riscv64-unknown-elf-toolchain-10.2.0-2020.12.8-x86_64-linux-ubuntu14/bin/../lib/gcc/../../lib/gcc/riscv64-unknown-elf/10.2.0/include-fixed"
ignoring duplicate directory "/home/tselvam/build_tools/riscv64-unknown-elf-toolchain-10.2.0-2020.12.8-x86_64-linux-ubuntu14/bin/../lib/gcc/../../lib/gcc/riscv64-unknown-elf/10.2.0/../../../../riscv64-unknown-elf/include"
ignoring duplicate directory "/home/tselvam/build_tools/riscv64-unknown-elf-toolchain-10.2.0-2020.12.8-x86_64-linux-ubuntu14/bin/../riscv64-unknown-elf/include"
#include "..." search starts here:
#include <...> search starts here:
 /home/tselvam/build_tools/riscv64-unknown-elf-toolchain-10.2.0-2020.12.8-x86_64-linux-ubuntu14/bin/../lib/gcc/riscv64-unknown-elf/10.2.0/include
 /home/tselvam/build_tools/riscv64-unknown-elf-toolchain-10.2.0-2020.12.8-x86_64-linux-ubuntu14/bin/../lib/gcc/riscv64-unknown-elf/10.2.0/include-fixed
 /home/tselvam/build_tools/riscv64-unknown-elf-toolchain-10.2.0-2020.12.8-x86_64-linux-ubuntu14/bin/../lib/gcc/riscv64-unknown-elf/10.2.0/../../../../riscv64-unknown-elf/include
End of search list.
GNU C11 (SiFive GCC-Metal 10.2.0-2020.12.8) version 10.2.0 (riscv64-unknown-elf)
	compiled by GNU C version 5.4.0 20160609, GMP version 6.1.0, MPFR version 3.1.4, MPC version 1.0.3, isl version isl-0.18-GMP

GGC heuristics: --param ggc-min-expand=30 --param ggc-min-heapsize=4096
Compiler executable checksum: 60d252ed314f9b710cd503352129ad1f
COLLECT_GCC_OPTIONS='-march=rv32imac' '-mabi=ilp32' '-mno-relax' '-std=c11' '-fno-builtin' '-fdata-sections' '-ffunction-sections' '-Wall' '-Wextra' '-Wno-pedantic' '-v' '-o' 'CMakeFiles/cmTC_8235b.dir/CMakeCCompilerABI.c.obj' '-c' '-march=rv32imac'
 /home/tselvam/build_tools/riscv64-unknown-elf-toolchain-10.2.0-2020.12.8-x86_64-linux-ubuntu14/bin/../lib/gcc/riscv64-unknown-elf/10.2.0/../../../../riscv64-unknown-elf/bin/as -v --traditional-format -march=rv32imac -march=rv32imac -mabi=ilp32 -o CMakeFiles/cmTC_8235b.dir/CMakeCCompilerABI.c.obj /tmp/ccxGYKe6.s
GNU assembler version 2.35 (riscv64-unknown-elf) using BFD version (SiFive Binutils-Metal 2.35.0-2020.12.8) 2.35
COMPILER_PATH=/home/tselvam/build_tools/riscv64-unknown-elf-toolchain-10.2.0-2020.12.8-x86_64-linux-ubuntu14/bin/../libexec/gcc/riscv64-unknown-elf/10.2.0/:/home/tselvam/build_tools/riscv64-unknown-elf-toolchain-10.2.0-2020.12.8-x86_64-linux-ubuntu14/bin/../libexec/gcc/:/home/tselvam/build_tools/riscv64-unknown-elf-toolchain-10.2.0-2020.12.8-x86_64-linux-ubuntu14/bin/../lib/gcc/riscv64-unknown-elf/10.2.0/../../../../riscv64-unknown-elf/bin/
LIBRARY_PATH=/home/tselvam/build_tools/riscv64-unknown-elf-toolchain-10.2.0-2020.12.8-x86_64-linux-ubuntu14/bin/../lib/gcc/riscv64-unknown-elf/10.2.0/rv32imac/ilp32/:/home/tselvam/build_tools/riscv64-unknown-elf-toolchain-10.2.0-2020.12.8-x86_64-linux-ubuntu14/bin/../lib/gcc/riscv64-unknown-elf/10.2.0/../../../../riscv64-unknown-elf/lib/rv32imac/ilp32/:/home/tselvam/build_tools/riscv64-unknown-elf-toolchain-10.2.0-2020.12.8-x86_64-linux-ubuntu14/bin/../riscv64-unknown-elf/lib/rv32imac/ilp32/:/home/tselvam/build_tools/riscv64-unknown-elf-toolchain-10.2.0-2020.12.8-x86_64-linux-ubuntu14/bin/../lib/gcc/riscv64-unknown-elf/10.2.0/:/home/tselvam/build_tools/riscv64-unknown-elf-toolchain-10.2.0-2020.12.8-x86_64-linux-ubuntu14/bin/../lib/gcc/:/home/tselvam/build_tools/riscv64-unknown-elf-toolchain-10.2.0-2020.12.8-x86_64-linux-ubuntu14/bin/../lib/gcc/riscv64-unknown-elf/10.2.0/../../../../riscv64-unknown-elf/lib/:/home/tselvam/build_tools/riscv64-unknown-elf-toolchain-10.2.0-2020.12.8-x86_64-linux-ubuntu14/bin/../riscv64-unknown-elf/lib/
COLLECT_GCC_OPTIONS='-march=rv32imac' '-mabi=ilp32' '-mno-relax' '-std=c11' '-fno-builtin' '-fdata-sections' '-ffunction-sections' '-Wall' '-Wextra' '-Wno-pedantic' '-v' '-o' 'CMakeFiles/cmTC_8235b.dir/CMakeCCompilerABI.c.obj' '-c' '-march=rv32imac'
[2/2] Linking C static library libcmTC_8235b.a



Parsed C implicit include dir info from above output: rv=done
  found start of include info
  found start of implicit include info
    add: [/home/tselvam/build_tools/riscv64-unknown-elf-toolchain-10.2.0-2020.12.8-x86_64-linux-ubuntu14/bin/../lib/gcc/riscv64-unknown-elf/10.2.0/include]
    add: [/home/tselvam/build_tools/riscv64-unknown-elf-toolchain-10.2.0-2020.12.8-x86_64-linux-ubuntu14/bin/../lib/gcc/riscv64-unknown-elf/10.2.0/include-fixed]
    add: [/home/tselvam/build_tools/riscv64-unknown-elf-toolchain-10.2.0-2020.12.8-x86_64-linux-ubuntu14/bin/../lib/gcc/riscv64-unknown-elf/10.2.0/../../../../riscv64-unknown-elf/include]
  end of search list found
  collapse include dir [/home/tselvam/build_tools/riscv64-unknown-elf-toolchain-10.2.0-2020.12.8-x86_64-linux-ubuntu14/bin/../lib/gcc/riscv64-unknown-elf/10.2.0/include] ==> [/home/tselvam/build_tools/riscv64-unknown-elf-toolchain-10.2.0-2020.12.8-x86_64-linux-ubuntu14/lib/gcc/riscv64-unknown-elf/10.2.0/include]
  collapse include dir [/home/tselvam/build_tools/riscv64-unknown-elf-toolchain-10.2.0-2020.12.8-x86_64-linux-ubuntu14/bin/../lib/gcc/riscv64-unknown-elf/10.2.0/include-fixed] ==> [/home/tselvam/build_tools/riscv64-unknown-elf-toolchain-10.2.0-2020.12.8-x86_64-linux-ubuntu14/lib/gcc/riscv64-unknown-elf/10.2.0/include-fixed]
  collapse include dir [/home/tselvam/build_tools/riscv64-unknown-elf-toolchain-10.2.0-2020.12.8-x86_64-linux-ubuntu14/bin/../lib/gcc/riscv64-unknown-elf/10.2.0/../../../../riscv64-unknown-elf/include] ==> [/home/tselvam/build_tools/riscv64-unknown-elf-toolchain-10.2.0-2020.12.8-x86_64-linux-ubuntu14/riscv64-unknown-elf/include]
  implicit include dirs: [/home/tselvam/build_tools/riscv64-unknown-elf-toolchain-10.2.0-2020.12.8-x86_64-linux-ubuntu14/lib/gcc/riscv64-unknown-elf/10.2.0/include;/home/tselvam/build_tools/riscv64-unknown-elf-toolchain-10.2.0-2020.12.8-x86_64-linux-ubuntu14/lib/gcc/riscv64-unknown-elf/10.2.0/include-fixed;/home/tselvam/build_tools/riscv64-unknown-elf-toolchain-10.2.0-2020.12.8-x86_64-linux-ubuntu14/riscv64-unknown-elf/include]


Parsed C implicit link information from above output:
  link line regex: [^( *|.*[/\])(riscv64-unknown-elf-ld|CMAKE_LINK_STARTFILE-NOTFOUND|([^/\]+-)?ld|collect2)[^/\]*( |$)]
  ignore line: [Change Dir: /home/tselvam/oss-release/azihsm-fw/projects/microsoft/hsp/manticore/sp/build-prod/CMakeFiles/CMakeTmp]
  ignore line: []
  ignore line: [Run Build Command(s):/usr/bin/ninja cmTC_8235b && [1/2] Building C object CMakeFiles/cmTC_8235b.dir/CMakeCCompilerABI.c.obj]
  ignore line: [Using built-in specs.]
  ignore line: [COLLECT_GCC=/home/tselvam/build_tools/riscv64-unknown-elf-toolchain-10.2.0-2020.12.8-x86_64-linux-ubuntu14/bin/riscv64-unknown-elf-gcc]
  ignore line: [Target: riscv64-unknown-elf]
  ignore line: [Configured with: /scratch/jenkins/workspace/tpp-freedom-tools/tpp03--build-binary-packages--parameterized/obj/x86_64-linux-ubuntu14/build/riscv64-unknown-elf-gcc/riscv-gcc/configure --target=riscv64-unknown-elf --host=x86_64-linux-gnu --prefix=/scratch/jenkins/workspace/tpp-freedom-tools/tpp03--build-binary-packages--parameterized/obj/x86_64-linux-ubuntu14/install/riscv64-unknown-elf-gcc-10.2.0-2020.12.8-x86_64-linux-ubuntu14 --with-pkgversion='SiFive GCC-Metal 10.2.0-2020.12.8' --with-bugurl=https://github.com/sifive/freedom-tools/issues --disable-shared --disable-threads --enable-languages=c c++ --enable-tls --with-newlib --with-sysroot=/scratch/jenkins/workspace/tpp-freedom-tools/tpp03--build-binary-packages--parameterized/obj/x86_64-linux-ubuntu14/install/riscv64-unknown-elf-gcc-10.2.0-2020.12.8-x86_64-linux-ubuntu14/riscv64-unknown-elf --with-native-system-header-dir=/include --disable-libmudflap --disable-libssp --disable-libquadmath --disable-libgomp --disable-nls --disable-tm-clone-registry --src=../riscv-gcc --with-system-zlib --enable-checking=yes --enable-multilib --with-abi=lp64d --with-arch=rv64imafdc CFLAGS=-O2 CXXFLAGS=-O2 'CFLAGS_FOR_TARGET=-Os -mcmodel=medany' 'CXXFLAGS_FOR_TARGET=-Os -mcmodel=medany']
  ignore line: [Thread model: single]
  ignore line: [Supported LTO compression algorithms: zlib]
  ignore line: [gcc version 10.2.0 (SiFive GCC-Metal 10.2.0-2020.12.8) ]
  ignore line: [COLLECT_GCC_OPTIONS='-march=rv32imac' '-mabi=ilp32' '-mno-relax' '-std=c11' '-fno-builtin' '-fdata-sections' '-ffunction-sections' '-Wall' '-Wextra' '-Wno-pedantic' '-v' '-o' 'CMakeFiles/cmTC_8235b.dir/CMakeCCompilerABI.c.obj' '-c' '-march=rv32imac']
  ignore line: [ /home/tselvam/build_tools/riscv64-unknown-elf-toolchain-10.2.0-2020.12.8-x86_64-linux-ubuntu14/bin/../libexec/gcc/riscv64-unknown-elf/10.2.0/cc1 -quiet -v -imultilib rv32imac/ilp32 -iprefix /home/tselvam/build_tools/riscv64-unknown-elf-toolchain-10.2.0-2020.12.8-x86_64-linux-ubuntu14/bin/../lib/gcc/riscv64-unknown-elf/10.2.0/ -isysroot /home/tselvam/build_tools/riscv64-unknown-elf-toolchain-10.2.0-2020.12.8-x86_64-linux-ubuntu14/bin/../riscv64-unknown-elf /usr/share/cmake-3.22/Modules/CMakeCCompilerABI.c -quiet -dumpbase CMakeCCompilerABI.c -march=rv32imac -mabi=ilp32 -mno-relax -march=rv32imac -auxbase-strip CMakeFiles/cmTC_8235b.dir/CMakeCCompilerABI.c.obj -Wall -Wextra -Wno-pedantic -std=c11 -version -fno-builtin -fdata-sections -ffunction-sections -o /tmp/ccxGYKe6.s]
  ignore line: [GNU C11 (SiFive GCC-Metal 10.2.0-2020.12.8) version 10.2.0 (riscv64-unknown-elf)]
  ignore line: [	compiled by GNU C version 5.4.0 20160609  GMP version 6.1.0  MPFR version 3.1.4  MPC version 1.0.3  isl version isl-0.18-GMP]
  ignore line: []
  ignore line: [GGC heuristics: --param ggc-min-expand=30 --param ggc-min-heapsize=4096]
  ignore line: [ignoring duplicate directory "/home/tselvam/build_tools/riscv64-unknown-elf-toolchain-10.2.0-2020.12.8-x86_64-linux-ubuntu14/bin/../lib/gcc/../../lib/gcc/riscv64-unknown-elf/10.2.0/include"]
  ignore line: [ignoring nonexistent directory "/home/tselvam/build_tools/riscv64-unknown-elf-toolchain-10.2.0-2020.12.8-x86_64-linux-ubuntu14/bin/../riscv64-unknown-elf/usr/local/include"]
  ignore line: [ignoring duplicate directory "/home/tselvam/build_tools/riscv64-unknown-elf-toolchain-10.2.0-2020.12.8-x86_64-linux-ubuntu14/bin/../lib/gcc/../../lib/gcc/riscv64-unknown-elf/10.2.0/include-fixed"]
  ignore line: [ignoring duplicate directory "/home/tselvam/build_tools/riscv64-unknown-elf-toolchain-10.2.0-2020.12.8-x86_64-linux-ubuntu14/bin/../lib/gcc/../../lib/gcc/riscv64-unknown-elf/10.2.0/../../../../riscv64-unknown-elf/include"]
  ignore line: [ignoring duplicate directory "/home/tselvam/build_tools/riscv64-unknown-elf-toolchain-10.2.0-2020.12.8-x86_64-linux-ubuntu14/bin/../riscv64-unknown-elf/include"]
  ignore line: [#include "..." search starts here:]
  ignore line: [#include <...> search starts here:]
  ignore line: [ /home/tselvam/build_tools/riscv64-unknown-elf-toolchain-10.2.0-2020.12.8-x86_64-linux-ubuntu14/bin/../lib/gcc/riscv64-unknown-elf/10.2.0/include]
  ignore line: [ /home/tselvam/build_tools/riscv64-unknown-elf-toolchain-10.2.0-2020.12.8-x86_64-linux-ubuntu14/bin/../lib/gcc/riscv64-unknown-elf/10.2.0/include-fixed]
  ignore line: [ /home/tselvam/build_tools/riscv64-unknown-elf-toolchain-10.2.0-2020.12.8-x86_64-linux-ubuntu14/bin/../lib/gcc/riscv64-unknown-elf/10.2.0/../../../../riscv64-unknown-elf/include]
  ignore line: [End of search list.]
  ignore line: [GNU C11 (SiFive GCC-Metal 10.2.0-2020.12.8) version 10.2.0 (riscv64-unknown-elf)]
  ignore line: [	compiled by GNU C version 5.4.0 20160609  GMP version 6.1.0  MPFR version 3.1.4  MPC version 1.0.3  isl version isl-0.18-GMP]
  ignore line: []
  ignore line: [GGC heuristics: --param ggc-min-expand=30 --param ggc-min-heapsize=4096]
  ignore line: [Compiler executable checksum: 60d252ed314f9b710cd503352129ad1f]
  ignore line: [COLLECT_GCC_OPTIONS='-march=rv32imac' '-mabi=ilp32' '-mno-relax' '-std=c11' '-fno-builtin' '-fdata-sections' '-ffunction-sections' '-Wall' '-Wextra' '-Wno-pedantic' '-v' '-o' 'CMakeFiles/cmTC_8235b.dir/CMakeCCompilerABI.c.obj' '-c' '-march=rv32imac']
  ignore line: [ /home/tselvam/build_tools/riscv64-unknown-elf-toolchain-10.2.0-2020.12.8-x86_64-linux-ubuntu14/bin/../lib/gcc/riscv64-unknown-elf/10.2.0/../../../../riscv64-unknown-elf/bin/as -v --traditional-format -march=rv32imac -march=rv32imac -mabi=ilp32 -o CMakeFiles/cmTC_8235b.dir/CMakeCCompilerABI.c.obj /tmp/ccxGYKe6.s]
  ignore line: [GNU assembler version 2.35 (riscv64-unknown-elf) using BFD version (SiFive Binutils-Metal 2.35.0-2020.12.8) 2.35]
  ignore line: [COMPILER_PATH=/home/tselvam/build_tools/riscv64-unknown-elf-toolchain-10.2.0-2020.12.8-x86_64-linux-ubuntu14/bin/../libexec/gcc/riscv64-unknown-elf/10.2.0/:/home/tselvam/build_tools/riscv64-unknown-elf-toolchain-10.2.0-2020.12.8-x86_64-linux-ubuntu14/bin/../libexec/gcc/:/home/tselvam/build_tools/riscv64-unknown-elf-toolchain-10.2.0-2020.12.8-x86_64-linux-ubuntu14/bin/../lib/gcc/riscv64-unknown-elf/10.2.0/../../../../riscv64-unknown-elf/bin/]
  ignore line: [LIBRARY_PATH=/home/tselvam/build_tools/riscv64-unknown-elf-toolchain-10.2.0-2020.12.8-x86_64-linux-ubuntu14/bin/../lib/gcc/riscv64-unknown-elf/10.2.0/rv32imac/ilp32/:/home/tselvam/build_tools/riscv64-unknown-elf-toolchain-10.2.0-2020.12.8-x86_64-linux-ubuntu14/bin/../lib/gcc/riscv64-unknown-elf/10.2.0/../../../../riscv64-unknown-elf/lib/rv32imac/ilp32/:/home/tselvam/build_tools/riscv64-unknown-elf-toolchain-10.2.0-2020.12.8-x86_64-linux-ubuntu14/bin/../riscv64-unknown-elf/lib/rv32imac/ilp32/:/home/tselvam/build_tools/riscv64-unknown-elf-toolchain-10.2.0-2020.12.8-x86_64-linux-ubuntu14/bin/../lib/gcc/riscv64-unknown-elf/10.2.0/:/home/tselvam/build_tools/riscv64-unknown-elf-toolchain-10.2.0-2020.12.8-x86_64-linux-ubuntu14/bin/../lib/gcc/:/home/tselvam/build_tools/riscv64-unknown-elf-toolchain-10.2.0-2020.12.8-x86_64-linux-ubuntu14/bin/../lib/gcc/riscv64-unknown-elf/10.2.0/../../../../riscv64-unknown-elf/lib/:/home/tselvam/build_tools/riscv64-unknown-elf-toolchain-10.2.0-2020.12.8-x86_64-linux-ubuntu14/bin/../riscv64-unknown-elf/lib/]
  ignore line: [COLLECT_GCC_OPTIONS='-march=rv32imac' '-mabi=ilp32' '-mno-relax' '-std=c11' '-fno-builtin' '-fdata-sections' '-ffunction-sections' '-Wall' '-Wextra' '-Wno-pedantic' '-v' '-o' 'CMakeFiles/cmTC_8235b.dir/CMakeCCompilerABI.c.obj' '-c' '-march=rv32imac']
  ignore line: [[2/2] Linking C static library libcmTC_8235b.a]
  ignore line: []
  ignore line: []
  implicit libs: []
  implicit objs: []
  implicit dirs: []
  implicit fwks: []


